segment_a_price_change,segment_b_price_change,portfolio_acceptance,accepted_revenue,accepted_gross_loss,cost,expected_profit
-1.000000000000000056e-01,-1.000000000000000056e-01,8.752656146334563125e-01,7.502266673413546414e+02,6.058776591285615041e+02,-1.443490082127931657e+02,1.443490082127931657e+02
-9.333333333333333759e-02,-1.000000000000000056e-01,8.726818893939526367e-01,7.514036145162822322e+02,6.040173769561188237e+02,-1.473862375601634369e+02,1.473862375601634369e+02
-8.666666666666666963e-02,-1.000000000000000056e-01,8.699838898676922616e-01,7.524417415061120664e+02,6.020748172972114389e+02,-1.503669242089007128e+02,1.503669242089007128e+02
-8.000000000000000167e-02,-1.000000000000000056e-01,8.671679597560463248e-01,7.533353990303703540e+02,6.000473476168263005e+02,-1.532880514135440251e+02,1.532880514135440251e+02
-7.333333333333333370e-02,-1.000000000000000056e-01,8.642304662358075706e-01,7.540788620611772330e+02,5.979323522822544419e+02,-1.561465097789228480e+02,1.561465097789228480e+02
-6.666666666666667962e-02,-1.000000000000000056e-01,8.611678167429485109e-01,7.546663462706021619e+02,5.957272446473958780e+02,-1.589391016232062839e+02,1.589391016232062839e+02
-6.000000000000000472e-02,-1.000000000000000056e-01,8.579764771953608538e-01,7.550920265020106399e+02,5.934294801731327880e+02,-1.616625463288778235e+02,1.616625463288778235e+02
-5.333333333333333676e-02,-1.000000000000000056e-01,8.546529916628149426e-01,7.553500573403574663e+02,5.910365705896997497e+02,-1.643134867506577166e+02,1.643134867506577166e+02
-4.666666666666666879e-02,-1.000000000000000056e-01,8.511940034763132434e-01,7.554345958414992310e+02,5.885460990954185263e+02,-1.668884967460806763e+02,1.668884967460806763e+02
-4.000000000000000083e-02,-1.000000000000000056e-01,8.475962777506255152e-01,7.553398264625355978e+02,5.859557365729233425e+02,-1.693840898896122837e+02,1.693840898896122837e+02
-3.333333333333333981e-02,-1.000000000000000056e-01,8.438567252731075108e-01,7.550599882137935310e+02,5.832632587891102958e+02,-1.717967294246832068e+02,1.717967294246832068e+02
-2.666666666666667185e-02,-1.000000000000000056e-01,8.399724276889007912e-01,7.545894040281743855e+02,5.804665645284815128e+02,-1.741228394996928444e+02,1.741228394996928444e+02
-2.000000000000000389e-02,-1.000000000000000056e-01,8.359406638874156137e-01,7.539225123151661592e+02,5.775636945914121725e+02,-1.763588177237539298e+02,1.763588177237539298e+02
-1.333333333333333592e-02,-1.000000000000000056e-01,8.317589374677440972e-01,7.530539006348610656e+02,5.745528515692487872e+02,-1.785010490656122499e+02,1.785010490656122499e+02
-6.666666666666667962e-03,-1.000000000000000056e-01,8.274250051315962251e-01,7.519783413919268469e+02,5.714324202872222713e+02,-1.805459211047046040e+02,1.805459211047046040e+02
0.000000000000000000e+00,-1.000000000000000056e-01,8.229369058218147792e-01,7.506908294108773134e+02,5.682009887841795717e+02,-1.824898406266977133e+02,1.824898406266977133e+02
6.666666666666667962e-03,-1.000000000000000056e-01,8.182929903929336835e-01,7.491866212124702997e+02,5.648573696753852573e+02,-1.843292515370851561e+02,1.843292515370851561e+02
1.333333333333333592e-02,-1.000000000000000056e-01,8.134919515681260371e-01,7.474612757671394547e+02,5.614006217215237484e+02,-1.860606540456157347e+02,1.860606540456157347e+02
2.000000000000000389e-02,-1.000000000000000056e-01,8.085328539048539653e-01,7.455106964555773175e+02,5.578300714039678496e+02,-1.876806250516094678e+02,1.876806250516094678e+02
2.666666666666667185e-02,-1.000000000000000056e-01,8.034151634603239334e-01,7.433311739197466750e+02,5.541453342839062088e+02,-1.891858396358404661e+02,1.891858396358404661e+02
3.333333333333332593e-02,-1.000000000000000056e-01,7.981387768182618414e-01,7.409194294405392611e+02,5.503463359016215009e+02,-1.905730935389177603e+02,1.905730935389177603e+02
4.000000000000000777e-02,-1.000000000000000056e-01,7.927040491114616394e-01,7.382726584321101200e+02,5.464333319527253252e+02,-1.918393264793847379e+02,1.918393264793847379e+02
4.666666666666666186e-02,-1.000000000000000056e-01,7.871118206509888360e-01,7.353885735987461203e+02,5.424069274611848641e+02,-1.929816461375612562e+02,1.929816461375612562e+02
5.333333333333334370e-02,-1.000000000000000056e-01,7.813634417538208865e-01,7.322654472592570301e+02,5.382680946552239902e+02,-1.939973526040330682e+02,1.939973526040330682e+02
5.999999999999999778e-02,-1.000000000000000056e-01,7.754607953471297499e-01,7.289021523077112761e+02,5.340181892424063790e+02,-1.948839630653048403e+02,1.948839630653048403e+02
6.666666666666667962e-02,-1.000000000000000056e-01,7.694063169203109176e-01,7.252982012492732338e+02,5.296589647750968197e+02,-1.956392364741764425e+02,1.956392364741764425e+02
7.333333333333333370e-02,-1.000000000000000056e-01,7.632030113962258167e-01,7.214537827274117490e+02,5.251925847977555577e+02,-1.962611979296562197e+02,1.962611979296562197e+02
8.000000000000001554e-02,-1.000000000000000056e-01,7.568544665017625794e-01,7.173697949452209741e+02,5.206216324737420109e+02,-1.967481624714789064e+02,1.967481624714789064e+02
8.666666666666666963e-02,-1.000000000000000056e-01,7.503648622354497366e-01,7.130478753803606651e+02,5.159491174019967730e+02,-1.970987579783638921e+02,1.970987579783638921e+02
9.333333333333335147e-02,-1.000000000000000056e-01,7.437389760569986796e-01,7.084904262013450307e+02,5.111784793535119888e+02,-1.973119468478330134e+02,1.973119468478330134e+02
1.000000000000000056e-01,-1.000000000000000056e-01,7.369821834605910782e-01,7.037006348135312237e+02,5.063135886840985904e+02,-1.973870461294326901e+02,1.973870461294326901e+02
1.066666666666666874e-01,-1.000000000000000056e-01,7.301004536404920309e-01,6.986824889968802381e+02,5.013587432136272355e+02,-1.973237457832529458e+02,1.973237457832529458e+02
1.133333333333333415e-01,-1.000000000000000056e-01,7.231003400138917847e-01,6.934407861447230061e+02,4.963186614024750725e+02,-1.971221247422479905e+02,1.971221247422479905e+02
1.199999999999999956e-01,-1.000000000000000056e-01,7.159889654311565321e-01,6.879811361733400190e+02,4.911984717029056355e+02,-1.967826644704344119e+02,1.967826644704344119e+02
1.266666666666666774e-01,-1.000000000000000056e-01,7.087740019769886990e-01,6.823099577457066971e+02,4.860036980159047744e+02,-1.963062597298018090e+02,1.963062597298018090e+02
1.333333333333333315e-01,-1.000000000000000056e-01,7.014636453460991738e-01,6.764344675383996446e+02,4.807402412416644211e+02,-1.956942262967352804e+02,1.956942262967352804e+02
1.400000000000000133e-01,-1.000000000000000056e-01,6.940665838623116812e-01,6.703626623770439892e+02,4.754143569733374193e+02,-1.949483054037065131e+02,1.949483054037065131e+02
1.466666666666666674e-01,-1.000000000000000056e-01,6.865919622987057824e-01,6.641032941710457180e+02,4.700326294475411260e+02,-1.940706647235045637e+02,1.940706647235045637e+02
1.533333333333333492e-01,-1.000000000000000056e-01,6.790493407463868980e-01,6.576658376905504610e+02,4.646019419298714865e+02,-1.930638957606789461e+02,1.930638957606789461e+02
1.600000000000000033e-01,-1.000000000000000056e-01,6.714486488684863197e-01,6.510604513450163040e+02,4.591294437777830808e+02,-1.919310075672331948e+02,1.919310075672331948e+02
1.666666666666666574e-01,-1.000000000000000056e-01,6.638001359616994002e-01,6.442979312407427415e+02,4.536225144848965556e+02,-1.906754167558462143e+02,1.906754167558462143e+02
1.733333333333333670e-01,-1.000000000000000056e-01,6.561143173277133034e-01,6.373896589111316189e+02,4.480887250684265837e+02,-1.893009338427050352e+02,1.893009338427050352e+02
1.800000000000000211e-01,-1.000000000000000056e-01,6.484019175289568171e-01,6.303475432253048893e+02,4.425357972133218141e+02,-1.878117460119830184e+02,1.878117460119830184e+02
1.866666666666666752e-01,-1.000000000000000056e-01,6.406738111651115730e-01,6.231839570849228949e+02,4.369715606313533272e+02,-1.862123964535695677e+02,1.862123964535695677e+02
1.933333333333333293e-01,-1.000000000000000056e-01,6.329409618569060703e-01,6.159116696127529167e+02,4.314039091294453101e+02,-1.845077604833075782e+02,1.845077604833075782e+02
2.000000000000000389e-01,-1.000000000000000056e-01,6.252143601603009637e-01,6.085437746170607625e+02,4.258407559078896156e+02,-1.827030187091710900e+02,1.827030187091710900e+02
2.066666666666666929e-01,-1.000000000000000056e-01,6.175049611561749252e-01,6.010936161810052454e+02,4.202899886249189194e+02,-1.808036275560863828e+02,1.808036275560863828e+02
2.133333333333333470e-01,-1.000000000000000056e-01,6.098236224673099226e-01,5.935747122740781379e+02,4.147594247689360714e+02,-1.788152875051419812e+02,1.788152875051419812e+02
2.200000000000000011e-01,-1.000000000000000056e-01,6.021810434456629224e-01,5.860006773119721402e+02,4.092567678733503271e+02,-1.767439094386218130e+02,1.767439094386218130e+02
2.266666666666666552e-01,-1.000000000000000056e-01,5.945877062488699183e-01,5.783851446013982240e+02,4.037895650916593127e+02,-1.745955795097389398e+02,1.745955795097389398e+02
2.333333333333333648e-01,-1.000000000000000056e-01,5.870538194864010073e-01,5.707416895972003203e+02,3.983651666226817269e+02,-1.723765229745186787e+02,1.723765229745186787e+02
2.400000000000000189e-01,-1.000000000000000056e-01,5.795892650639875576e-01,5.630837548711715499e+02,3.929906874385440005e+02,-1.700930674326275778e+02,1.700930674326275778e+02
2.466666666666666730e-01,-1.000000000000000056e-01,5.722035487914273189e-01,5.554245776463276343e+02,3.876729717223006446e+02,-1.677516059240269328e+02,1.677516059240269328e+02
2.533333333333332993e-01,-1.000000000000000056e-01,5.649057552455755138e-01,5.477771206886574191e+02,3.824185603692873201e+02,-1.653585603193700990e+02,1.653585603193700990e+02
2.600000000000000089e-01,-1.000000000000000056e-01,5.577045072993758179e-01,5.401540072726043036e+02,3.772336618480235302e+02,-1.629203454245806881e+02,1.629203454245806881e+02
2.666666666666667185e-01,-1.000000000000000056e-01,5.506079306414839447e-01,5.325674608491249273e+02,3.721241266543413531e+02,-1.604433341947834890e+02,1.604433341947834890e+02
2.733333333333333171e-01,-1.000000000000000056e-01,5.436236235217498658e-01,5.250292499487946998e+02,3.670954255281328642e+02,-1.579338244206618072e+02,1.579338244206618072e+02
2.800000000000000266e-01,-1.000000000000000056e-01,5.367586318678961854e-01,5.175506387498614913e+02,3.621526315373582747e+02,-1.553980072125033018e+02,1.553980072125033018e+02
2.866666666666667362e-01,-1.000000000000000056e-01,5.300194298303833040e-01,5.101423436352355338e+02,3.573004060703489699e+02,-1.528419375648865355e+02,1.528419375648865355e+02
2.933333333333333348e-01,-1.000000000000000056e-01,5.234119057277437648e-01,5.028144959558788969e+02,3.525429887164485194e+02,-1.502715072394304059e+02,1.502715072394304059e+02
2.999999999999999889e-01,-1.000000000000000056e-01,5.169413532854123527e-01,4.955766111135542360e+02,3.478841909579699063e+02,-1.476924201555843297e+02,1.476924201555843297e+02
-1.000000000000000056e-01,-9.333333333333333759e-02,8.727481515703401360e-01,7.502557773262176397e+02,6.042413081375359525e+02,-1.460144691886816872e+02,1.460144691886816872e+02
-9.333333333333333759e-02,-9.333333333333333759e-02,8.701644263308363492e-01,7.514327245011452305e+02,6.023810259650932721e+02,-1.490516985360519584e+02,1.490516985360519584e+02
-8.666666666666666963e-02,-9.333333333333333759e-02,8.674664268045759741e-01,7.524708514909750647e+02,6.004384663061858873e+02,-1.520323851847892342e+02,1.520323851847892342e+02
-8.000000000000000167e-02,-9.333333333333333759e-02,8.646504966929300373e-01,7.533645090152333523e+02,5.984109966258007489e+02,-1.549535123894325466e+02,1.549535123894325466e+02
-7.333333333333333370e-02,-9.333333333333333759e-02,8.617130031726913941e-01,7.541079720460402314e+02,5.962960012912288903e+02,-1.578119707548113695e+02,1.578119707548113695e+02
-6.666666666666667962e-02,-9.333333333333333759e-02,8.586503536798322234e-01,7.546954562554651602e+02,5.940908936563703264e+02,-1.606045625990948054e+02,1.606045625990948054e+02
-6.000000000000000472e-02,-9.333333333333333759e-02,8.554590141322446772e-01,7.551211364868736382e+02,5.917931291821072364e+02,-1.633280073047663450e+02,1.633280073047663450e+02
-5.333333333333333676e-02,-9.333333333333333759e-02,8.521355285996987661e-01,7.553791673252204646e+02,5.894002195986741981e+02,-1.659789477265462381e+02,1.659789477265462381e+02
-4.666666666666666879e-02,-9.333333333333333759e-02,8.486765404131970669e-01,7.554637058263622293e+02,5.869097481043929747e+02,-1.685539577219691978e+02,1.685539577219691978e+02
-4.000000000000000083e-02,-9.333333333333333759e-02,8.450788146875092277e-01,7.553689364473985961e+02,5.843193855818977909e+02,-1.710495508655008052e+02,1.710495508655008052e+02
-3.333333333333333981e-02,-9.333333333333333759e-02,8.413392622099912233e-01,7.550890981986565293e+02,5.816269077980847442e+02,-1.734621904005717283e+02,1.734621904005717283e+02
-2.666666666666667185e-02,-9.333333333333333759e-02,8.374549646257845037e-01,7.546185140130373838e+02,5.788302135374559612e+02,-1.757883004755813658e+02,1.757883004755813658e+02
-2.000000000000000389e-02,-9.333333333333333759e-02,8.334232008242994372e-01,7.539516223000291575e+02,5.759273436003866209e+02,-1.780242786996424513e+02,1.780242786996424513e+02
-1.333333333333333592e-02,-9.333333333333333759e-02,8.292414744046279207e-01,7.530830106197240639e+02,5.729165005782232356e+02,-1.801665100415007714e+02,1.801665100415007714e+02
-6.666666666666667962e-03,-9.333333333333333759e-02,8.249075420684799376e-01,7.520074513767898452e+02,5.697960692961967197e+02,-1.822113820805931255e+02,1.822113820805931255e+02
0.000000000000000000e+00,-9.333333333333333759e-02,8.204194427586986027e-01,7.507199393957403117e+02,5.665646377931540201e+02,-1.841553016025862348e+02,1.841553016025862348e+02
6.666666666666667962e-03,-9.333333333333333759e-02,8.157755273298175069e-01,7.492157311973332980e+02,5.632210186843597057e+02,-1.859947125129736776e+02,1.859947125129736776e+02
1.333333333333333592e-02,-9.333333333333333759e-02,8.109744885050098606e-01,7.474903857520024530e+02,5.597642707304981968e+02,-1.877261150215042562e+02,1.877261150215042562e+02
2.000000000000000389e-02,-9.333333333333333759e-02,8.060153908417377888e-01,7.455398064404403158e+02,5.561937204129422980e+02,-1.893460860274979893e+02,1.893460860274979893e+02
2.666666666666667185e-02,-9.333333333333333759e-02,8.008977003972077569e-01,7.433602839046096733e+02,5.525089832928806572e+02,-1.908513006117289876e+02,1.908513006117289876e+02
3.333333333333332593e-02,-9.333333333333333759e-02,7.956213137551455539e-01,7.409485394254022594e+02,5.487099849105959493e+02,-1.922385545148062818e+02,1.922385545148062818e+02
4.000000000000000777e-02,-9.333333333333333759e-02,7.901865860483454629e-01,7.383017684169731183e+02,5.447969809616997736e+02,-1.935047874552732594e+02,1.935047874552732594e+02
4.666666666666666186e-02,-9.333333333333333759e-02,7.845943575878725484e-01,7.354176835836091186e+02,5.407705764701593125e+02,-1.946471071134497777e+02,1.946471071134497777e+02
5.333333333333334370e-02,-9.333333333333333759e-02,7.788459786907047100e-01,7.322945572441200284e+02,5.366317436641984386e+02,-1.956628135799215897e+02,1.956628135799215897e+02
5.999999999999999778e-02,-9.333333333333333759e-02,7.729433322840135734e-01,7.289312622925742744e+02,5.323818382513808274e+02,-1.965494240411933617e+02,1.965494240411933617e+02
6.666666666666667962e-02,-9.333333333333333759e-02,7.668888538571947411e-01,7.253273112341362321e+02,5.280226137840712681e+02,-1.973046974500649640e+02,1.973046974500649640e+02
7.333333333333333370e-02,-9.333333333333333759e-02,7.606855483331095291e-01,7.214828927122747473e+02,5.235562338067300061e+02,-1.979266589055447412e+02,1.979266589055447412e+02
8.000000000000001554e-02,-9.333333333333333759e-02,7.543370034386462919e-01,7.173989049300839724e+02,5.189852814827164593e+02,-1.984136234473674278e+02,1.984136234473674278e+02
8.666666666666666963e-02,-9.333333333333333759e-02,7.478473991723335601e-01,7.130769853652236634e+02,5.143127664109712214e+02,-1.987642189542524136e+02,1.987642189542524136e+02
9.333333333333335147e-02,-9.333333333333333759e-02,7.412215129938823921e-01,7.085195361862080290e+02,5.095421283624864373e+02,-1.989774078237215349e+02,1.989774078237215349e+02
1.000000000000000056e-01,-9.333333333333333759e-02,7.344647203974747907e-01,7.037297447983942220e+02,5.046772376930730388e+02,-1.990525071053212116e+02,1.990525071053212116e+02
1.066666666666666874e-01,-9.333333333333333759e-02,7.275829905773758544e-01,6.987115989817432364e+02,4.997223922226016839e+02,-1.989892067591414673e+02,1.989892067591414673e+02
1.133333333333333415e-01,-9.333333333333333759e-02,7.205828769507756082e-01,6.934698961295860045e+02,4.946823104114495209e+02,-1.987875857181365120e+02,1.987875857181365120e+02
1.199999999999999956e-01,-9.333333333333333759e-02,7.134715023680402446e-01,6.880102461582030173e+02,4.895621207118800839e+02,-1.984481254463229334e+02,1.984481254463229334e+02
1.266666666666666774e-01,-9.333333333333333759e-02,7.062565389138724115e-01,6.823390677305696954e+02,4.843673470248792228e+02,-1.979717207056903305e+02,1.979717207056903305e+02
1.333333333333333315e-01,-9.333333333333333759e-02,6.989461822829829973e-01,6.764635775232626429e+02,4.791038902506388695e+02,-1.973596872726238018e+02,1.973596872726238018e+02
1.400000000000000133e-01,-9.333333333333333759e-02,6.915491207991955047e-01,6.703917723619069875e+02,4.737780059823118677e+02,-1.966137663795950346e+02,1.966137663795950346e+02
1.466666666666666674e-01,-9.333333333333333759e-02,6.840744992355896059e-01,6.641324041559087163e+02,4.683962784565155744e+02,-1.957361256993930851e+02,1.957361256993930851e+02
1.533333333333333492e-01,-9.333333333333333759e-02,6.765318776832707215e-01,6.576949476754134594e+02,4.629655909388459349e+02,-1.947293567365674676e+02,1.947293567365674676e+02
1.600000000000000033e-01,-9.333333333333333759e-02,6.689311858053701432e-01,6.510895613298793023e+02,4.574930927867575292e+02,-1.935964685431217163e+02,1.935964685431217163e+02
1.666666666666666574e-01,-9.333333333333333759e-02,6.612826728985832236e-01,6.443270412256057398e+02,4.519861634938710040e+02,-1.923408777317347358e+02,1.923408777317347358e+02
1.733333333333333670e-01,-9.333333333333333759e-02,6.535968542645971269e-01,6.374187688959946172e+02,4.464523740774010321e+02,-1.909663948185935567e+02,1.909663948185935567e+02
1.800000000000000211e-01,-9.333333333333333759e-02,6.458844544658405296e-01,6.303766532101678877e+02,4.408994462222962625e+02,-1.894772069878715399e+02,1.894772069878715399e+02
1.866666666666666752e-01,-9.333333333333333759e-02,6.381563481019953965e-01,6.232130670697858932e+02,4.353352096403277756e+02,-1.878778574294580892e+02,1.878778574294580892e+02
1.933333333333333293e-01,-9.333333333333333759e-02,6.304234987937897827e-01,6.159407795976159150e+02,4.297675581384197585e+02,-1.861732214591960997e+02,1.861732214591960997e+02
2.000000000000000389e-01,-9.333333333333333759e-02,6.226968970971846762e-01,6.085728846019237608e+02,4.242044049168640640e+02,-1.843684796850596115e+02,1.843684796850596115e+02
2.066666666666666929e-01,-9.333333333333333759e-02,6.149874980930587487e-01,6.011227261658682437e+02,4.186536376338933678e+02,-1.824690885319749043e+02,1.824690885319749043e+02
2.133333333333333470e-01,-9.333333333333333759e-02,6.073061594041936351e-01,5.936038222589411362e+02,4.131230737779105198e+02,-1.804807484810305027e+02,1.804807484810305027e+02
2.200000000000000011e-01,-9.333333333333333759e-02,5.996635803825467459e-01,5.860297872968351385e+02,4.076204168823247755e+02,-1.784093704145103345e+02,1.784093704145103345e+02
2.266666666666666552e-01,-9.333333333333333759e-02,5.920702431857537418e-01,5.784142545862612224e+02,4.021532141006337611e+02,-1.762610404856274613e+02,1.762610404856274613e+02
2.333333333333333648e-01,-9.333333333333333759e-02,5.845363564232848308e-01,5.707707995820633187e+02,3.967288156316561754e+02,-1.740419839504072002e+02,1.740419839504072002e+02
2.400000000000000189e-01,-9.333333333333333759e-02,5.770718020008713811e-01,5.631128648560345482e+02,3.913543364475184489e+02,-1.717585284085160993e+02,1.717585284085160993e+02
2.466666666666666730e-01,-9.333333333333333759e-02,5.696860857283110313e-01,5.554536876311906326e+02,3.860366207312750930e+02,-1.694170668999154543e+02,1.694170668999154543e+02
2.533333333333332993e-01,-9.333333333333333759e-02,5.623882921824592263e-01,5.478062306735204174e+02,3.807822093782617685e+02,-1.670240212952586205e+02,1.670240212952586205e+02
2.600000000000000089e-01,-9.333333333333333759e-02,5.551870442362596414e-01,5.401831172574673019e+02,3.755973108569979786e+02,-1.645858064004692096e+02,1.645858064004692096e+02
2.666666666666667185e-01,-9.333333333333333759e-02,5.480904675783676572e-01,5.325965708339879257e+02,3.704877756633158015e+02,-1.621087951706720105e+02,1.621087951706720105e+02
2.733333333333333171e-01,-9.333333333333333759e-02,5.411061604586335783e-01,5.250583599336576981e+02,3.654590745371073126e+02,-1.595992853965503286e+02,1.595992853965503286e+02
2.800000000000000266e-01,-9.333333333333333759e-02,5.342411688047800089e-01,5.175797487347244896e+02,3.605162805463327231e+02,-1.570634681883918233e+02,1.570634681883918233e+02
2.866666666666667362e-01,-9.333333333333333759e-02,5.275019667672671275e-01,5.101714536200985322e+02,3.556640550793234183e+02,-1.545073985407750570e+02,1.545073985407750570e+02
2.933333333333333348e-01,-9.333333333333333759e-02,5.208944426646275883e-01,5.028436059407418952e+02,3.509066377254229678e+02,-1.519369682153189274e+02,1.519369682153189274e+02
2.999999999999999889e-01,-9.333333333333333759e-02,5.144238902222961762e-01,4.956057210984172343e+02,3.462478399669443547e+02,-1.493578811314728512e+02,1.493578811314728512e+02
-1.000000000000000056e-01,-8.666666666666666963e-02,8.701629968918598301e-01,7.502009430701515384e+02,6.025609575965238491e+02,-1.476399854736277177e+02,1.476399854736277177e+02
-9.333333333333333759e-02,-8.666666666666666963e-02,8.675792716523562653e-01,7.513778902450791293e+02,6.007006754240811688e+02,-1.506772148209979605e+02,1.506772148209979605e+02
-8.666666666666666963e-02,-8.666666666666666963e-02,8.648812721260958902e-01,7.524160172349089635e+02,5.987581157651736703e+02,-1.536579014697352648e+02,1.536579014697352648e+02
-8.000000000000000167e-02,-8.666666666666666963e-02,8.620653420144499535e-01,7.533096747591671374e+02,5.967306460847886456e+02,-1.565790286743785487e+02,1.565790286743785487e+02
-7.333333333333333370e-02,-8.666666666666666963e-02,8.591278484942110882e-01,7.540531377899741301e+02,5.946156507502166733e+02,-1.594374870397574000e+02,1.594374870397574000e+02
-6.666666666666667962e-02,-8.666666666666666963e-02,8.560651990013521395e-01,7.546406219993989453e+02,5.924105431153582231e+02,-1.622300788840408075e+02,1.622300788840408075e+02
-6.000000000000000472e-02,-8.666666666666666963e-02,8.528738594537643714e-01,7.550663022308074233e+02,5.901127786410950193e+02,-1.649535235897123755e+02,1.649535235897123755e+02
-5.333333333333333676e-02,-8.666666666666666963e-02,8.495503739212184602e-01,7.553243330691543633e+02,5.877198690576619811e+02,-1.676044640114922686e+02,1.676044640114922686e+02
-4.666666666666666879e-02,-8.666666666666666963e-02,8.460913857347167610e-01,7.554088715702960144e+02,5.852293975633808714e+02,-1.701794740069152283e+02,1.701794740069152283e+02
-4.000000000000000083e-02,-8.666666666666666963e-02,8.424936600090291439e-01,7.553141021913324948e+02,5.826390350408855738e+02,-1.726750671504468357e+02,1.726750671504468357e+02
-3.333333333333333981e-02,-8.666666666666666963e-02,8.387541075315110284e-01,7.550342639425903144e+02,5.799465572570726408e+02,-1.750877066855177588e+02,1.750877066855177588e+02
-2.666666666666667185e-02,-8.666666666666666963e-02,8.348698099473044199e-01,7.545636797569711689e+02,5.771498629964438578e+02,-1.774138167605273964e+02,1.774138167605273964e+02
-2.000000000000000389e-02,-8.666666666666666963e-02,8.308380461458191313e-01,7.538967880439629425e+02,5.742469930593745175e+02,-1.796497949845884818e+02,1.796497949845884818e+02
-1.333333333333333592e-02,-8.666666666666666963e-02,8.266563197261477258e-01,7.530281763636578489e+02,5.712361500372110186e+02,-1.817920263264467735e+02,1.817920263264467735e+02
-6.666666666666667962e-03,-8.666666666666666963e-02,8.223223873899998537e-01,7.519526171207237439e+02,5.681157187551846164e+02,-1.838368983655391276e+02,1.838368983655391276e+02
0.000000000000000000e+00,-8.666666666666666963e-02,8.178342880802182968e-01,7.506651051396740968e+02,5.648842872521419167e+02,-1.857808178875322369e+02,1.857808178875322369e+02
6.666666666666667962e-03,-8.666666666666666963e-02,8.131903726513373121e-01,7.491608969412671968e+02,5.615406681433476024e+02,-1.876202287979196797e+02,1.876202287979196797e+02
1.333333333333333592e-02,-8.666666666666666963e-02,8.083893338265296657e-01,7.474355514959363518e+02,5.580839201894859798e+02,-1.893516313064502583e+02,1.893516313064502583e+02
2.000000000000000389e-02,-8.666666666666666963e-02,8.034302361632574829e-01,7.454849721843741008e+02,5.545133698719300810e+02,-1.909716023124439914e+02,1.909716023124439914e+02
2.666666666666667185e-02,-8.666666666666666963e-02,7.983125457187275620e-01,7.433054496485435720e+02,5.508286327518685539e+02,-1.924768168966749897e+02,1.924768168966749897e+02
3.333333333333332593e-02,-8.666666666666666963e-02,7.930361590766654700e-01,7.408937051693360445e+02,5.470296343695838459e+02,-1.938640707997522838e+02,1.938640707997522838e+02
4.000000000000000777e-02,-8.666666666666666963e-02,7.876014313698652680e-01,7.382469341609069033e+02,5.431166304206876703e+02,-1.951303037402192615e+02,1.951303037402192615e+02
4.666666666666666186e-02,-8.666666666666666963e-02,7.820092029093923536e-01,7.353628493275430174e+02,5.390902259291472092e+02,-1.962726233983957798e+02,1.962726233983957798e+02
5.333333333333334370e-02,-8.666666666666666963e-02,7.762608240122244041e-01,7.322397229880539271e+02,5.349513931231863353e+02,-1.972883298648675918e+02,1.972883298648675918e+02
5.999999999999999778e-02,-8.666666666666666963e-02,7.703581776055333785e-01,7.288764280365080594e+02,5.307014877103687240e+02,-1.981749403261393638e+02,1.981749403261393638e+02
6.666666666666667962e-02,-8.666666666666666963e-02,7.643036991787145462e-01,7.252724769780701308e+02,5.263422632430591648e+02,-1.989302137350109660e+02,1.989302137350109660e+02
7.333333333333333370e-02,-8.666666666666666963e-02,7.581003936546293343e-01,7.214280584562086460e+02,5.218758832657179028e+02,-1.995521751904907433e+02,1.995521751904907433e+02
8.000000000000001554e-02,-8.666666666666666963e-02,7.517518487601662081e-01,7.173440706740177575e+02,5.173049309417043560e+02,-2.000391397323134299e+02,2.000391397323134299e+02
8.666666666666666963e-02,-8.666666666666666963e-02,7.452622444938532542e-01,7.130221511091574484e+02,5.126324158699590043e+02,-2.003897352391984157e+02,2.003897352391984157e+02
9.333333333333335147e-02,-8.666666666666666963e-02,7.386363583154023082e-01,7.084647019301419277e+02,5.078617778214743339e+02,-2.006029241086675370e+02,2.006029241086675370e+02
1.000000000000000056e-01,-8.666666666666666963e-02,7.318795657189947068e-01,7.036749105423280071e+02,5.029968871520608786e+02,-2.006780233902672137e+02,2.006780233902672137e+02
1.066666666666666874e-01,-8.666666666666666963e-02,7.249978358988955485e-01,6.986567647256770215e+02,4.980420416815895237e+02,-2.006147230440874694e+02,2.006147230440874694e+02
1.133333333333333415e-01,-8.666666666666666963e-02,7.179977222722953023e-01,6.934150618735197895e+02,4.930019598704373607e+02,-2.004131020030825141e+02,2.004131020030825141e+02
1.199999999999999956e-01,-8.666666666666666963e-02,7.108863476895601607e-01,6.879554119021369161e+02,4.878817701708679806e+02,-2.000736417312689355e+02,2.000736417312689355e+02
1.266666666666666774e-01,-8.666666666666666963e-02,7.036713842353923276e-01,6.822842334745034805e+02,4.826869964838671194e+02,-1.995972369906363326e+02,1.995972369906363326e+02
1.333333333333333315e-01,-8.666666666666666963e-02,6.963610276045028025e-01,6.764087432671965416e+02,4.774235397096267093e+02,-1.989852035575698039e+02,1.989852035575698039e+02
1.400000000000000133e-01,-8.666666666666666963e-02,6.889639661207153098e-01,6.703369381058407726e+02,4.720976554412997075e+02,-1.982392826645410366e+02,1.982392826645410366e+02
1.466666666666666674e-01,-8.666666666666666963e-02,6.814893445571093000e-01,6.640775698998425014e+02,4.667159279155034710e+02,-1.973616419843390872e+02,1.973616419843390872e+02
1.533333333333333492e-01,-8.666666666666666963e-02,6.739467230047904156e-01,6.576401134193472444e+02,4.612852403978338316e+02,-1.963548730215134697e+02,1.963548730215134697e+02
1.600000000000000033e-01,-8.666666666666666963e-02,6.663460311268898373e-01,6.510347270738132011e+02,4.558127422457454259e+02,-1.952219848280677184e+02,1.952219848280677184e+02
1.666666666666666574e-01,-8.666666666666666963e-02,6.586975182201029178e-01,6.442722069695396385e+02,4.503058129528588438e+02,-1.939663940166807379e+02,1.939663940166807379e+02
1.733333333333333670e-01,-8.666666666666666963e-02,6.510116995861169320e-01,6.373639346399284022e+02,4.447720235363889287e+02,-1.925919111035395588e+02,1.925919111035395588e+02
1.800000000000000211e-01,-8.666666666666666963e-02,6.432992997873603347e-01,6.303218189541016727e+02,4.392190956812841023e+02,-1.911027232728175420e+02,1.911027232728175420e+02
1.866666666666666752e-01,-8.666666666666666963e-02,6.355711934235150906e-01,6.231582328137196782e+02,4.336548590993156154e+02,-1.895033737144040913e+02,1.895033737144040913e+02
1.933333333333333293e-01,-8.666666666666666963e-02,6.278383441153096989e-01,6.158859453415498137e+02,4.280872075974076552e+02,-1.877987377441421017e+02,1.877987377441421017e+02
2.000000000000000389e-01,-8.666666666666666963e-02,6.201117424187045923e-01,6.085180503458575458e+02,4.225240543758519607e+02,-1.859939959700056136e+02,1.859939959700056136e+02
2.066666666666666929e-01,-8.666666666666666963e-02,6.124023434145785538e-01,6.010678919098021424e+02,4.169732870928812645e+02,-1.840946048169209064e+02,1.840946048169209064e+02
2.133333333333333470e-01,-8.666666666666666963e-02,6.047210047257134402e-01,5.935489880028749212e+02,4.114427232368983596e+02,-1.821062647659765048e+02,1.821062647659765048e+02
2.200000000000000011e-01,-8.666666666666666963e-02,5.970784257040665510e-01,5.859749530407689235e+02,4.059400663413126154e+02,-1.800348866994563366e+02,1.800348866994563366e+02
2.266666666666666552e-01,-8.666666666666666963e-02,5.894850885072735469e-01,5.783594203301951211e+02,4.004728635596216009e+02,-1.778865567705734918e+02,1.778865567705734918e+02
2.333333333333333648e-01,-8.666666666666666963e-02,5.819512017448045249e-01,5.707159653259972174e+02,3.950484650906440152e+02,-1.756675002353532022e+02,1.756675002353532022e+02
2.400000000000000189e-01,-8.666666666666666963e-02,5.744866473223911862e-01,5.630580305999684469e+02,3.896739859065063456e+02,-1.733840446934621013e+02,1.733840446934621013e+02
2.466666666666666730e-01,-8.666666666666666963e-02,5.671009310498308365e-01,5.553988533751244177e+02,3.843562701902629328e+02,-1.710425831848614564e+02,1.710425831848614564e+02
2.533333333333332993e-01,-8.666666666666666963e-02,5.598031375039790314e-01,5.477513964174543162e+02,3.791018588372496652e+02,-1.686495375802046510e+02,1.686495375802046510e+02
2.600000000000000089e-01,-8.666666666666666963e-02,5.526018895577793355e-01,5.401282830014010869e+02,3.739169603159858752e+02,-1.662113226854152117e+02,1.662113226854152117e+02
2.666666666666667185e-01,-8.666666666666666963e-02,5.455053128998874623e-01,5.325417365779217107e+02,3.688074251223036981e+02,-1.637343114556180126e+02,1.637343114556180126e+02
2.733333333333333171e-01,-8.666666666666666963e-02,5.385210057801533834e-01,5.250035256775914831e+02,3.637787239960951524e+02,-1.612248016814963592e+02,1.612248016814963592e+02
2.800000000000000266e-01,-8.666666666666666963e-02,5.316560141262998140e-01,5.175249144786583884e+02,3.588359300053205629e+02,-1.586889844733378538e+02,1.586889844733378538e+02
2.866666666666667362e-01,-8.666666666666666963e-02,5.249168120887869327e-01,5.101166193640323172e+02,3.539837045383112581e+02,-1.561329148257210591e+02,1.561329148257210591e+02
2.933333333333333348e-01,-8.666666666666666963e-02,5.183092879861473934e-01,5.027887716846757371e+02,3.492262871844108076e+02,-1.535624845002649295e+02,1.535624845002649295e+02
2.999999999999999889e-01,-8.666666666666666963e-02,5.118387355438159814e-01,4.955508868423510762e+02,3.445674894259321945e+02,-1.509833974164188817e+02,1.509833974164188817e+02
-1.000000000000000056e-01,-8.000000000000000167e-02,8.675096809058013836e-01,7.500605929379091776e+02,6.008363022055857527e+02,-1.492242907323233680e+02,1.492242907323233680e+02
-9.333333333333333759e-02,-8.000000000000000167e-02,8.649259556662975967e-01,7.512375401128367685e+02,5.989760200331431861e+02,-1.522615200796936392e+02,1.522615200796936392e+02
-8.666666666666666963e-02,-8.000000000000000167e-02,8.622279561400372216e-01,7.522756671026666027e+02,5.970334603742356876e+02,-1.552422067284309151e+02,1.552422067284309151e+02
-8.000000000000000167e-02,-8.000000000000000167e-02,8.594120260283912849e-01,7.531693246269248903e+02,5.950059906938506629e+02,-1.581633339330742274e+02,1.581633339330742274e+02
-7.333333333333333370e-02,-8.000000000000000167e-02,8.564745325081526417e-01,7.539127876577317693e+02,5.928909953592786906e+02,-1.610217922984530503e+02,1.610217922984530503e+02
-6.666666666666667962e-02,-8.000000000000000167e-02,8.534118830152934709e-01,7.545002718671566981e+02,5.906858877244201267e+02,-1.638143841427364862e+02,1.638143841427364862e+02
-6.000000000000000472e-02,-8.000000000000000167e-02,8.502205434677059248e-01,7.549259520985651761e+02,5.883881232501570366e+02,-1.665378288484080258e+02,1.665378288484080258e+02
-5.333333333333333676e-02,-8.000000000000000167e-02,8.468970579351600136e-01,7.551839829369118888e+02,5.859952136667239984e+02,-1.691887692701879189e+02,1.691887692701879189e+02
-4.666666666666666879e-02,-8.000000000000000167e-02,8.434380697486583145e-01,7.552685214380536536e+02,5.835047421724427750e+02,-1.717637792656108786e+02,1.717637792656108786e+02
-4.000000000000000083e-02,-8.000000000000000167e-02,8.398403440229704753e-01,7.551737520590900203e+02,5.809143796499475911e+02,-1.742593724091424860e+02,1.742593724091424860e+02
-3.333333333333333981e-02,-8.000000000000000167e-02,8.361007915454524708e-01,7.548939138103480673e+02,5.782219018661346581e+02,-1.766720119442134092e+02,1.766720119442134092e+02
-2.666666666666667185e-02,-8.000000000000000167e-02,8.322164939612457513e-01,7.544233296247289218e+02,5.754252076055058751e+02,-1.789981220192230467e+02,1.789981220192230467e+02
-2.000000000000000389e-02,-8.000000000000000167e-02,8.281847301597606847e-01,7.537564379117206954e+02,5.725223376684364212e+02,-1.812341002432841321e+02,1.812341002432841321e+02
-1.333333333333333592e-02,-8.000000000000000167e-02,8.240030037400891683e-01,7.528878262314154881e+02,5.695114946462730359e+02,-1.833763315851424522e+02,1.833763315851424522e+02
-6.666666666666667962e-03,-8.000000000000000167e-02,8.196690714039411851e-01,7.518122669884812694e+02,5.663910633642465200e+02,-1.854212036242348063e+02,1.854212036242348063e+02
0.000000000000000000e+00,-8.000000000000000167e-02,8.151809720941598503e-01,7.505247550074318497e+02,5.631596318612039340e+02,-1.873651231462279156e+02,1.873651231462279156e+02
6.666666666666667962e-03,-8.000000000000000167e-02,8.105370566652787545e-01,7.490205468090248360e+02,5.598160127524095060e+02,-1.892045340566153584e+02,1.892045340566153584e+02
1.333333333333333592e-02,-8.000000000000000167e-02,8.057360178404711082e-01,7.472952013636938773e+02,5.563592647985479971e+02,-1.909359365651459370e+02,1.909359365651459370e+02
2.000000000000000389e-02,-8.000000000000000167e-02,8.007769201771990364e-01,7.453446220521317400e+02,5.527887144809920983e+02,-1.925559075711396702e+02,1.925559075711396702e+02
2.666666666666667185e-02,-8.000000000000000167e-02,7.956592297326690044e-01,7.431650995163010975e+02,5.491039773609304575e+02,-1.940611221553706685e+02,1.940611221553706685e+02
3.333333333333332593e-02,-8.000000000000000167e-02,7.903828430906068014e-01,7.407533550370937974e+02,5.453049789786457495e+02,-1.954483760584479626e+02,1.954483760584479626e+02
4.000000000000000777e-02,-8.000000000000000167e-02,7.849481153838067105e-01,7.381065840286646562e+02,5.413919750297495739e+02,-1.967146089989149402e+02,1.967146089989149402e+02
4.666666666666666186e-02,-8.000000000000000167e-02,7.793558869233337960e-01,7.352224991953005429e+02,5.373655705382091128e+02,-1.978569286570914585e+02,1.978569286570914585e+02
5.333333333333334370e-02,-8.000000000000000167e-02,7.736075080261659576e-01,7.320993728558114526e+02,5.332267377322482389e+02,-1.988726351235632706e+02,1.988726351235632706e+02
5.999999999999999778e-02,-8.000000000000000167e-02,7.677048616194748210e-01,7.287360779042656986e+02,5.289768323194307413e+02,-1.997592455848350426e+02,1.997592455848350426e+02
6.666666666666667962e-02,-8.000000000000000167e-02,7.616503831926559887e-01,7.251321268458277700e+02,5.246176078521211821e+02,-2.005145189937066448e+02,2.005145189937066448e+02
7.333333333333333370e-02,-8.000000000000000167e-02,7.554470776685707767e-01,7.212877083239661715e+02,5.201512278747798064e+02,-2.011364804491864220e+02,2.011364804491864220e+02
8.000000000000001554e-02,-8.000000000000000167e-02,7.490985327741075395e-01,7.172037205417753967e+02,5.155802755507663733e+02,-2.016234449910091087e+02,2.016234449910091087e+02
8.666666666666666963e-02,-8.000000000000000167e-02,7.426089285077948077e-01,7.128818009769152013e+02,5.109077604790210216e+02,-2.019740404978940944e+02,2.019740404978940944e+02
9.333333333333335147e-02,-8.000000000000000167e-02,7.359830423293436397e-01,7.083243517978994532e+02,5.061371224305362944e+02,-2.021872293673632157e+02,2.021872293673632157e+02
1.000000000000000056e-01,-8.000000000000000167e-02,7.292262497329360382e-01,7.035345604100857599e+02,5.012722317611228391e+02,-2.022623286489628924e+02,2.022623286489628924e+02
1.066666666666666874e-01,-8.000000000000000167e-02,7.223445199128371019e-01,6.985164145934346607e+02,4.963173862906514842e+02,-2.021990283027831481e+02,2.021990283027831481e+02
1.133333333333333415e-01,-8.000000000000000167e-02,7.153444062862368558e-01,6.932747117412775424e+02,4.912773044794993211e+02,-2.019974072617781928e+02,2.019974072617781928e+02
1.199999999999999956e-01,-8.000000000000000167e-02,7.082330317035014922e-01,6.878150617698945553e+02,4.861571147799299411e+02,-2.016579469899646142e+02,2.016579469899646142e+02
1.266666666666666774e-01,-8.000000000000000167e-02,7.010180682493336590e-01,6.821438833422611197e+02,4.809623410929290799e+02,-2.011815422493320114e+02,2.011815422493320114e+02
1.333333333333333315e-01,-8.000000000000000167e-02,6.937077116184442449e-01,6.762683931349540671e+02,4.756988843186886697e+02,-2.005695088162654827e+02,2.005695088162654827e+02
1.400000000000000133e-01,-8.000000000000000167e-02,6.863106501346567523e-01,6.701965879735984117e+02,4.703730000503617248e+02,-1.998235879232367154e+02,1.998235879232367154e+02
1.466666666666666674e-01,-8.000000000000000167e-02,6.788360285710508535e-01,6.639372197676002543e+02,4.649912725245653746e+02,-1.989459472430347660e+02,1.989459472430347660e+02
1.533333333333333492e-01,-8.000000000000000167e-02,6.712934070187319691e-01,6.574997632871049973e+02,4.595605850068957920e+02,-1.979391782802091484e+02,1.979391782802091484e+02
1.600000000000000033e-01,-8.000000000000000167e-02,6.636927151408313907e-01,6.508943769415707266e+02,4.540880868548073863e+02,-1.968062900867633971e+02,1.968062900867633971e+02
1.666666666666666574e-01,-8.000000000000000167e-02,6.560442022340444712e-01,6.441318568372971640e+02,4.485811575619208043e+02,-1.955506992753764166e+02,1.955506992753764166e+02
1.733333333333333670e-01,-8.000000000000000167e-02,6.483583836000583744e-01,6.372235845076861551e+02,4.430473681454508323e+02,-1.941762163622352375e+02,1.941762163622352375e+02
1.800000000000000211e-01,-8.000000000000000167e-02,6.406459838013017771e-01,6.301814688218593119e+02,4.374944402903461196e+02,-1.926870285315132207e+02,1.926870285315132207e+02
1.866666666666666752e-01,-8.000000000000000167e-02,6.329178774374566441e-01,6.230178826814774311e+02,4.319302037083775758e+02,-1.910876789730997700e+02,1.910876789730997700e+02
1.933333333333333293e-01,-8.000000000000000167e-02,6.251850281292510303e-01,6.157455952093073392e+02,4.263625522064696156e+02,-1.893830430028377805e+02,1.893830430028377805e+02
2.000000000000000389e-01,-8.000000000000000167e-02,6.174584264326459238e-01,6.083777002136152987e+02,4.207993989849139211e+02,-1.875783012287012923e+02,1.875783012287012923e+02
2.066666666666666929e-01,-8.000000000000000167e-02,6.097490274285199963e-01,6.009275417775597816e+02,4.152486317019432249e+02,-1.856789100756165851e+02,1.856789100756165851e+02
2.133333333333333470e-01,-8.000000000000000167e-02,6.020676887396548826e-01,5.934086378706325604e+02,4.097180678459603769e+02,-1.836905700246721835e+02,1.836905700246721835e+02
2.200000000000000011e-01,-8.000000000000000167e-02,5.944251097180079935e-01,5.858346029085266764e+02,4.042154109503745758e+02,-1.816191919581520153e+02,1.816191919581520153e+02
2.266666666666666552e-01,-8.000000000000000167e-02,5.868317725212149893e-01,5.782190701979527603e+02,3.987482081686836182e+02,-1.794708620292691421e+02,1.794708620292691421e+02
2.333333333333333648e-01,-8.000000000000000167e-02,5.792978857587460784e-01,5.705756151937548566e+02,3.933238096997059756e+02,-1.772518054940488810e+02,1.772518054940488810e+02
2.400000000000000189e-01,-8.000000000000000167e-02,5.718333313363326287e-01,5.629176804677260861e+02,3.879493305155683061e+02,-1.749683499521577801e+02,1.749683499521577801e+02
2.466666666666666730e-01,-8.000000000000000167e-02,5.644476150637722789e-01,5.552585032428820568e+02,3.826316147993248933e+02,-1.726268884435571351e+02,1.726268884435571351e+02
2.533333333333332993e-01,-8.000000000000000167e-02,5.571498215179204738e-01,5.476110462852118417e+02,3.773772034463115688e+02,-1.702338428389003013e+02,1.702338428389003013e+02
2.600000000000000089e-01,-8.000000000000000167e-02,5.499485735717208890e-01,5.399879328691587261e+02,3.721923049250478357e+02,-1.677956279441108904e+02,1.677956279441108904e+02
2.666666666666667185e-01,-8.000000000000000167e-02,5.428519969138289047e-01,5.324013864456793499e+02,3.670827697313656586e+02,-1.653186167143136913e+02,1.653186167143136913e+02
2.733333333333333171e-01,-8.000000000000000167e-02,5.358676897940948258e-01,5.248631755453491223e+02,3.620540686051571129e+02,-1.628091069401920095e+02,1.628091069401920095e+02
2.800000000000000266e-01,-8.000000000000000167e-02,5.290026981402412565e-01,5.173845643464160275e+02,3.571112746143825234e+02,-1.602732897320335042e+02,1.602732897320335042e+02
2.866666666666667362e-01,-8.000000000000000167e-02,5.222634961027283751e-01,5.099762692317899564e+02,3.522590491473732754e+02,-1.577172200844167378e+02,1.577172200844167378e+02
2.933333333333333348e-01,-8.000000000000000167e-02,5.156559720000888358e-01,5.026484215524333763e+02,3.475016317934727681e+02,-1.551467897589606082e+02,1.551467897589606082e+02
2.999999999999999889e-01,-8.000000000000000167e-02,5.091854195577574238e-01,4.954105367101087154e+02,3.428428340349941550e+02,-1.525677026751145320e+02,1.525677026751145320e+02
-1.000000000000000056e-01,-7.333333333333333370e-02,8.647878283066232630e-01,7.498332212413184834e+02,5.990670980161199850e+02,-1.507661232251984416e+02,1.507661232251984416e+02
-9.333333333333333759e-02,-7.333333333333333370e-02,8.622041030671194761e-01,7.510101684162460742e+02,5.972068158436773047e+02,-1.538033525725687127e+02,1.538033525725687127e+02
-8.666666666666666963e-02,-7.333333333333333370e-02,8.595061035408591010e-01,7.520482954060759084e+02,5.952642561847699199e+02,-1.567840392213059886e+02,1.567840392213059886e+02
-8.000000000000000167e-02,-7.333333333333333370e-02,8.566901734292131643e-01,7.529419529303340823e+02,5.932367865043847814e+02,-1.597051664259493009e+02,1.597051664259493009e+02
-7.333333333333333370e-02,-7.333333333333333370e-02,8.537526799089745211e-01,7.536854159611410751e+02,5.911217911698129228e+02,-1.625636247913281238e+02,1.625636247913281238e+02
-6.666666666666667962e-02,-7.333333333333333370e-02,8.506900304161153503e-01,7.542729001705658902e+02,5.889166835349543589e+02,-1.653562166356115313e+02,1.653562166356115313e+02
-6.000000000000000472e-02,-7.333333333333333370e-02,8.474986908685278042e-01,7.546985804019743682e+02,5.866189190606912689e+02,-1.680796613412830993e+02,1.680796613412830993e+02
-5.333333333333333676e-02,-7.333333333333333370e-02,8.441752053359818930e-01,7.549566112403213083e+02,5.842260094772582306e+02,-1.707306017630629924e+02,1.707306017630629924e+02
-4.666666666666666879e-02,-7.333333333333333370e-02,8.407162171494801939e-01,7.550411497414629594e+02,5.817355379829770072e+02,-1.733056117584859521e+02,1.733056117584859521e+02
-4.000000000000000083e-02,-7.333333333333333370e-02,8.371184914237923547e-01,7.549463803624994398e+02,5.791451754604818234e+02,-1.758012049020175596e+02,1.758012049020175596e+02
-3.333333333333333981e-02,-7.333333333333333370e-02,8.333789389462743502e-01,7.546665421137572594e+02,5.764526976766687767e+02,-1.782138444370884827e+02,1.782138444370884827e+02
-2.666666666666667185e-02,-7.333333333333333370e-02,8.294946413620676307e-01,7.541959579281381139e+02,5.736560034160399937e+02,-1.805399545120981202e+02,1.805399545120981202e+02
-2.000000000000000389e-02,-7.333333333333333370e-02,8.254628775605825641e-01,7.535290662151298875e+02,5.707531334789706534e+02,-1.827759327361592057e+02,1.827759327361592057e+02
-1.333333333333333592e-02,-7.333333333333333370e-02,8.212811511409110476e-01,7.526604545348247939e+02,5.677422904568072681e+02,-1.849181640780175258e+02,1.849181640780175258e+02
-6.666666666666667962e-03,-7.333333333333333370e-02,8.169472188047630645e-01,7.515848952918906889e+02,5.646218591747807523e+02,-1.869630361171098798e+02,1.869630361171098798e+02
0.000000000000000000e+00,-7.333333333333333370e-02,8.124591194949817297e-01,7.502973833108410417e+02,5.613904276717380526e+02,-1.889069556391029892e+02,1.889069556391029892e+02
6.666666666666667962e-03,-7.333333333333333370e-02,8.078152040661006339e-01,7.487931751124341417e+02,5.580468085629437383e+02,-1.907463665494904035e+02,1.907463665494904035e+02
1.333333333333333592e-02,-7.333333333333333370e-02,8.030141652412929876e-01,7.470678296671032967e+02,5.545900606090822293e+02,-1.924777690580210106e+02,1.924777690580210106e+02
2.000000000000000389e-02,-7.333333333333333370e-02,7.980550675780209158e-01,7.451172503555410458e+02,5.510195102915263305e+02,-1.940977400640147152e+02,1.940977400640147152e+02
2.666666666666667185e-02,-7.333333333333333370e-02,7.929373771334908838e-01,7.429377278197105170e+02,5.473347731714646898e+02,-1.956029546482457135e+02,1.956029546482457135e+02
3.333333333333332593e-02,-7.333333333333333370e-02,7.876609904914286808e-01,7.405259833405029894e+02,5.435357747891799818e+02,-1.969902085513230077e+02,1.969902085513230077e+02
4.000000000000000777e-02,-7.333333333333333370e-02,7.822262627846285898e-01,7.378792123320738483e+02,5.396227708402838061e+02,-1.982564414917899853e+02,1.982564414917899853e+02
4.666666666666666186e-02,-7.333333333333333370e-02,7.766340343241556754e-01,7.349951274987099623e+02,5.355963663487433450e+02,-1.993987611499665036e+02,1.993987611499665036e+02
5.333333333333334370e-02,-7.333333333333333370e-02,7.708856554269878369e-01,7.318720011592208721e+02,5.314575335427824712e+02,-2.004144676164383441e+02,2.004144676164383441e+02
5.999999999999999778e-02,-7.333333333333333370e-02,7.649830090202967003e-01,7.285087062076750044e+02,5.272076281299648599e+02,-2.013010780777100877e+02,2.013010780777100877e+02
6.666666666666667962e-02,-7.333333333333333370e-02,7.589285305934778680e-01,7.249047551492370758e+02,5.228484036626553006e+02,-2.020563514865817183e+02,2.020563514865817183e+02
7.333333333333333370e-02,-7.333333333333333370e-02,7.527252250693926561e-01,7.210603366273755910e+02,5.183820236853140386e+02,-2.026783129420614955e+02,2.026783129420614955e+02
8.000000000000001554e-02,-7.333333333333333370e-02,7.463766801749294189e-01,7.169763488451847024e+02,5.138110713613004918e+02,-2.031652774838841538e+02,2.031652774838841538e+02
8.666666666666666963e-02,-7.333333333333333370e-02,7.398870759086166871e-01,7.126544292803243934e+02,5.091385562895552539e+02,-2.035158729907691395e+02,2.035158729907691395e+02
9.333333333333335147e-02,-7.333333333333333370e-02,7.332611897301655191e-01,7.080969801013088727e+02,5.043679182410704698e+02,-2.037290618602382892e+02,2.037290618602382892e+02
1.000000000000000056e-01,-7.333333333333333370e-02,7.265043971337579176e-01,7.033071887134949520e+02,4.995030275716570713e+02,-2.038041611418379375e+02,2.038041611418379375e+02
1.066666666666666874e-01,-7.333333333333333370e-02,7.196226673136589813e-01,6.982890428968439664e+02,4.945481821011857164e+02,-2.037408607956581932e+02,2.037408607956581932e+02
1.133333333333333415e-01,-7.333333333333333370e-02,7.126225536870587352e-01,6.930473400446867345e+02,4.895081002900335534e+02,-2.035392397546532379e+02,2.035392397546532379e+02
1.199999999999999956e-01,-7.333333333333333370e-02,7.055111791043233715e-01,6.875876900733038610e+02,4.843879105904641165e+02,-2.031997794828396877e+02,2.031997794828396877e+02
1.266666666666666774e-01,-7.333333333333333370e-02,6.982962156501555384e-01,6.819165116456704254e+02,4.791931369034632553e+02,-2.027233747422070564e+02,2.027233747422070564e+02
1.333333333333333315e-01,-7.333333333333333370e-02,6.909858590192661243e-01,6.760410214383634866e+02,4.739296801292229020e+02,-2.021113413091405278e+02,2.021113413091405278e+02
1.400000000000000133e-01,-7.333333333333333370e-02,6.835887975354786317e-01,6.699692162770077175e+02,4.686037958608959002e+02,-2.013654204161117605e+02,2.013654204161117605e+02
1.466666666666666674e-01,-7.333333333333333370e-02,6.761141759718727329e-01,6.637098480710094464e+02,4.632220683350996069e+02,-2.004877797359098395e+02,2.004877797359098395e+02
1.533333333333333492e-01,-7.333333333333333370e-02,6.685715544195538484e-01,6.572723915905141894e+02,4.577913808174299675e+02,-1.994810107730842219e+02,1.994810107730842219e+02
1.600000000000000033e-01,-7.333333333333333370e-02,6.609708625416532701e-01,6.506670052449801460e+02,4.523188826653415617e+02,-1.983481225796384706e+02,1.983481225796384706e+02
1.666666666666666574e-01,-7.333333333333333370e-02,6.533223496348663506e-01,6.439044851407065835e+02,4.468119533724550365e+02,-1.970925317682514901e+02,1.970925317682514901e+02
1.733333333333333670e-01,-7.333333333333333370e-02,6.456365310008802538e-01,6.369962128110953472e+02,4.412781639559850646e+02,-1.957180488551102826e+02,1.957180488551102826e+02
1.800000000000000211e-01,-7.333333333333333370e-02,6.379241312021236565e-01,6.299540971252686177e+02,4.357252361008802950e+02,-1.942288610243882658e+02,1.942288610243882658e+02
1.866666666666666752e-01,-7.333333333333333370e-02,6.301960248382785235e-01,6.227905109848866232e+02,4.301609995189118081e+02,-1.926295114659748151e+02,1.926295114659748151e+02
1.933333333333333293e-01,-7.333333333333333370e-02,6.224631755300729097e-01,6.155182235127167587e+02,4.245933480170037910e+02,-1.909248754957128540e+02,1.909248754957128540e+02
2.000000000000000389e-01,-7.333333333333333370e-02,6.147365738334678031e-01,6.081503285170244908e+02,4.190301947954480966e+02,-1.891201337215763374e+02,1.891201337215763374e+02
2.066666666666666929e-01,-7.333333333333333370e-02,6.070271748293418757e-01,6.007001700809690874e+02,4.134794275124774003e+02,-1.872207425684916302e+02,1.872207425684916302e+02
2.133333333333333470e-01,-7.333333333333333370e-02,5.993458361404767620e-01,5.931812661740418662e+02,4.079488636564945523e+02,-1.852324025175472570e+02,1.852324025175472570e+02
2.200000000000000011e-01,-7.333333333333333370e-02,5.917032571188298729e-01,5.856072312119358685e+02,4.024462067609088081e+02,-1.831610244510270604e+02,1.831610244510270604e+02
2.266666666666666552e-01,-7.333333333333333370e-02,5.841099199220368687e-01,5.779916985013620661e+02,3.969790039792177936e+02,-1.810126945221442156e+02,1.810126945221442156e+02
2.333333333333333648e-01,-7.333333333333333370e-02,5.765760331595679578e-01,5.703482434971641624e+02,3.915546055102402079e+02,-1.787936379869239545e+02,1.787936379869239545e+02
2.400000000000000189e-01,-7.333333333333333370e-02,5.691114787371545081e-01,5.626903087711353919e+02,3.861801263261024815e+02,-1.765101824450328536e+02,1.765101824450328536e+02
2.466666666666666730e-01,-7.333333333333333370e-02,5.617257624645941583e-01,5.550311315462913626e+02,3.808624106098591255e+02,-1.741687209364321802e+02,1.741687209364321802e+02
2.533333333333332993e-01,-7.333333333333333370e-02,5.544279689187423532e-01,5.473836745886212611e+02,3.756079992568458010e+02,-1.717756753317753748e+02,1.717756753317753748e+02
2.600000000000000089e-01,-7.333333333333333370e-02,5.472267209725427684e-01,5.397605611725680319e+02,3.704231007355820111e+02,-1.693374604369859640e+02,1.693374604369859640e+02
2.666666666666667185e-01,-7.333333333333333370e-02,5.401301443146507841e-01,5.321740147490886557e+02,3.653135655418998340e+02,-1.668604492071887648e+02,1.668604492071887648e+02
2.733333333333333171e-01,-7.333333333333333370e-02,5.331458371949167052e-01,5.246358038487584281e+02,3.602848644156913451e+02,-1.643509394330670830e+02,1.643509394330670830e+02
2.800000000000000266e-01,-7.333333333333333370e-02,5.262808455410631359e-01,5.171571926498253333e+02,3.553420704249167557e+02,-1.618151222249085777e+02,1.618151222249085777e+02
2.866666666666667362e-01,-7.333333333333333370e-02,5.195416435035502545e-01,5.097488975351992622e+02,3.504898449579074509e+02,-1.592590525772918113e+02,1.592590525772918113e+02
2.933333333333333348e-01,-7.333333333333333370e-02,5.129341194009107152e-01,5.024210498558426821e+02,3.457324276040070004e+02,-1.566886222518356817e+02,1.566886222518356817e+02
2.999999999999999889e-01,-7.333333333333333370e-02,5.064635669585793032e-01,4.951831650135180212e+02,3.410736298455283872e+02,-1.541095351679896055e+02,1.541095351679896055e+02
-1.000000000000000056e-01,-6.666666666666667962e-02,8.619971642232828746e-01,7.495173959752388555e+02,5.972531663619488427e+02,-1.522642296132900412e+02,1.522642296132900412e+02
-9.333333333333333759e-02,-6.666666666666667962e-02,8.594134389837793098e-01,7.506943431501664463e+02,5.953928841895061623e+02,-1.553014589606602840e+02,1.553014589606602840e+02
-8.666666666666666963e-02,-6.666666666666667962e-02,8.567154394575189347e-01,7.517324701399962805e+02,5.934503245305986638e+02,-1.582821456093975883e+02,1.582821456093975883e+02
-8.000000000000000167e-02,-6.666666666666667962e-02,8.538995093458729979e-01,7.526261276642544544e+02,5.914228548502136391e+02,-1.612032728140408722e+02,1.612032728140408722e+02
-7.333333333333333370e-02,-6.666666666666667962e-02,8.509620158256341327e-01,7.533695906950614471e+02,5.893078595156416668e+02,-1.640617311794197235e+02,1.640617311794197235e+02
-6.666666666666667962e-02,-6.666666666666667962e-02,8.478993663327751840e-01,7.539570749044862623e+02,5.871027518807832166e+02,-1.668543230237031310e+02,1.668543230237031310e+02
-6.000000000000000472e-02,-6.666666666666667962e-02,8.447080267851874158e-01,7.543827551358947403e+02,5.848049874065200129e+02,-1.695777677293746990e+02,1.695777677293746990e+02
-5.333333333333333676e-02,-6.666666666666667962e-02,8.413845412526415046e-01,7.546407859742416804e+02,5.824120778230869746e+02,-1.722287081511545921e+02,1.722287081511545921e+02
-4.666666666666666879e-02,-6.666666666666667962e-02,8.379255530661398055e-01,7.547253244753833314e+02,5.799216063288058649e+02,-1.748037181465775518e+02,1.748037181465775518e+02
-4.000000000000000083e-02,-6.666666666666667962e-02,8.343278273404521883e-01,7.546305550964198119e+02,5.773312438063105674e+02,-1.772993112901091592e+02,1.772993112901091592e+02
-3.333333333333333981e-02,-6.666666666666667962e-02,8.305882748629340728e-01,7.543507168476776314e+02,5.746387660224976344e+02,-1.797119508251800823e+02,1.797119508251800823e+02
-2.666666666666667185e-02,-6.666666666666667962e-02,8.267039772787274643e-01,7.538801326620584859e+02,5.718420717618688514e+02,-1.820380609001897199e+02,1.820380609001897199e+02
-2.000000000000000389e-02,-6.666666666666667962e-02,8.226722134772421757e-01,7.532132409490502596e+02,5.689392018247995111e+02,-1.842740391242508053e+02,1.842740391242508053e+02
-1.333333333333333592e-02,-6.666666666666667962e-02,8.184904870575707703e-01,7.523446292687451660e+02,5.659283588026360121e+02,-1.864162704661090970e+02,1.864162704661090970e+02
-6.666666666666667962e-03,-6.666666666666667962e-02,8.141565547214228982e-01,7.512690700258110610e+02,5.628079275206096099e+02,-1.884611425052014511e+02,1.884611425052014511e+02
0.000000000000000000e+00,-6.666666666666667962e-02,8.096684554116413413e-01,7.499815580447614138e+02,5.595764960175669103e+02,-1.904050620271945604e+02,1.904050620271945604e+02
6.666666666666667962e-03,-6.666666666666667962e-02,8.050245399827603565e-01,7.484773498463545138e+02,5.562328769087725959e+02,-1.922444729375820032e+02,1.922444729375820032e+02
1.333333333333333592e-02,-6.666666666666667962e-02,8.002235011579527102e-01,7.467520044010236688e+02,5.527761289549109733e+02,-1.939758754461125818e+02,1.939758754461125818e+02
2.000000000000000389e-02,-6.666666666666667962e-02,7.952644034946805274e-01,7.448014250894614179e+02,5.492055786373550745e+02,-1.955958464521063149e+02,1.955958464521063149e+02
2.666666666666667185e-02,-6.666666666666667962e-02,7.901467130501506064e-01,7.426219025536308891e+02,5.455208415172935474e+02,-1.971010610363373132e+02,1.971010610363373132e+02
3.333333333333332593e-02,-6.666666666666667962e-02,7.848703264080885145e-01,7.402101580744233615e+02,5.417218431350088395e+02,-1.984883149394146074e+02,1.984883149394146074e+02
4.000000000000000777e-02,-6.666666666666667962e-02,7.794355987012883125e-01,7.375633870659942204e+02,5.378088391861126638e+02,-1.997545478798815850e+02,1.997545478798815850e+02
4.666666666666666186e-02,-6.666666666666667962e-02,7.738433702408153980e-01,7.346793022326303344e+02,5.337824346945722027e+02,-2.008968675380581033e+02,2.008968675380581033e+02
5.333333333333334370e-02,-6.666666666666667962e-02,7.680949913436474485e-01,7.315561758931412442e+02,5.296436018886113288e+02,-2.019125740045299153e+02,2.019125740045299153e+02
5.999999999999999778e-02,-6.666666666666667962e-02,7.621923449369564230e-01,7.281928809415953765e+02,5.253936964757937176e+02,-2.027991844658016873e+02,2.027991844658016873e+02
6.666666666666667962e-02,-6.666666666666667962e-02,7.561378665101375907e-01,7.245889298831574479e+02,5.210344720084841583e+02,-2.035544578746732896e+02,2.035544578746732896e+02
7.333333333333333370e-02,-6.666666666666667962e-02,7.499345609860523787e-01,7.207445113612959631e+02,5.165680920311428963e+02,-2.041764193301530668e+02,2.041764193301530668e+02
8.000000000000001554e-02,-6.666666666666667962e-02,7.435860160915892525e-01,7.166605235791050745e+02,5.119971397071293495e+02,-2.046633838719757534e+02,2.046633838719757534e+02
8.666666666666666963e-02,-6.666666666666667962e-02,7.370964118252762987e-01,7.123386040142447655e+02,5.073246246353840547e+02,-2.050139793788607392e+02,2.050139793788607392e+02
9.333333333333335147e-02,-6.666666666666667962e-02,7.304705256468253527e-01,7.077811548352292448e+02,5.025539865868993274e+02,-2.052271682483298605e+02,2.052271682483298605e+02
1.000000000000000056e-01,-6.666666666666667962e-02,7.237137330504177513e-01,7.029913634474153241e+02,4.976890959174858722e+02,-2.053022675299295372e+02,2.053022675299295372e+02
1.066666666666666874e-01,-6.666666666666667962e-02,7.168320032303185929e-01,6.979732176307643385e+02,4.927342504470145172e+02,-2.052389671837497929e+02,2.052389671837497929e+02
1.133333333333333415e-01,-6.666666666666667962e-02,7.098318896037183467e-01,6.927315147786071066e+02,4.876941686358623542e+02,-2.050373461427448376e+02,2.050373461427448376e+02
1.199999999999999956e-01,-6.666666666666667962e-02,7.027205150209832052e-01,6.872718648072242331e+02,4.825739789362929741e+02,-2.046978858709312590e+02,2.046978858709312590e+02
1.266666666666666774e-01,-6.666666666666667962e-02,6.955055515668153721e-01,6.816006863795907975e+02,4.773792052492921130e+02,-2.042214811302986561e+02,2.042214811302986561e+02
1.333333333333333315e-01,-6.666666666666667962e-02,6.881951949359258469e-01,6.757251961722838587e+02,4.721157484750517028e+02,-2.036094476972321274e+02,2.036094476972321274e+02
1.400000000000000133e-01,-6.666666666666667962e-02,6.807981334521383543e-01,6.696533910109280896e+02,4.667898642067247010e+02,-2.028635268042033601e+02,2.028635268042033601e+02
1.466666666666666674e-01,-6.666666666666667962e-02,6.733235118885323445e-01,6.633940228049298184e+02,4.614081366809284646e+02,-2.019858861240014107e+02,2.019858861240014107e+02
1.533333333333333492e-01,-6.666666666666667962e-02,6.657808903362134600e-01,6.569565663244345615e+02,4.559774491632588251e+02,-2.009791171611757932e+02,2.009791171611757932e+02
1.600000000000000033e-01,-6.666666666666667962e-02,6.581801984583128817e-01,6.503511799789005181e+02,4.505049510111704194e+02,-1.998462289677300419e+02,1.998462289677300419e+02
1.666666666666666574e-01,-6.666666666666667962e-02,6.505316855515259622e-01,6.435886598746269556e+02,4.449980217182838373e+02,-1.985906381563430614e+02,1.985906381563430614e+02
1.733333333333333670e-01,-6.666666666666667962e-02,6.428458669175399764e-01,6.366803875450157193e+02,4.394642323018139223e+02,-1.972161552432018823e+02,1.972161552432018823e+02
1.800000000000000211e-01,-6.666666666666667962e-02,6.351334671187833791e-01,6.296382718591889898e+02,4.339113044467090958e+02,-1.957269674124798655e+02,1.957269674124798655e+02
1.866666666666666752e-01,-6.666666666666667962e-02,6.274053607549381351e-01,6.224746857188069953e+02,4.283470678647406089e+02,-1.941276178540664148e+02,1.941276178540664148e+02
1.933333333333333293e-01,-6.666666666666667962e-02,6.196725114467327433e-01,6.152023982466371308e+02,4.227794163628326487e+02,-1.924229818838044253e+02,1.924229818838044253e+02
2.000000000000000389e-01,-6.666666666666667962e-02,6.119459097501276368e-01,6.078345032509448629e+02,4.172162631412769542e+02,-1.906182401096679371e+02,1.906182401096679371e+02
2.066666666666666929e-01,-6.666666666666667962e-02,6.042365107460015983e-01,6.003843448148894595e+02,4.116654958583062580e+02,-1.887188489565832299e+02,1.887188489565832299e+02
2.133333333333333470e-01,-6.666666666666667962e-02,5.965551720571364847e-01,5.928654409079622383e+02,4.061349320023233531e+02,-1.867305089056388283e+02,1.867305089056388283e+02
2.200000000000000011e-01,-6.666666666666667962e-02,5.889125930354895955e-01,5.852914059458562406e+02,4.006322751067376089e+02,-1.846591308391186601e+02,1.846591308391186601e+02
2.266666666666666552e-01,-6.666666666666667962e-02,5.813192558386965914e-01,5.776758732352824381e+02,3.951650723250465944e+02,-1.825108009102358153e+02,1.825108009102358153e+02
2.333333333333333648e-01,-6.666666666666667962e-02,5.737853690762275694e-01,5.700324182310845345e+02,3.897406738560690087e+02,-1.802917443750155257e+02,1.802917443750155257e+02
2.400000000000000189e-01,-6.666666666666667962e-02,5.663208146538142307e-01,5.623744835050557640e+02,3.843661946719313391e+02,-1.780082888331244249e+02,1.780082888331244249e+02
2.466666666666666730e-01,-6.666666666666667962e-02,5.589350983812538809e-01,5.547153062802117347e+02,3.790484789556879264e+02,-1.756668273245237799e+02,1.756668273245237799e+02
2.533333333333332993e-01,-6.666666666666667962e-02,5.516373048354020758e-01,5.470678493225416332e+02,3.737940676026746587e+02,-1.732737817198669745e+02,1.732737817198669745e+02
2.600000000000000089e-01,-6.666666666666667962e-02,5.444360568892023799e-01,5.394447359064884040e+02,3.686091690814108688e+02,-1.708355668250775352e+02,1.708355668250775352e+02
2.666666666666667185e-01,-6.666666666666667962e-02,5.373394802313105068e-01,5.318581894830090278e+02,3.634996338877286917e+02,-1.683585555952803361e+02,1.683585555952803361e+02
2.733333333333333171e-01,-6.666666666666667962e-02,5.303551731115764278e-01,5.243199785826788002e+02,3.584709327615201460e+02,-1.658490458211586827e+02,1.658490458211586827e+02
2.800000000000000266e-01,-6.666666666666667962e-02,5.234901814577228585e-01,5.168413673837457054e+02,3.535281387707455565e+02,-1.633132286130001773e+02,1.633132286130001773e+02
2.866666666666667362e-01,-6.666666666666667962e-02,5.167509794202099771e-01,5.094330722691196343e+02,3.486759133037362517e+02,-1.607571589653833826e+02,1.607571589653833826e+02
2.933333333333333348e-01,-6.666666666666667962e-02,5.101434553175704378e-01,5.021052245897630542e+02,3.439184959498358012e+02,-1.581867286399272530e+02,1.581867286399272530e+02
2.999999999999999889e-01,-6.666666666666667962e-02,5.036729028752390258e-01,4.948673397474383933e+02,3.392596981913571881e+02,-1.556076415560812052e+02,1.556076415560812052e+02
-1.000000000000000056e-01,-6.000000000000000472e-02,8.591375201984998711e-01,7.491117667096866626e+02,5.953943977458397967e+02,-1.537173689638467522e+02,1.537173689638467522e+02
-9.333333333333333759e-02,-6.000000000000000472e-02,8.565537949589961952e-01,7.502887138846142534e+02,5.935341155733972300e+02,-1.567545983112169949e+02,1.567545983112169949e+02
-8.666666666666666963e-02,-6.000000000000000472e-02,8.538557954327358201e-01,7.513268408744440876e+02,5.915915559144897315e+02,-1.597352849599542992e+02,1.597352849599542992e+02
-8.000000000000000167e-02,-6.000000000000000472e-02,8.510398653210898834e-01,7.522204983987022615e+02,5.895640862341047068e+02,-1.626564121645975831e+02,1.626564121645975831e+02
-7.333333333333333370e-02,-6.000000000000000472e-02,8.481023718008511292e-01,7.529639614295092542e+02,5.874490908995327345e+02,-1.655148705299764060e+02,1.655148705299764060e+02
-6.666666666666667962e-02,-6.000000000000000472e-02,8.450397223079920694e-01,7.535514456389340694e+02,5.852439832646741706e+02,-1.683074623742598419e+02,1.683074623742598419e+02
-6.000000000000000472e-02,-6.000000000000000472e-02,8.418483827604044123e-01,7.539771258703425474e+02,5.829462187904110806e+02,-1.710309070799314100e+02,1.710309070799314100e+02
-5.333333333333333676e-02,-6.000000000000000472e-02,8.385248972278585011e-01,7.542351567086893738e+02,5.805533092069780423e+02,-1.736818475017112746e+02,1.736818475017112746e+02
-4.666666666666666879e-02,-6.000000000000000472e-02,8.350659090413568020e-01,7.543196952098310248e+02,5.780628377126968189e+02,-1.762568574971342628e+02,1.762568574971342628e+02
-4.000000000000000083e-02,-6.000000000000000472e-02,8.314681833156690738e-01,7.542249258308675053e+02,5.754724751902016351e+02,-1.787524506406658702e+02,1.787524506406658702e+02
-3.333333333333333981e-02,-6.000000000000000472e-02,8.277286308381510693e-01,7.539450875821254385e+02,5.727799974063887021e+02,-1.811650901757367933e+02,1.811650901757367933e+02
-2.666666666666667185e-02,-6.000000000000000472e-02,8.238443332539443498e-01,7.534745033965062930e+02,5.699833031457599191e+02,-1.834912002507464308e+02,1.834912002507464308e+02
-2.000000000000000389e-02,-6.000000000000000472e-02,8.198125694524591722e-01,7.528076116834980667e+02,5.670804332086904651e+02,-1.857271784748074879e+02,1.857271784748074879e+02
-1.333333333333333592e-02,-6.000000000000000472e-02,8.156308430327876557e-01,7.519390000031928594e+02,5.640695901865270798e+02,-1.878694098166658080e+02,1.878694098166658080e+02
-6.666666666666667962e-03,-6.000000000000000472e-02,8.112969106966397836e-01,7.508634407602587544e+02,5.609491589045005639e+02,-1.899142818557581620e+02,1.899142818557581620e+02
0.000000000000000000e+00,-6.000000000000000472e-02,8.068088113868583378e-01,7.495759287792092209e+02,5.577177274014579780e+02,-1.918582013777512714e+02,1.918582013777512714e+02
6.666666666666667962e-03,-6.000000000000000472e-02,8.021648959579772420e-01,7.480717205808023209e+02,5.543741082926635499e+02,-1.936976122881387141e+02,1.936976122881387141e+02
1.333333333333333592e-02,-6.000000000000000472e-02,7.973638571331695957e-01,7.463463751354713622e+02,5.509173603388020410e+02,-1.954290147966692928e+02,1.954290147966692928e+02
2.000000000000000389e-02,-6.000000000000000472e-02,7.924047594698975239e-01,7.443957958239091113e+02,5.473468100212461422e+02,-1.970489858026630259e+02,1.970489858026630259e+02
2.666666666666667185e-02,-6.000000000000000472e-02,7.872870690253674919e-01,7.422162732880785825e+02,5.436620729011845015e+02,-1.985542003868940242e+02,1.985542003868940242e+02
3.333333333333332593e-02,-6.000000000000000472e-02,7.820106823833053999e-01,7.398045288088711686e+02,5.398630745188997935e+02,-1.999414542899713183e+02,1.999414542899713183e+02
4.000000000000000777e-02,-6.000000000000000472e-02,7.765759546765051979e-01,7.371577578004420275e+02,5.359500705700036178e+02,-2.012076872304382960e+02,2.012076872304382960e+02
4.666666666666666186e-02,-6.000000000000000472e-02,7.709837262160323945e-01,7.342736729670780278e+02,5.319236660784631567e+02,-2.023500068886148142e+02,2.023500068886148142e+02
5.333333333333334370e-02,-6.000000000000000472e-02,7.652353473188644450e-01,7.311505466275889376e+02,5.277848332725022829e+02,-2.033657133550866263e+02,2.033657133550866263e+02
5.999999999999999778e-02,-6.000000000000000472e-02,7.593327009121733084e-01,7.277872516760430699e+02,5.235349278596847853e+02,-2.042523238163583983e+02,2.042523238163583983e+02
6.666666666666667962e-02,-6.000000000000000472e-02,7.532782224853544761e-01,7.241833006176052550e+02,5.191757033923752260e+02,-2.050075972252300005e+02,2.050075972252300005e+02
7.333333333333333370e-02,-6.000000000000000472e-02,7.470749169612693752e-01,7.203388820957436565e+02,5.147093234150338503e+02,-2.056295586807097777e+02,2.056295586807097777e+02
8.000000000000001554e-02,-6.000000000000000472e-02,7.407263720668061380e-01,7.162548943135527679e+02,5.101383710910203604e+02,-2.061165232225324644e+02,2.061165232225324644e+02
8.666666666666666963e-02,-6.000000000000000472e-02,7.342367678004932952e-01,7.119329747486925726e+02,5.054658560192750656e+02,-2.064671187294174501e+02,2.064671187294174501e+02
9.333333333333335147e-02,-6.000000000000000472e-02,7.276108816220422382e-01,7.073755255696769382e+02,5.006952179707903383e+02,-2.066803075988865714e+02,2.066803075988865714e+02
1.000000000000000056e-01,-6.000000000000000472e-02,7.208540890256346367e-01,7.025857341818631312e+02,4.958303273013768830e+02,-2.067554068804862482e+02,2.067554068804862482e+02
1.066666666666666874e-01,-6.000000000000000472e-02,7.139723592055355894e-01,6.975675883652120319e+02,4.908754818309055281e+02,-2.066921065343065038e+02,2.066921065343065038e+02
1.133333333333333415e-01,-6.000000000000000472e-02,7.069722455789353432e-01,6.923258855130549136e+02,4.858354000197533651e+02,-2.064904854933015486e+02,2.064904854933015486e+02
1.199999999999999956e-01,-6.000000000000000472e-02,6.998608709962000907e-01,6.868662355416720402e+02,4.807152103201839850e+02,-2.061510252214879699e+02,2.061510252214879699e+02
1.266666666666666774e-01,-6.000000000000000472e-02,6.926459075420322575e-01,6.811950571140384909e+02,4.755204366331831238e+02,-2.056746204808553671e+02,2.056746204808553671e+02
1.333333333333333315e-01,-6.000000000000000472e-02,6.853355509111427324e-01,6.753195669067315521e+02,4.702569798589427137e+02,-2.050625870477888384e+02,2.050625870477888384e+02
1.400000000000000133e-01,-6.000000000000000472e-02,6.779384894273552398e-01,6.692477617453757830e+02,4.649310955906157687e+02,-2.043166661547600711e+02,2.043166661547600711e+02
1.466666666666666674e-01,-6.000000000000000472e-02,6.704638678637493410e-01,6.629883935393776255e+02,4.595493680648194186e+02,-2.034390254745581217e+02,2.034390254745581217e+02
1.533333333333333492e-01,-6.000000000000000472e-02,6.629212463114304565e-01,6.565509370588823685e+02,4.541186805471498360e+02,-2.024322565117325041e+02,2.024322565117325041e+02
1.600000000000000033e-01,-6.000000000000000472e-02,6.553205544335298782e-01,6.499455507133482115e+02,4.486461823950614303e+02,-2.012993683182867528e+02,2.012993683182867528e+02
1.666666666666666574e-01,-6.000000000000000472e-02,6.476720415267429587e-01,6.431830306090746490e+02,4.431392531021748482e+02,-2.000437775068997723e+02,2.000437775068997723e+02
1.733333333333333670e-01,-6.000000000000000472e-02,6.399862228927568619e-01,6.362747582794635264e+02,4.376054636857048763e+02,-1.986692945937585932e+02,1.986692945937585932e+02
1.800000000000000211e-01,-6.000000000000000472e-02,6.322738230940003756e-01,6.292326425936366832e+02,4.320525358306001635e+02,-1.971801067630365765e+02,1.971801067630365765e+02
1.866666666666666752e-01,-6.000000000000000472e-02,6.245457167301551316e-01,6.220690564532548024e+02,4.264882992486316198e+02,-1.955807572046231257e+02,1.955807572046231257e+02
1.933333333333333293e-01,-6.000000000000000472e-02,6.168128674219496288e-01,6.147967689810848242e+02,4.209206477467236596e+02,-1.938761212343611362e+02,1.938761212343611362e+02
2.000000000000000389e-01,-6.000000000000000472e-02,6.090862657253445223e-01,6.074288739853926700e+02,4.153574945251679651e+02,-1.920713794602246480e+02,1.920713794602246480e+02
2.066666666666666929e-01,-6.000000000000000472e-02,6.013768667212184837e-01,5.999787155493372666e+02,4.098067272421972689e+02,-1.901719883071399408e+02,1.901719883071399408e+02
2.133333333333333470e-01,-6.000000000000000472e-02,5.936955280323534812e-01,5.924598116424099317e+02,4.042761633862144208e+02,-1.881836482561955393e+02,1.881836482561955393e+02
2.200000000000000011e-01,-6.000000000000000472e-02,5.860529490107064809e-01,5.848857766803040477e+02,3.987735064906286198e+02,-1.861122701896753711e+02,1.861122701896753711e+02
2.266666666666666552e-01,-6.000000000000000472e-02,5.784596118139134768e-01,5.772702439697302452e+02,3.933063037089376621e+02,-1.839639402607925263e+02,1.839639402607925263e+02
2.333333333333333648e-01,-6.000000000000000472e-02,5.709257250514445658e-01,5.696267889655323415e+02,3.878819052399600196e+02,-1.817448837255722367e+02,1.817448837255722367e+02
2.400000000000000189e-01,-6.000000000000000472e-02,5.634611706290311162e-01,5.619688542395035711e+02,3.825074260558223500e+02,-1.794614281836811358e+02,1.794614281836811358e+02
2.466666666666666730e-01,-6.000000000000000472e-02,5.560754543564708774e-01,5.543096770146594281e+02,3.771897103395789372e+02,-1.771199666750804909e+02,1.771199666750804909e+02
2.533333333333332993e-01,-6.000000000000000472e-02,5.487776608106190723e-01,5.466622200569893266e+02,3.719352989865656127e+02,-1.747269210704236571e+02,1.747269210704236571e+02
2.600000000000000089e-01,-6.000000000000000472e-02,5.415764128644193764e-01,5.390391066409360974e+02,3.667504004653018796e+02,-1.722887061756342462e+02,1.722887061756342462e+02
2.666666666666667185e-01,-6.000000000000000472e-02,5.344798362065275033e-01,5.314525602174567211e+02,3.616408652716197025e+02,-1.698116949458370470e+02,1.698116949458370470e+02
2.733333333333333171e-01,-6.000000000000000472e-02,5.274955290867934243e-01,5.239143493171266073e+02,3.566121641454111568e+02,-1.673021851717153936e+02,1.673021851717153936e+02
2.800000000000000266e-01,-6.000000000000000472e-02,5.206305374329397440e-01,5.164357381181935125e+02,3.516693701546365673e+02,-1.647663679635568883e+02,1.647663679635568883e+02
2.866666666666667362e-01,-6.000000000000000472e-02,5.138913353954268626e-01,5.090274430035674413e+02,3.468171446876273194e+02,-1.622102983159400935e+02,1.622102983159400935e+02
2.933333333333333348e-01,-6.000000000000000472e-02,5.072838112927873233e-01,5.016995953242108044e+02,3.420597273337268120e+02,-1.596398679904839639e+02,1.596398679904839639e+02
2.999999999999999889e-01,-6.000000000000000472e-02,5.008132588504559113e-01,4.944617104818861435e+02,3.374009295752481989e+02,-1.570607809066378877e+02,1.570607809066378877e+02
-1.000000000000000056e-01,-5.333333333333333676e-02,8.562088400571983282e-01,7.486150726001092153e+02,5.934907556539938014e+02,-1.551243169461153855e+02,1.551243169461153855e+02
-9.333333333333333759e-02,-5.333333333333333676e-02,8.536251148176945414e-01,7.497920197750368061e+02,5.916304734815511210e+02,-1.581615462934856282e+02,1.581615462934856282e+02
-8.666666666666666963e-02,-5.333333333333333676e-02,8.509271152914341663e-01,7.508301467648666403e+02,5.896879138226436226e+02,-1.611422329422229325e+02,1.611422329422229325e+02
-8.000000000000000167e-02,-5.333333333333333676e-02,8.481111851797882295e-01,7.517238042891248142e+02,5.876604441422585978e+02,-1.640633601468662164e+02,1.640633601468662164e+02
-7.333333333333333370e-02,-5.333333333333333676e-02,8.451736916595495863e-01,7.524672673199318069e+02,5.855454488076866255e+02,-1.669218185122450677e+02,1.669218185122450677e+02
-6.666666666666667962e-02,-5.333333333333333676e-02,8.421110421666904156e-01,7.530547515293566221e+02,5.833403411728281753e+02,-1.697144103565284752e+02,1.697144103565284752e+02
-6.000000000000000472e-02,-5.333333333333333676e-02,8.389197026191028694e-01,7.534804317607651001e+02,5.810425766985649716e+02,-1.724378550622000432e+02,1.724378550622000432e+02
-5.333333333333333676e-02,-5.333333333333333676e-02,8.355962170865569583e-01,7.537384625991119265e+02,5.786496671151319333e+02,-1.750887954839799363e+02,1.750887954839799363e+02
-4.666666666666666879e-02,-5.333333333333333676e-02,8.321372289000552591e-01,7.538230011002535775e+02,5.761591956208508236e+02,-1.776638054794028960e+02,1.776638054794028960e+02
-4.000000000000000083e-02,-5.333333333333333676e-02,8.285395031743674199e-01,7.537282317212900580e+02,5.735688330983555261e+02,-1.801593986229345035e+02,1.801593986229345035e+02
-3.333333333333333981e-02,-5.333333333333333676e-02,8.247999506968494154e-01,7.534483934725479912e+02,5.708763553145425931e+02,-1.825720381580054266e+02,1.825720381580054266e+02
-2.666666666666667185e-02,-5.333333333333333676e-02,8.209156531126426959e-01,7.529778092869288457e+02,5.680796610539138101e+02,-1.848981482330150641e+02,1.848981482330150641e+02
-2.000000000000000389e-02,-5.333333333333333676e-02,8.168838893111576294e-01,7.523109175739206194e+02,5.651767911168444698e+02,-1.871341264570761496e+02,1.871341264570761496e+02
-1.333333333333333592e-02,-5.333333333333333676e-02,8.127021628914861129e-01,7.514423058936154121e+02,5.621659480946809708e+02,-1.892763577989344412e+02,1.892763577989344412e+02
-6.666666666666667962e-03,-5.333333333333333676e-02,8.083682305553381298e-01,7.503667466506813071e+02,5.590455168126545686e+02,-1.913212298380267953e+02,1.913212298380267953e+02
0.000000000000000000e+00,-5.333333333333333676e-02,8.038801312455567949e-01,7.490792346696317736e+02,5.558140853096118690e+02,-1.932651493600199046e+02,1.932651493600199046e+02
6.666666666666667962e-03,-5.333333333333333676e-02,7.992362158166756991e-01,7.475750264712248736e+02,5.524704662008175546e+02,-1.951045602704073474e+02,1.951045602704073474e+02
1.333333333333333592e-02,-5.333333333333333676e-02,7.944351769918680528e-01,7.458496810258939149e+02,5.490137182469559320e+02,-1.968359627789379260e+02,1.968359627789379260e+02
2.000000000000000389e-02,-5.333333333333333676e-02,7.894760793285959810e-01,7.438991017143316640e+02,5.454431679294000332e+02,-1.984559337849316591e+02,1.984559337849316591e+02
2.666666666666667185e-02,-5.333333333333333676e-02,7.843583888840659490e-01,7.417195791785011352e+02,5.417584308093385062e+02,-1.999611483691626574e+02,1.999611483691626574e+02
3.333333333333332593e-02,-5.333333333333333676e-02,7.790820022420037461e-01,7.393078346992937213e+02,5.379594324270537982e+02,-2.013484022722399516e+02,2.013484022722399516e+02
4.000000000000000777e-02,-5.333333333333333676e-02,7.736472745352036551e-01,7.366610636908645802e+02,5.340464284781576225e+02,-2.026146352127069292e+02,2.026146352127069292e+02
4.666666666666666186e-02,-5.333333333333333676e-02,7.680550460747307406e-01,7.337769788575005805e+02,5.300200239866171614e+02,-2.037569548708834475e+02,2.037569548708834475e+02
5.333333333333334370e-02,-5.333333333333333676e-02,7.623066671775629022e-01,7.306538525180114902e+02,5.258811911806562875e+02,-2.047726613373552595e+02,2.047726613373552595e+02
5.999999999999999778e-02,-5.333333333333333676e-02,7.564040207708717656e-01,7.272905575664656226e+02,5.216312857678386763e+02,-2.056592717986270316e+02,2.056592717986270316e+02
6.666666666666667962e-02,-5.333333333333333676e-02,7.503495423440529333e-01,7.236866065080278076e+02,5.172720613005291170e+02,-2.064145452074986338e+02,2.064145452074986338e+02
7.333333333333333370e-02,-5.333333333333333676e-02,7.441462368199677213e-01,7.198421879861662092e+02,5.128056813231878550e+02,-2.070365066629784110e+02,2.070365066629784110e+02
8.000000000000001554e-02,-5.333333333333333676e-02,7.377976919255044841e-01,7.157582002039753206e+02,5.082347289991743082e+02,-2.075234712048010977e+02,2.075234712048010977e+02
8.666666666666666963e-02,-5.333333333333333676e-02,7.313080876591917523e-01,7.114362806391151253e+02,5.035622139274290134e+02,-2.078740667116860834e+02,2.078740667116860834e+02
9.333333333333335147e-02,-5.333333333333333676e-02,7.246822014807405843e-01,7.068788314600994909e+02,4.987915758789442862e+02,-2.080872555811552047e+02,2.080872555811552047e+02
1.000000000000000056e-01,-5.333333333333333676e-02,7.179254088843329829e-01,7.020890400722856839e+02,4.939266852095308309e+02,-2.081623548627548814e+02,2.081623548627548814e+02
1.066666666666666874e-01,-5.333333333333333676e-02,7.110436790642340465e-01,6.970708942556345846e+02,4.889718397390594760e+02,-2.080990545165751371e+02,2.080990545165751371e+02
1.133333333333333415e-01,-5.333333333333333676e-02,7.040435654376338004e-01,6.918291914034774663e+02,4.839317579279073129e+02,-2.078974334755701818e+02,2.078974334755701818e+02
1.199999999999999956e-01,-5.333333333333333676e-02,6.969321908548984368e-01,6.863695414320945929e+02,4.788115682283379329e+02,-2.075579732037566032e+02,2.075579732037566032e+02
1.266666666666666774e-01,-5.333333333333333676e-02,6.897172274007306036e-01,6.806983630044610436e+02,4.736167945413370717e+02,-2.070815684631240003e+02,2.070815684631240003e+02
1.333333333333333315e-01,-5.333333333333333676e-02,6.824068707698411895e-01,6.748228727971541048e+02,4.683533377670966615e+02,-2.064695350300574717e+02,2.064695350300574717e+02
1.400000000000000133e-01,-5.333333333333333676e-02,6.750098092860536969e-01,6.687510676357983357e+02,4.630274534987696597e+02,-2.057236141370287044e+02,2.057236141370287044e+02
1.466666666666666674e-01,-5.333333333333333676e-02,6.675351877224477981e-01,6.624916994298001782e+02,4.576457259729734233e+02,-2.048459734568267550e+02,2.048459734568267550e+02
1.533333333333333492e-01,-5.333333333333333676e-02,6.599925661701289137e-01,6.560542429493049212e+02,4.522150384553037838e+02,-2.038392044940011374e+02,2.038392044940011374e+02
1.600000000000000033e-01,-5.333333333333333676e-02,6.523918742922283354e-01,6.494488566037707642e+02,4.467425403032153781e+02,-2.027063163005553861e+02,2.027063163005553861e+02
1.666666666666666574e-01,-5.333333333333333676e-02,6.447433613854414158e-01,6.426863364994972017e+02,4.412356110103287961e+02,-2.014507254891684056e+02,2.014507254891684056e+02
1.733333333333333670e-01,-5.333333333333333676e-02,6.370575427514553191e-01,6.357780641698860791e+02,4.357018215938588810e+02,-2.000762425760272265e+02,2.000762425760272265e+02
1.800000000000000211e-01,-5.333333333333333676e-02,6.293451429526987217e-01,6.287359484840592359e+02,4.301488937387540545e+02,-1.985870547453052097e+02,1.985870547453052097e+02
1.866666666666666752e-01,-5.333333333333333676e-02,6.216170365888535887e-01,6.215723623436773551e+02,4.245846571567855676e+02,-1.969877051868917590e+02,1.969877051868917590e+02
1.933333333333333293e-01,-5.333333333333333676e-02,6.138841872806479749e-01,6.143000748715073769e+02,4.190170056548776074e+02,-1.952830692166297695e+02,1.952830692166297695e+02
2.000000000000000389e-01,-5.333333333333333676e-02,6.061575855840428684e-01,6.069321798758152227e+02,4.134538524333219129e+02,-1.934783274424932813e+02,1.934783274424932813e+02
2.066666666666666929e-01,-5.333333333333333676e-02,5.984481865799169409e-01,5.994820214397598193e+02,4.079030851503512167e+02,-1.915789362894085741e+02,1.915789362894085741e+02
2.133333333333333470e-01,-5.333333333333333676e-02,5.907668478910518273e-01,5.919631175328324844e+02,4.023725212943683118e+02,-1.895905962384641725e+02,1.895905962384641725e+02
2.200000000000000011e-01,-5.333333333333333676e-02,5.831242688694049381e-01,5.843890825707266004e+02,3.968698643987825676e+02,-1.875192181719440043e+02,1.875192181719440043e+02
2.266666666666666552e-01,-5.333333333333333676e-02,5.755309316726119340e-01,5.767735498601527979e+02,3.914026616170915531e+02,-1.853708882430611595e+02,1.853708882430611595e+02
2.333333333333333648e-01,-5.333333333333333676e-02,5.679970449101430230e-01,5.691300948559548942e+02,3.859782631481139674e+02,-1.831518317078408700e+02,1.831518317078408700e+02
2.400000000000000189e-01,-5.333333333333333676e-02,5.605324904877295733e-01,5.614721601299261238e+02,3.806037839639762979e+02,-1.808683761659497691e+02,1.808683761659497691e+02
2.466666666666666730e-01,-5.333333333333333676e-02,5.531467742151692235e-01,5.538129829050819808e+02,3.752860682477328851e+02,-1.785269146573491241e+02,1.785269146573491241e+02
2.533333333333332993e-01,-5.333333333333333676e-02,5.458489806693174184e-01,5.461655259474118793e+02,3.700316568947196174e+02,-1.761338690526923187e+02,1.761338690526923187e+02
2.600000000000000089e-01,-5.333333333333333676e-02,5.386477327231178336e-01,5.385424125313586501e+02,3.648467583734558275e+02,-1.736956541579028794e+02,1.736956541579028794e+02
2.666666666666667185e-01,-5.333333333333333676e-02,5.315511560652258494e-01,5.309558661078792738e+02,3.597372231797736504e+02,-1.712186429281056803e+02,1.712186429281056803e+02
2.733333333333333171e-01,-5.333333333333333676e-02,5.245668489454917705e-01,5.234176552075491600e+02,3.547085220535651047e+02,-1.687091331539840269e+02,1.687091331539840269e+02
2.800000000000000266e-01,-5.333333333333333676e-02,5.177018572916382011e-01,5.159390440086160652e+02,3.497657280627905152e+02,-1.661733159458255216e+02,1.661733159458255216e+02
2.866666666666667362e-01,-5.333333333333333676e-02,5.109626552541253197e-01,5.085307488939899940e+02,3.449135025957812104e+02,-1.636172462982087268e+02,1.636172462982087268e+02
2.933333333333333348e-01,-5.333333333333333676e-02,5.043551311514857804e-01,5.012029012146333571e+02,3.401560852418807599e+02,-1.610468159727525972e+02,1.610468159727525972e+02
2.999999999999999889e-01,-5.333333333333333676e-02,4.978845787091543684e-01,4.939650163723086962e+02,3.354972874834021468e+02,-1.584677288889065494e+02,1.584677288889065494e+02
-1.000000000000000056e-01,-4.666666666666666879e-02,8.532111856193653754e-01,7.480261504737038649e+02,5.915422802694024540e+02,-1.564838702043014678e+02,1.564838702043014678e+02
-9.333333333333333759e-02,-4.666666666666666879e-02,8.506274603798616996e-01,7.492030976486314557e+02,5.896819980969597736e+02,-1.595210995516717105e+02,1.595210995516717105e+02
-8.666666666666666963e-02,-4.666666666666666879e-02,8.479294608536013245e-01,7.502412246384612899e+02,5.877394384380522752e+02,-1.625017862004090148e+02,1.625017862004090148e+02
-8.000000000000000167e-02,-4.666666666666666879e-02,8.451135307419553877e-01,7.511348821627195775e+02,5.857119687576672504e+02,-1.654229134050522987e+02,1.654229134050522987e+02
-7.333333333333333370e-02,-4.666666666666666879e-02,8.421760372217166335e-01,7.518783451935264566e+02,5.835969734230952781e+02,-1.682813717704311216e+02,1.682813717704311216e+02
-6.666666666666667962e-02,-4.666666666666666879e-02,8.391133877288575738e-01,7.524658294029513854e+02,5.813918657882368279e+02,-1.710739636147145575e+02,1.710739636147145575e+02
-6.000000000000000472e-02,-4.666666666666666879e-02,8.359220481812699166e-01,7.528915096343598634e+02,5.790941013139736242e+02,-1.737974083203861255e+02,1.737974083203861255e+02
-5.333333333333333676e-02,-4.666666666666666879e-02,8.325985626487240054e-01,7.531495404727065761e+02,5.767011917305405859e+02,-1.764483487421659902e+02,1.764483487421659902e+02
-4.666666666666666879e-02,-4.666666666666666879e-02,8.291395744622223063e-01,7.532340789738483409e+02,5.742107202362593625e+02,-1.790233587375889783e+02,1.790233587375889783e+02
-4.000000000000000083e-02,-4.666666666666666879e-02,8.255418487365345781e-01,7.531393095948847076e+02,5.716203577137641787e+02,-1.815189518811205858e+02,1.815189518811205858e+02
-3.333333333333333981e-02,-4.666666666666666879e-02,8.218022962590165736e-01,7.528594713461427546e+02,5.689278799299512457e+02,-1.839315914161915089e+02,1.839315914161915089e+02
-2.666666666666667185e-02,-4.666666666666666879e-02,8.179179986748098541e-01,7.523888871605236091e+02,5.661311856693224627e+02,-1.862577014912011464e+02,1.862577014912011464e+02
-2.000000000000000389e-02,-4.666666666666666879e-02,8.138862348733246765e-01,7.517219954475153827e+02,5.632283157322531224e+02,-1.884936797152622034e+02,1.884936797152622034e+02
-1.333333333333333592e-02,-4.666666666666666879e-02,8.097045084536531601e-01,7.508533837672101754e+02,5.602174727100896234e+02,-1.906359110571205235e+02,1.906359110571205235e+02
-6.666666666666667962e-03,-4.666666666666666879e-02,8.053705761175052880e-01,7.497778245242759567e+02,5.570970414280631076e+02,-1.926807830962128776e+02,1.926807830962128776e+02
0.000000000000000000e+00,-4.666666666666666879e-02,8.008824768077238421e-01,7.484903125432265369e+02,5.538656099250205216e+02,-1.946247026182059869e+02,1.946247026182059869e+02
6.666666666666667962e-03,-4.666666666666666879e-02,7.962385613788427463e-01,7.469861043448195232e+02,5.505219908162260936e+02,-1.964641135285934297e+02,1.964641135285934297e+02
1.333333333333333592e-02,-4.666666666666666879e-02,7.914375225540351000e-01,7.452607588994885646e+02,5.470652428623645847e+02,-1.981955160371240083e+02,1.981955160371240083e+02
2.000000000000000389e-02,-4.666666666666666879e-02,7.864784248907630282e-01,7.433101795879264273e+02,5.434946925448086859e+02,-1.998154870431177415e+02,1.998154870431177415e+02
2.666666666666667185e-02,-4.666666666666666879e-02,7.813607344462329962e-01,7.411306570520957848e+02,5.398099554247471588e+02,-2.013207016273487397e+02,2.013207016273487397e+02
3.333333333333332593e-02,-4.666666666666666879e-02,7.760843478041709043e-01,7.387189125728884846e+02,5.360109570424623371e+02,-2.027079555304260339e+02,2.027079555304260339e+02
4.000000000000000777e-02,-4.666666666666666879e-02,7.706496200973707023e-01,7.360721415644593435e+02,5.320979530935662751e+02,-2.039741884708930115e+02,2.039741884708930115e+02
4.666666666666666186e-02,-4.666666666666666879e-02,7.650573916368978988e-01,7.331880567310952301e+02,5.280715486020258140e+02,-2.051165081290695298e+02,2.051165081290695298e+02
5.333333333333334370e-02,-4.666666666666666879e-02,7.593090127397299494e-01,7.300649303916061399e+02,5.239327157960649402e+02,-2.061322145955413419e+02,2.061322145955413419e+02
5.999999999999999778e-02,-4.666666666666666879e-02,7.534063663330388128e-01,7.267016354400603859e+02,5.196828103832473289e+02,-2.070188250568131139e+02,2.070188250568131139e+02
6.666666666666667962e-02,-4.666666666666666879e-02,7.473518879062199805e-01,7.230976843816224573e+02,5.153235859159377696e+02,-2.077740984656847161e+02,2.077740984656847161e+02
7.333333333333333370e-02,-4.666666666666666879e-02,7.411485823821348795e-01,7.192532658597608588e+02,5.108572059385963939e+02,-2.083960599211644933e+02,2.083960599211644933e+02
8.000000000000001554e-02,-4.666666666666666879e-02,7.348000374876716423e-01,7.151692780775700840e+02,5.062862536145829608e+02,-2.088830244629871800e+02,2.088830244629871800e+02
8.666666666666666963e-02,-4.666666666666666879e-02,7.283104332213587995e-01,7.108473585127098886e+02,5.016137385428376092e+02,-2.092336199698721657e+02,2.092336199698721657e+02
9.333333333333335147e-02,-4.666666666666666879e-02,7.216845470429077425e-01,7.062899093336941405e+02,4.968431004943529388e+02,-2.094468088393412870e+02,2.094468088393412870e+02
1.000000000000000056e-01,-4.666666666666666879e-02,7.149277544465001411e-01,7.015001179458804472e+02,4.919782098249394267e+02,-2.095219081209409637e+02,2.095219081209409637e+02
1.066666666666666874e-01,-4.666666666666666879e-02,7.080460246264010937e-01,6.964819721292293480e+02,4.870233643544680717e+02,-2.094586077747612194e+02,2.094586077747612194e+02
1.133333333333333415e-01,-4.666666666666666879e-02,7.010459109998008476e-01,6.912402692770722297e+02,4.819832825433159087e+02,-2.092569867337562641e+02,2.092569867337562641e+02
1.199999999999999956e-01,-4.666666666666666879e-02,6.939345364170655950e-01,6.857806193056892425e+02,4.768630928437465855e+02,-2.089175264619426855e+02,2.089175264619426855e+02
1.266666666666666774e-01,-4.666666666666666879e-02,6.867195729628977618e-01,6.801094408780558069e+02,4.716683191567457243e+02,-2.084411217213100826e+02,2.084411217213100826e+02
1.333333333333333315e-01,-4.666666666666666879e-02,6.794092163320082367e-01,6.742339506707487544e+02,4.664048623825052573e+02,-2.078290882882435540e+02,2.078290882882435540e+02
1.400000000000000133e-01,-4.666666666666666879e-02,6.720121548482207441e-01,6.681621455093930990e+02,4.610789781141783124e+02,-2.070831673952147867e+02,2.070831673952147867e+02
1.466666666666666674e-01,-4.666666666666666879e-02,6.645375332846148453e-01,6.619027773033949416e+02,4.556972505883820190e+02,-2.062055267150128373e+02,2.062055267150128373e+02
1.533333333333333492e-01,-4.666666666666666879e-02,6.569949117322959609e-01,6.554653208228996846e+02,4.502665630707124365e+02,-2.051987577521872197e+02,2.051987577521872197e+02
1.600000000000000033e-01,-4.666666666666666879e-02,6.493942198543953825e-01,6.488599344773654138e+02,4.447940649186240307e+02,-2.040658695587414684e+02,2.040658695587414684e+02
1.666666666666666574e-01,-4.666666666666666879e-02,6.417457069476084630e-01,6.420974143730918513e+02,4.392871356257373918e+02,-2.028102787473544879e+02,2.028102787473544879e+02
1.733333333333333670e-01,-4.666666666666666879e-02,6.340598883136223662e-01,6.351891420434808424e+02,4.337533462092674768e+02,-2.014357958342133088e+02,2.014357958342133088e+02
1.800000000000000211e-01,-4.666666666666666879e-02,6.263474885148658799e-01,6.281470263576539992e+02,4.282004183541627071e+02,-1.999466080034912920e+02,1.999466080034912920e+02
1.866666666666666752e-01,-4.666666666666666879e-02,6.186193821510206359e-01,6.209834402172721184e+02,4.226361817721941634e+02,-1.983472584450778413e+02,1.983472584450778413e+02
1.933333333333333293e-01,-4.666666666666666879e-02,6.108865328428151331e-01,6.137111527451020265e+02,4.170685302702862600e+02,-1.966426224748158518e+02,1.966426224748158518e+02
2.000000000000000389e-01,-4.666666666666666879e-02,6.031599311462100266e-01,6.063432577494099860e+02,4.115053770487305655e+02,-1.948378807006793636e+02,1.948378807006793636e+02
2.066666666666666929e-01,-4.666666666666666879e-02,5.954505321420839881e-01,5.988930993133544689e+02,4.059546097657598693e+02,-1.929384895475946564e+02,1.929384895475946564e+02
2.133333333333333470e-01,-4.666666666666666879e-02,5.877691934532189855e-01,5.913741954064272477e+02,4.004240459097769644e+02,-1.909501494966502548e+02,1.909501494966502548e+02
2.200000000000000011e-01,-4.666666666666666879e-02,5.801266144315719853e-01,5.838001604443213637e+02,3.949213890141911634e+02,-1.888787714301300866e+02,1.888787714301300866e+02
2.266666666666666552e-01,-4.666666666666666879e-02,5.725332772347789811e-01,5.761846277337474476e+02,3.894541862325002057e+02,-1.867304415012472418e+02,1.867304415012472418e+02
2.333333333333333648e-01,-4.666666666666666879e-02,5.649993904723100702e-01,5.685411727295495439e+02,3.840297877635225632e+02,-1.845113849660269523e+02,1.845113849660269523e+02
2.400000000000000189e-01,-4.666666666666666879e-02,5.575348360498966205e-01,5.608832380035207734e+02,3.786553085793849505e+02,-1.822279294241358514e+02,1.822279294241358514e+02
2.466666666666666730e-01,-4.666666666666666879e-02,5.501491197773363817e-01,5.532240607786767441e+02,3.733375928631414808e+02,-1.798864679155352064e+02,1.798864679155352064e+02
2.533333333333332993e-01,-4.666666666666666879e-02,5.428513262314845766e-01,5.455766038210065290e+02,3.680831815101282132e+02,-1.774934223108783726e+02,1.774934223108783726e+02
2.600000000000000089e-01,-4.666666666666666879e-02,5.356500782852848808e-01,5.379534904049534134e+02,3.628982829888644801e+02,-1.750552074160889617e+02,1.750552074160889617e+02
2.666666666666667185e-01,-4.666666666666666879e-02,5.285535016273930076e-01,5.303669439814740372e+02,3.577887477951823030e+02,-1.725781961862917626e+02,1.725781961862917626e+02
2.733333333333333171e-01,-4.666666666666666879e-02,5.215691945076589287e-01,5.228287330811438096e+02,3.527600466689737004e+02,-1.700686864121701092e+02,1.700686864121701092e+02
2.800000000000000266e-01,-4.666666666666666879e-02,5.147042028538052483e-01,5.153501218822107148e+02,3.478172526781991110e+02,-1.675328692040116039e+02,1.675328692040116039e+02
2.866666666666667362e-01,-4.666666666666666879e-02,5.079650008162923669e-01,5.079418267675846437e+02,3.429650272111898630e+02,-1.649767995563948091e+02,1.649767995563948091e+02
2.933333333333333348e-01,-4.666666666666666879e-02,5.013574767136528276e-01,5.006139790882280636e+02,3.382076098572894125e+02,-1.624063692309386795e+02,1.624063692309386795e+02
2.999999999999999889e-01,-4.666666666666666879e-02,4.948869242713214711e-01,4.933760942459034027e+02,3.335488120988107994e+02,-1.598272821470926033e+02,1.598272821470926033e+02
-1.000000000000000056e-01,-4.000000000000000083e-02,8.501447422103168838e-01,7.473439429456782364e+02,5.895490920535208943e+02,-1.577948508921573989e+02,1.577948508921573989e+02
-9.333333333333333759e-02,-4.000000000000000083e-02,8.475610169708132080e-01,7.485208901206058272e+02,5.876888098810782139e+02,-1.608320802395276701e+02,1.608320802395276701e+02
-8.666666666666666963e-02,-4.000000000000000083e-02,8.448630174445528329e-01,7.495590171104356614e+02,5.857462502221708291e+02,-1.638127668882649459e+02,1.638127668882649459e+02
-8.000000000000000167e-02,-4.000000000000000083e-02,8.420470873329068962e-01,7.504526746346939490e+02,5.837187805417856907e+02,-1.667338940929082582e+02,1.667338940929082582e+02
-7.333333333333333370e-02,-4.000000000000000083e-02,8.391095938126681419e-01,7.511961376655008280e+02,5.816037852072138321e+02,-1.695923524582871096e+02,1.695923524582871096e+02
-6.666666666666667962e-02,-4.000000000000000083e-02,8.360469443198090822e-01,7.517836218749257569e+02,5.793986775723552682e+02,-1.723849443025705170e+02,1.723849443025705170e+02
-6.000000000000000472e-02,-4.000000000000000083e-02,8.328556047722214251e-01,7.522093021063342348e+02,5.771009130980921782e+02,-1.751083890082420567e+02,1.751083890082420567e+02
-5.333333333333333676e-02,-4.000000000000000083e-02,8.295321192396755139e-01,7.524673329446810612e+02,5.747080035146591399e+02,-1.777593294300219782e+02,1.777593294300219782e+02
-4.666666666666666879e-02,-4.000000000000000083e-02,8.260731310531738147e-01,7.525518714458228260e+02,5.722175320203779165e+02,-1.803343394254449095e+02,1.803343394254449095e+02
-4.000000000000000083e-02,-4.000000000000000083e-02,8.224754053274860865e-01,7.524571020668591927e+02,5.696271694978827327e+02,-1.828299325689765169e+02,1.828299325689765169e+02
-3.333333333333333981e-02,-4.000000000000000083e-02,8.187358528499679711e-01,7.521772638181171260e+02,5.669346917140696860e+02,-1.852425721040474400e+02,1.852425721040474400e+02
-2.666666666666667185e-02,-4.000000000000000083e-02,8.148515552657613625e-01,7.517066796324979805e+02,5.641379974534409030e+02,-1.875686821790570775e+02,1.875686821790570775e+02
-2.000000000000000389e-02,-4.000000000000000083e-02,8.108197914642761850e-01,7.510397879194897541e+02,5.612351275163715627e+02,-1.898046604031181914e+02,1.898046604031181914e+02
-1.333333333333333592e-02,-4.000000000000000083e-02,8.066380650446047795e-01,7.501711762391846605e+02,5.582242844942081774e+02,-1.919468917449764831e+02,1.919468917449764831e+02
-6.666666666666667962e-03,-4.000000000000000083e-02,8.023041327084567964e-01,7.490956169962504418e+02,5.551038532121816615e+02,-1.939917637840688371e+02,1.939917637840688371e+02
0.000000000000000000e+00,-4.000000000000000083e-02,7.978160333986753505e-01,7.478081050152009084e+02,5.518724217091389619e+02,-1.959356833060619465e+02,1.959356833060619465e+02
6.666666666666667962e-03,-4.000000000000000083e-02,7.931721179697943658e-01,7.463038968167938947e+02,5.485288026003446475e+02,-1.977750942164493893e+02,1.977750942164493893e+02
1.333333333333333592e-02,-4.000000000000000083e-02,7.883710791449867195e-01,7.445785513714630497e+02,5.450720546464831386e+02,-1.995064967249799679e+02,1.995064967249799679e+02
2.000000000000000389e-02,-4.000000000000000083e-02,7.834119814817145366e-01,7.426279720599009124e+02,5.415015043289272398e+02,-2.011264677309737010e+02,2.011264677309737010e+02
2.666666666666667185e-02,-4.000000000000000083e-02,7.782942910371846157e-01,7.404484495240702699e+02,5.378167672088655991e+02,-2.026316823152046993e+02,2.026316823152046993e+02
3.333333333333332593e-02,-4.000000000000000083e-02,7.730179043951224127e-01,7.380367050448628561e+02,5.340177688265808911e+02,-2.040189362182819934e+02,2.040189362182819934e+02
4.000000000000000777e-02,-4.000000000000000083e-02,7.675831766883223217e-01,7.353899340364337149e+02,5.301047648776847154e+02,-2.052851691587489711e+02,2.052851691587489711e+02
4.666666666666666186e-02,-4.000000000000000083e-02,7.619909482278492963e-01,7.325058492030697153e+02,5.260783603861442543e+02,-2.064274888169254893e+02,2.064274888169254893e+02
5.333333333333334370e-02,-4.000000000000000083e-02,7.562425693306814578e-01,7.293827228635806250e+02,5.219395275801833805e+02,-2.074431952833973014e+02,2.074431952833973014e+02
5.999999999999999778e-02,-4.000000000000000083e-02,7.503399229239904322e-01,7.260194279120348710e+02,5.176896221673657692e+02,-2.083298057446690734e+02,2.083298057446690734e+02
6.666666666666667962e-02,-4.000000000000000083e-02,7.442854444971715999e-01,7.224154768535968287e+02,5.133303977000562099e+02,-2.090850791535406756e+02,2.090850791535406756e+02
7.333333333333333370e-02,-4.000000000000000083e-02,7.380821389730862769e-01,7.185710583317353439e+02,5.088640177227149479e+02,-2.097070406090204528e+02,2.097070406090204528e+02
8.000000000000001554e-02,-4.000000000000000083e-02,7.317335940786231507e-01,7.144870705495445691e+02,5.042930653987014011e+02,-2.101940051508431395e+02,2.101940051508431395e+02
8.666666666666666963e-02,-4.000000000000000083e-02,7.252439898123103079e-01,7.101651509846842600e+02,4.996205503269561632e+02,-2.105446006577281253e+02,2.105446006577281253e+02
9.333333333333335147e-02,-4.000000000000000083e-02,7.186181036338592509e-01,7.056077018056686256e+02,4.948499122784713791e+02,-2.107577895271972466e+02,2.107577895271972466e+02
1.000000000000000056e-01,-4.000000000000000083e-02,7.118613110374516495e-01,7.008179104178548187e+02,4.899850216090579806e+02,-2.108328888087969233e+02,2.108328888087969233e+02
1.066666666666666874e-01,-4.000000000000000083e-02,7.049795812173526022e-01,6.957997646012038331e+02,4.850301761385866257e+02,-2.107695884626171789e+02,2.107695884626171789e+02
1.133333333333333415e-01,-4.000000000000000083e-02,6.979794675907523560e-01,6.905580617490466011e+02,4.799900943274344627e+02,-2.105679674216122237e+02,2.105679674216122237e+02
1.199999999999999956e-01,-4.000000000000000083e-02,6.908680930080171034e-01,6.850984117776636140e+02,4.748699046278650258e+02,-2.102285071497986451e+02,2.102285071497986451e+02
1.266666666666666774e-01,-4.000000000000000083e-02,6.836531295538492703e-01,6.794272333500302921e+02,4.696751309408641646e+02,-2.097521024091660422e+02,2.097521024091660422e+02
1.333333333333333315e-01,-4.000000000000000083e-02,6.763427729229598562e-01,6.735517431427232395e+02,4.644116741666238113e+02,-2.091400689760995135e+02,2.091400689760995135e+02
1.400000000000000133e-01,-4.000000000000000083e-02,6.689457114391723636e-01,6.674799379813675841e+02,4.590857898982968095e+02,-2.083941480830707462e+02,2.083941480830707462e+02
1.466666666666666674e-01,-4.000000000000000083e-02,6.614710898755663537e-01,6.612205697753693130e+02,4.537040623725005162e+02,-2.075165074028687968e+02,2.075165074028687968e+02
1.533333333333333492e-01,-4.000000000000000083e-02,6.539284683232474693e-01,6.547831132948740560e+02,4.482733748548308768e+02,-2.065097384400431793e+02,2.065097384400431793e+02
1.600000000000000033e-01,-4.000000000000000083e-02,6.463277764453468910e-01,6.481777269493398990e+02,4.428008767027424710e+02,-2.053768502465974279e+02,2.053768502465974279e+02
1.666666666666666574e-01,-4.000000000000000083e-02,6.386792635385599715e-01,6.414152068450663364e+02,4.372939474098559458e+02,-2.041212594352104475e+02,2.041212594352104475e+02
1.733333333333333670e-01,-4.000000000000000083e-02,6.309934449045739857e-01,6.345069345154552138e+02,4.317601579933859739e+02,-2.027467765220692684e+02,2.027467765220692684e+02
1.800000000000000211e-01,-4.000000000000000083e-02,6.232810451058172774e-01,6.274648188296284843e+02,4.262072301382812043e+02,-2.012575886913472516e+02,2.012575886913472516e+02
1.866666666666666752e-01,-4.000000000000000083e-02,6.155529387419721443e-01,6.203012326892464898e+02,4.206429935563127174e+02,-1.996582391329338009e+02,1.996582391329338009e+02
1.933333333333333293e-01,-4.000000000000000083e-02,6.078200894337666416e-01,6.130289452170765117e+02,4.150753420544047003e+02,-1.979536031626718113e+02,1.979536031626718113e+02
2.000000000000000389e-01,-4.000000000000000083e-02,6.000934877371615350e-01,6.056610502213843574e+02,4.095121888328490058e+02,-1.961488613885353232e+02,1.961488613885353232e+02
2.066666666666666929e-01,-4.000000000000000083e-02,5.923840887330356075e-01,5.982108917853288403e+02,4.039614215498783096e+02,-1.942494702354506160e+02,1.942494702354506160e+02
2.133333333333333470e-01,-4.000000000000000083e-02,5.847027500441703829e-01,5.906919878784017328e+02,3.984308576938954616e+02,-1.922611301845062144e+02,1.922611301845062144e+02
2.200000000000000011e-01,-4.000000000000000083e-02,5.770601710225236047e-01,5.831179529162957351e+02,3.929282007983097174e+02,-1.901897521179860462e+02,1.901897521179860462e+02
2.266666666666666552e-01,-4.000000000000000083e-02,5.694668338257304896e-01,5.755024202057218190e+02,3.874609980166187029e+02,-1.880414221891031730e+02,1.880414221891031730e+02
2.333333333333333648e-01,-4.000000000000000083e-02,5.619329470632615786e-01,5.678589652015239153e+02,3.820365995476411172e+02,-1.858223656538829118e+02,1.858223656538829118e+02
2.400000000000000189e-01,-4.000000000000000083e-02,5.544683926408481289e-01,5.602010304754951449e+02,3.766621203635033908e+02,-1.835389101119918109e+02,1.835389101119918109e+02
2.466666666666666730e-01,-4.000000000000000083e-02,5.470826763682878902e-01,5.525418532506512292e+02,3.713444046472600348e+02,-1.811974486033911660e+02,1.811974486033911660e+02
2.533333333333332993e-01,-4.000000000000000083e-02,5.397848828224360851e-01,5.448943962929810141e+02,3.660899932942467103e+02,-1.788044029987343606e+02,1.788044029987343606e+02
2.600000000000000089e-01,-4.000000000000000083e-02,5.325836348762363892e-01,5.372712828769278985e+02,3.609050947729829204e+02,-1.763661881039449213e+02,1.763661881039449213e+02
2.666666666666667185e-01,-4.000000000000000083e-02,5.254870582183445160e-01,5.296847364534485223e+02,3.557955595793007433e+02,-1.738891768741477222e+02,1.738891768741477222e+02
2.733333333333333171e-01,-4.000000000000000083e-02,5.185027510986104371e-01,5.221465255531182947e+02,3.507668584530922544e+02,-1.713796671000260403e+02,1.713796671000260403e+02
2.800000000000000266e-01,-4.000000000000000083e-02,5.116377594447567567e-01,5.146679143541850863e+02,3.458240644623176649e+02,-1.688438498918675350e+02,1.688438498918675350e+02
2.866666666666667362e-01,-4.000000000000000083e-02,5.048985574072438753e-01,5.072596192395591288e+02,3.409718389953083602e+02,-1.662877802442507686e+02,1.662877802442507686e+02
2.933333333333333348e-01,-4.000000000000000083e-02,4.982910333046043916e-01,4.999317715602024919e+02,3.362144216414079096e+02,-1.637173499187946391e+02,1.637173499187946391e+02
2.999999999999999889e-01,-4.000000000000000083e-02,4.918204808622729796e-01,4.926938867178778310e+02,3.315556238829292965e+02,-1.611382628349485913e+02,1.611382628349485913e+02
-1.000000000000000056e-01,-3.333333333333333981e-02,8.470098239194334688e-01,7.465675065155056700e+02,5.875113951644466397e+02,-1.590561113510590303e+02,1.590561113510590303e+02
-9.333333333333333759e-02,-3.333333333333333981e-02,8.444260986799296820e-01,7.477444536904332608e+02,5.856511129920039593e+02,-1.620933406984293015e+02,1.620933406984293015e+02
-8.666666666666666963e-02,-3.333333333333333981e-02,8.417280991536693069e-01,7.487825806802630950e+02,5.837085533330965745e+02,-1.650740273471665773e+02,1.650740273471665773e+02
-8.000000000000000167e-02,-3.333333333333333981e-02,8.389121690420233701e-01,7.496762382045212689e+02,5.816810836527114361e+02,-1.679951545518098897e+02,1.679951545518098897e+02
-7.333333333333333370e-02,-3.333333333333333981e-02,8.359746755217847269e-01,7.504197012353282616e+02,5.795660883181395775e+02,-1.708536129171887126e+02,1.708536129171887126e+02
-6.666666666666667962e-02,-3.333333333333333981e-02,8.329120260289255562e-01,7.510071854447530768e+02,5.773609806832810136e+02,-1.736462047614721200e+02,1.736462047614721200e+02
-6.000000000000000472e-02,-3.333333333333333981e-02,8.297206864813380101e-01,7.514328656761615548e+02,5.750632162090179236e+02,-1.763696494671436881e+02,1.763696494671436881e+02
-5.333333333333333676e-02,-3.333333333333333981e-02,8.263972009487920989e-01,7.516908965145084949e+02,5.726703066255848853e+02,-1.790205898889235812e+02,1.790205898889235812e+02
-4.666666666666666879e-02,-3.333333333333333981e-02,8.229382127622903997e-01,7.517754350156501459e+02,5.701798351313036619e+02,-1.815955998843465409e+02,1.815955998843465409e+02
-4.000000000000000083e-02,-3.333333333333333981e-02,8.193404870366025605e-01,7.516806656366866264e+02,5.675894726088084781e+02,-1.840911930278781483e+02,1.840911930278781483e+02
-3.333333333333333981e-02,-3.333333333333333981e-02,8.156009345590845561e-01,7.514008273879444459e+02,5.648969948249954314e+02,-1.865038325629490714e+02,1.865038325629490714e+02
-2.666666666666667185e-02,-3.333333333333333981e-02,8.117166369748778365e-01,7.509302432023253004e+02,5.621003005643666484e+02,-1.888299426379587089e+02,1.888299426379587089e+02
-2.000000000000000389e-02,-3.333333333333333981e-02,8.076848731733927700e-01,7.502633514893170741e+02,5.591974306272973081e+02,-1.910659208620197944e+02,1.910659208620197944e+02
-1.333333333333333592e-02,-3.333333333333333981e-02,8.035031467537212535e-01,7.493947398090119805e+02,5.561865876051339228e+02,-1.932081522038781145e+02,1.932081522038781145e+02
-6.666666666666667962e-03,-3.333333333333333981e-02,7.991692144175732704e-01,7.483191805660778755e+02,5.530661563231074069e+02,-1.952530242429704685e+02,1.952530242429704685e+02
0.000000000000000000e+00,-3.333333333333333981e-02,7.946811151077919355e-01,7.470316685850282283e+02,5.498347248200647073e+02,-1.971969437649635779e+02,1.971969437649635779e+02
6.666666666666667962e-03,-3.333333333333333981e-02,7.900371996789108398e-01,7.455274603866213283e+02,5.464911057112703929e+02,-1.990363546753509922e+02,1.990363546753509922e+02
1.333333333333333592e-02,-3.333333333333333981e-02,7.852361608541031934e-01,7.438021149412904833e+02,5.430343577574088840e+02,-2.007677571838815993e+02,2.007677571838815993e+02
2.000000000000000389e-02,-3.333333333333333981e-02,7.802770631908311216e-01,7.418515356297282324e+02,5.394638074398529852e+02,-2.023877281898753040e+02,2.023877281898753040e+02
2.666666666666667185e-02,-3.333333333333333981e-02,7.751593727463010897e-01,7.396720130938977036e+02,5.357790703197913444e+02,-2.038929427741063023e+02,2.038929427741063023e+02
3.333333333333332593e-02,-3.333333333333333981e-02,7.698829861042388867e-01,7.372602686146901760e+02,5.319800719375066365e+02,-2.052801966771835964e+02,2.052801966771835964e+02
4.000000000000000777e-02,-3.333333333333333981e-02,7.644482583974387957e-01,7.346134976062610349e+02,5.280670679886104608e+02,-2.065464296176505741e+02,2.065464296176505741e+02
4.666666666666666186e-02,-3.333333333333333981e-02,7.588560299369658813e-01,7.317294127728971489e+02,5.240406634970699997e+02,-2.076887492758270923e+02,2.076887492758270923e+02
5.333333333333334370e-02,-3.333333333333333981e-02,7.531076510397980428e-01,7.286062864334080587e+02,5.199018306911091258e+02,-2.087044557422989328e+02,2.087044557422989328e+02
5.999999999999999778e-02,-3.333333333333333981e-02,7.472050046331069062e-01,7.252429914818621910e+02,5.156519252782915146e+02,-2.095910662035706764e+02,2.095910662035706764e+02
6.666666666666667962e-02,-3.333333333333333981e-02,7.411505262062880739e-01,7.216390404234242624e+02,5.112927008109819553e+02,-2.103463396124423070e+02,2.103463396124423070e+02
7.333333333333333370e-02,-3.333333333333333981e-02,7.349472206822028619e-01,7.177946219015627776e+02,5.068263208336406933e+02,-2.109683010679220843e+02,2.109683010679220843e+02
8.000000000000001554e-02,-3.333333333333333981e-02,7.285986757877396247e-01,7.137106341193718890e+02,5.022553685096271465e+02,-2.114552656097447425e+02,2.114552656097447425e+02
8.666666666666666963e-02,-3.333333333333333981e-02,7.221090715214268929e-01,7.093887145545115800e+02,4.975828534378819086e+02,-2.118058611166297283e+02,2.118058611166297283e+02
9.333333333333335147e-02,-3.333333333333333981e-02,7.154831853429757249e-01,7.048312653754960593e+02,4.928122153893971245e+02,-2.120190499860988780e+02,2.120190499860988780e+02
1.000000000000000056e-01,-3.333333333333333981e-02,7.087263927465681235e-01,7.000414739876821386e+02,4.879473247199837260e+02,-2.120941492676985263e+02,2.120941492676985263e+02
1.066666666666666874e-01,-3.333333333333333981e-02,7.018446629264691872e-01,6.950233281710311530e+02,4.829924792495123711e+02,-2.120308489215187819e+02,2.120308489215187819e+02
1.133333333333333415e-01,-3.333333333333333981e-02,6.948445492998689410e-01,6.897816253188739211e+02,4.779523974383602081e+02,-2.118292278805138267e+02,2.118292278805138267e+02
1.199999999999999956e-01,-3.333333333333333981e-02,6.877331747171335774e-01,6.843219753474910476e+02,4.728322077387907711e+02,-2.114897676087002765e+02,2.114897676087002765e+02
1.266666666666666774e-01,-3.333333333333333981e-02,6.805182112629657443e-01,6.786507969198576120e+02,4.676374340517899100e+02,-2.110133628680676452e+02,2.110133628680676452e+02
1.333333333333333315e-01,-3.333333333333333981e-02,6.732078546320763301e-01,6.727753067125506732e+02,4.623739772775495567e+02,-2.104013294350011165e+02,2.104013294350011165e+02
1.400000000000000133e-01,-3.333333333333333981e-02,6.658107931482888375e-01,6.667035015511949041e+02,4.570480930092225549e+02,-2.096554085419723492e+02,2.096554085419723492e+02
1.466666666666666674e-01,-3.333333333333333981e-02,6.583361715846829387e-01,6.604441333451966329e+02,4.516663654834262616e+02,-2.087777678617704282e+02,2.087777678617704282e+02
1.533333333333333492e-01,-3.333333333333333981e-02,6.507935500323640543e-01,6.540066768647013760e+02,4.462356779657566221e+02,-2.077709988989448107e+02,2.077709988989448107e+02
1.600000000000000033e-01,-3.333333333333333981e-02,6.431928581544634760e-01,6.474012905191673326e+02,4.407631798136682164e+02,-2.066381107054990593e+02,2.066381107054990593e+02
1.666666666666666574e-01,-3.333333333333333981e-02,6.355443452476765565e-01,6.406387704148937701e+02,4.352562505207816912e+02,-2.053825198941120789e+02,2.053825198941120789e+02
1.733333333333333670e-01,-3.333333333333333981e-02,6.278585266136904597e-01,6.337304980852825338e+02,4.297224611043117193e+02,-2.040080369809708714e+02,2.040080369809708714e+02
1.800000000000000211e-01,-3.333333333333333981e-02,6.201461268149338624e-01,6.266883823994558043e+02,4.241695332492069497e+02,-2.025188491502488546e+02,2.025188491502488546e+02
1.866666666666666752e-01,-3.333333333333333981e-02,6.124180204510887293e-01,6.195247962590738098e+02,4.186052966672384628e+02,-2.009194995918354039e+02,2.009194995918354039e+02
1.933333333333333293e-01,-3.333333333333333981e-02,6.046851711428831155e-01,6.122525087869039453e+02,4.130376451653304457e+02,-1.992148636215734427e+02,1.992148636215734427e+02
2.000000000000000389e-01,-3.333333333333333981e-02,5.969585694462780090e-01,6.048846137912116774e+02,4.074744919437747512e+02,-1.974101218474369261e+02,1.974101218474369261e+02
2.066666666666666929e-01,-3.333333333333333981e-02,5.892491704421520815e-01,5.974344553551562740e+02,4.019237246608040550e+02,-1.955107306943522190e+02,1.955107306943522190e+02
2.133333333333333470e-01,-3.333333333333333981e-02,5.815678317532869679e-01,5.899155514482290528e+02,3.963931608048212070e+02,-1.935223906434078458e+02,1.935223906434078458e+02
2.200000000000000011e-01,-3.333333333333333981e-02,5.739252527316400787e-01,5.823415164861230551e+02,3.908905039092354627e+02,-1.914510125768876492e+02,1.914510125768876492e+02
2.266666666666666552e-01,-3.333333333333333981e-02,5.663319155348470746e-01,5.747259837755492526e+02,3.854233011275444483e+02,-1.893026826480048044e+02,1.893026826480048044e+02
2.333333333333333648e-01,-3.333333333333333981e-02,5.587980287723781636e-01,5.670825287713513490e+02,3.799989026585668626e+02,-1.870836261127845432e+02,1.870836261127845432e+02
2.400000000000000189e-01,-3.333333333333333981e-02,5.513334743499647139e-01,5.594245940453225785e+02,3.746244234744291361e+02,-1.848001705708934423e+02,1.848001705708934423e+02
2.466666666666666730e-01,-3.333333333333333981e-02,5.439477580774043641e-01,5.517654168204785492e+02,3.693067077581857802e+02,-1.824587090622927690e+02,1.824587090622927690e+02
2.533333333333332993e-01,-3.333333333333333981e-02,5.366499645315525591e-01,5.441179598628084477e+02,3.640522964051724557e+02,-1.800656634576359636e+02,1.800656634576359636e+02
2.600000000000000089e-01,-3.333333333333333981e-02,5.294487165853529742e-01,5.364948464467552185e+02,3.588673978839086658e+02,-1.776274485628465527e+02,1.776274485628465527e+02
2.666666666666667185e-01,-3.333333333333333981e-02,5.223521399274609900e-01,5.289083000232758422e+02,3.537578626902264887e+02,-1.751504373330493536e+02,1.751504373330493536e+02
2.733333333333333171e-01,-3.333333333333333981e-02,5.153678328077269111e-01,5.213700891229456147e+02,3.487291615640179998e+02,-1.726409275589276717e+02,1.726409275589276717e+02
2.800000000000000266e-01,-3.333333333333333981e-02,5.085028411538733417e-01,5.138914779240125199e+02,3.437863675732434103e+02,-1.701051103507691664e+02,1.701051103507691664e+02
2.866666666666667362e-01,-3.333333333333333981e-02,5.017636391163604603e-01,5.064831828093864488e+02,3.389341421062341055e+02,-1.675490407031524001e+02,1.675490407031524001e+02
2.933333333333333348e-01,-3.333333333333333981e-02,4.951561150137209211e-01,4.991553351300298687e+02,3.341767247523336550e+02,-1.649786103776962705e+02,1.649786103776962705e+02
2.999999999999999889e-01,-3.333333333333333981e-02,4.886855625713895090e-01,4.919174502877052078e+02,3.295179269938550419e+02,-1.623995232938501942e+02,1.623995232938501942e+02
-1.000000000000000056e-01,-2.666666666666667185e-02,8.438068785568810792e-01,7.456960195895999277e+02,5.854294806787876269e+02,-1.602665389108123009e+02,1.602665389108123009e+02
-9.333333333333333759e-02,-2.666666666666667185e-02,8.412231533173774034e-01,7.468729667645275185e+02,5.835691985063449465e+02,-1.633037682581825720e+02,1.633037682581825720e+02
-8.666666666666666963e-02,-2.666666666666667185e-02,8.385251537911170283e-01,7.479110937543573527e+02,5.816266388474375617e+02,-1.662844549069198479e+02,1.662844549069198479e+02
-8.000000000000000167e-02,-2.666666666666667185e-02,8.357092236794710916e-01,7.488047512786156403e+02,5.795991691670524233e+02,-1.692055821115631602e+02,1.692055821115631602e+02
-7.333333333333333370e-02,-2.666666666666667185e-02,8.327717301592323373e-01,7.495482143094225194e+02,5.774841738324805647e+02,-1.720640404769419831e+02,1.720640404769419831e+02
-6.666666666666667962e-02,-2.666666666666667185e-02,8.297090806663732776e-01,7.501356985188474482e+02,5.752790661976220008e+02,-1.748566323212253906e+02,1.748566323212253906e+02
-6.000000000000000472e-02,-2.666666666666667185e-02,8.265177411187856205e-01,7.505613787502559262e+02,5.729813017233589107e+02,-1.775800770268969586e+02,1.775800770268969586e+02
-5.333333333333333676e-02,-2.666666666666667185e-02,8.231942555862397093e-01,7.508194095886026389e+02,5.705883921399258725e+02,-1.802310174486768517e+02,1.802310174486768517e+02
-4.666666666666666879e-02,-2.666666666666667185e-02,8.197352673997380101e-01,7.509039480897444037e+02,5.680979206456445354e+02,-1.828060274440998114e+02,1.828060274440998114e+02
-4.000000000000000083e-02,-2.666666666666667185e-02,8.161375416740502819e-01,7.508091787107807704e+02,5.655075581231494652e+02,-1.853016205876314189e+02,1.853016205876314189e+02
-3.333333333333333981e-02,-2.666666666666667185e-02,8.123979891965322775e-01,7.505293404620388173e+02,5.628150803393364185e+02,-1.877142601227023420e+02,1.877142601227023420e+02
-2.666666666666667185e-02,-2.666666666666667185e-02,8.085136916123255579e-01,7.500587562764196718e+02,5.600183860787076355e+02,-1.900403701977119795e+02,1.900403701977119795e+02
-2.000000000000000389e-02,-2.666666666666667185e-02,8.044819278108403804e-01,7.493918645634114455e+02,5.571155161416382953e+02,-1.922763484217730650e+02,1.922763484217730650e+02
-1.333333333333333592e-02,-2.666666666666667185e-02,8.003002013911688639e-01,7.485232528831062382e+02,5.541046731194749100e+02,-1.944185797636313850e+02,1.944185797636313850e+02
-6.666666666666667962e-03,-2.666666666666667185e-02,7.959662690550209918e-01,7.474476936401720195e+02,5.509842418374482804e+02,-1.964634518027237391e+02,1.964634518027237391e+02
0.000000000000000000e+00,-2.666666666666667185e-02,7.914781697452395459e-01,7.461601816591225997e+02,5.477528103344056944e+02,-1.984073713247168484e+02,1.984073713247168484e+02
6.666666666666667962e-03,-2.666666666666667185e-02,7.868342543163584502e-01,7.446559734607155860e+02,5.444091912256112664e+02,-2.002467822351042628e+02,2.002467822351042628e+02
1.333333333333333592e-02,-2.666666666666667185e-02,7.820332154915508038e-01,7.429306280153846274e+02,5.409524432717498712e+02,-2.019781847436348698e+02,2.019781847436348698e+02
2.000000000000000389e-02,-2.666666666666667185e-02,7.770741178282787320e-01,7.409800487038224901e+02,5.373818929541939724e+02,-2.035981557496285745e+02,2.035981557496285745e+02
2.666666666666667185e-02,-2.666666666666667185e-02,7.719564273837487001e-01,7.388005261679918476e+02,5.336971558341323316e+02,-2.051033703338595728e+02,2.051033703338595728e+02
3.333333333333332593e-02,-2.666666666666667185e-02,7.666800407416866081e-01,7.363887816887845474e+02,5.298981574518475099e+02,-2.064906242369368670e+02,2.064906242369368670e+02
4.000000000000000777e-02,-2.666666666666667185e-02,7.612453130348864061e-01,7.337420106803554063e+02,5.259851535029514480e+02,-2.077568571774038446e+02,2.077568571774038446e+02
4.666666666666666186e-02,-2.666666666666667185e-02,7.556530845744136027e-01,7.308579258469912929e+02,5.219587490114109869e+02,-2.088991768355803629e+02,2.088991768355803629e+02
5.333333333333334370e-02,-2.666666666666667185e-02,7.499047056772456532e-01,7.277347995075022027e+02,5.178199162054501130e+02,-2.099148833020522034e+02,2.099148833020522034e+02
5.999999999999999778e-02,-2.666666666666667185e-02,7.440020592705545166e-01,7.243715045559564487e+02,5.135700107926325018e+02,-2.108014937633239470e+02,2.108014937633239470e+02
6.666666666666667962e-02,-2.666666666666667185e-02,7.379475808437356843e-01,7.207675534975185201e+02,5.092107863253229425e+02,-2.115567671721955776e+02,2.115567671721955776e+02
7.333333333333333370e-02,-2.666666666666667185e-02,7.317442753196505834e-01,7.169231349756569216e+02,5.047444063479816236e+02,-2.121787286276753548e+02,2.121787286276753548e+02
8.000000000000001554e-02,-2.666666666666667185e-02,7.253957304251873461e-01,7.128391471934661467e+02,5.001734540239681337e+02,-2.126656931694980130e+02,2.126656931694980130e+02
8.666666666666666963e-02,-2.666666666666667185e-02,7.189061261588745033e-01,7.085172276286059514e+02,4.955009389522228389e+02,-2.130162886763829988e+02,2.130162886763829988e+02
9.333333333333335147e-02,-2.666666666666667185e-02,7.122802399804234463e-01,7.039597784495902033e+02,4.907303009037381116e+02,-2.132294775458521485e+02,2.132294775458521485e+02
1.000000000000000056e-01,-2.666666666666667185e-02,7.055234473840158449e-01,6.991699870617765100e+02,4.858654102343246564e+02,-2.133045768274517968e+02,2.133045768274517968e+02
1.066666666666666874e-01,-2.666666666666667185e-02,6.986417175639167976e-01,6.941518412451254108e+02,4.809105647638533014e+02,-2.132412764812720525e+02,2.132412764812720525e+02
1.133333333333333415e-01,-2.666666666666667185e-02,6.916416039373165514e-01,6.889101383929682925e+02,4.758704829527011384e+02,-2.130396554402670972e+02,2.130396554402670972e+02
1.199999999999999956e-01,-2.666666666666667185e-02,6.845302293545812988e-01,6.834504884215853053e+02,4.707502932531317583e+02,-2.127001951684535470e+02,2.127001951684535470e+02
1.266666666666666774e-01,-2.666666666666667185e-02,6.773152659004134657e-01,6.777793099939518697e+02,4.655555195661308971e+02,-2.122237904278209157e+02,2.122237904278209157e+02
1.333333333333333315e-01,-2.666666666666667185e-02,6.700049092695239406e-01,6.719038197866448172e+02,4.602920627918904870e+02,-2.116117569947543871e+02,2.116117569947543871e+02
1.400000000000000133e-01,-2.666666666666667185e-02,6.626078477857364479e-01,6.658320146252891618e+02,4.549661785235634852e+02,-2.108658361017256198e+02,2.108658361017256198e+02
1.466666666666666674e-01,-2.666666666666667185e-02,6.551332262221305491e-01,6.595726464192910043e+02,4.495844509977672487e+02,-2.099881954215236988e+02,2.099881954215236988e+02
1.533333333333333492e-01,-2.666666666666667185e-02,6.475906046698116647e-01,6.531351899387957474e+02,4.441537634800976093e+02,-2.089814264586980812e+02,2.089814264586980812e+02
1.600000000000000033e-01,-2.666666666666667185e-02,6.399899127919110864e-01,6.465298035932614766e+02,4.386812653280092036e+02,-2.078485382652523299e+02,2.078485382652523299e+02
1.666666666666666574e-01,-2.666666666666667185e-02,6.323413998851241669e-01,6.397672834889879141e+02,4.331743360351226215e+02,-2.065929474538653494e+02,2.065929474538653494e+02
1.733333333333333670e-01,-2.666666666666667185e-02,6.246555812511380701e-01,6.328590111593769052e+02,4.276405466186527065e+02,-2.052184645407241419e+02,2.052184645407241419e+02
1.800000000000000211e-01,-2.666666666666667185e-02,6.169431814523815838e-01,6.258168954735500620e+02,4.220876187635478800e+02,-2.037292767100021251e+02,2.037292767100021251e+02
1.866666666666666752e-01,-2.666666666666667185e-02,6.092150750885363397e-01,6.186533093331681812e+02,4.165233821815793931e+02,-2.021299271515886744e+02,2.021299271515886744e+02
1.933333333333333293e-01,-2.666666666666667185e-02,6.014822257803308370e-01,6.113810218609980893e+02,4.109557306796714329e+02,-2.004252911813267133e+02,2.004252911813267133e+02
2.000000000000000389e-01,-2.666666666666667185e-02,5.937556240837257304e-01,6.040131268653060488e+02,4.053925774581157384e+02,-1.986205494071901967e+02,1.986205494071901967e+02
2.066666666666666929e-01,-2.666666666666667185e-02,5.860462250795996919e-01,5.965629684292505317e+02,3.998418101751450422e+02,-1.967211582541054895e+02,1.967211582541054895e+02
2.133333333333333470e-01,-2.666666666666667185e-02,5.783648863907346893e-01,5.890440645223233105e+02,3.943112463191621373e+02,-1.947328182031611163e+02,1.947328182031611163e+02
2.200000000000000011e-01,-2.666666666666667185e-02,5.707223073690876891e-01,5.814700295602174265e+02,3.888085894235763931e+02,-1.926614401366409197e+02,1.926614401366409197e+02
2.266666666666666552e-01,-2.666666666666667185e-02,5.631289701722946850e-01,5.738544968496435104e+02,3.833413866418853786e+02,-1.905131102077580749e+02,1.905131102077580749e+02
2.333333333333333648e-01,-2.666666666666667185e-02,5.555950834098257740e-01,5.662110418454456067e+02,3.779169881729077929e+02,-1.882940536725378138e+02,1.882940536725378138e+02
2.400000000000000189e-01,-2.666666666666667185e-02,5.481305289874123243e-01,5.585531071194168362e+02,3.725425089887701233e+02,-1.860105981306467129e+02,1.860105981306467129e+02
2.466666666666666730e-01,-2.666666666666667185e-02,5.407448127148520856e-01,5.508939298945728069e+02,3.672247932725267106e+02,-1.836691366220460395e+02,1.836691366220460395e+02
2.533333333333332993e-01,-2.666666666666667185e-02,5.334470191690002805e-01,5.432464729369025918e+02,3.619703819195134429e+02,-1.812760910173892341e+02,1.812760910173892341e+02
2.600000000000000089e-01,-2.666666666666667185e-02,5.262457712228005846e-01,5.356233595208494762e+02,3.567854833982496530e+02,-1.788378761225998232e+02,1.788378761225998232e+02
2.666666666666667185e-01,-2.666666666666667185e-02,5.191491945649087114e-01,5.280368130973701000e+02,3.516759482045674758e+02,-1.763608648928026241e+02,1.763608648928026241e+02
2.733333333333333171e-01,-2.666666666666667185e-02,5.121648874451746325e-01,5.204986021970398724e+02,3.466472470783589301e+02,-1.738513551186809423e+02,1.738513551186809423e+02
2.800000000000000266e-01,-2.666666666666667185e-02,5.052998957913209521e-01,5.130199909981067776e+02,3.417044530875843407e+02,-1.713155379105224370e+02,1.713155379105224370e+02
2.866666666666667362e-01,-2.666666666666667185e-02,4.985606937538080707e-01,5.056116958834807065e+02,3.368522276205750359e+02,-1.687594682629056706e+02,1.687594682629056706e+02
2.933333333333333348e-01,-2.666666666666667185e-02,4.919531696511685870e-01,4.982838482041241264e+02,3.320948102666745854e+02,-1.661890379374495410e+02,1.661890379374495410e+02
2.999999999999999889e-01,-2.666666666666667185e-02,4.854826172088371750e-01,4.910459633617994655e+02,3.274360125081959723e+02,-1.636099508536034648e+02,1.636099508536034648e+02
-1.000000000000000056e-01,-2.000000000000000389e-02,8.405364922567046815e-01,7.447287903734998054e+02,5.833037295836729754e+02,-1.614250607898268584e+02,1.614250607898268584e+02
-9.333333333333333759e-02,-2.000000000000000389e-02,8.379527670172008946e-01,7.459057375484273962e+02,5.814434474112302951e+02,-1.644622901371971011e+02,1.644622901371971011e+02
-8.666666666666666963e-02,-2.000000000000000389e-02,8.352547674909405195e-01,7.469438645382572304e+02,5.795008877523227966e+02,-1.674429767859344054e+02,1.674429767859344054e+02
-8.000000000000000167e-02,-2.000000000000000389e-02,8.324388373792945828e-01,7.478375220625155180e+02,5.774734180719377719e+02,-1.703641039905776893e+02,1.703641039905776893e+02
-7.333333333333333370e-02,-2.000000000000000389e-02,8.295013438590559396e-01,7.485809850933223970e+02,5.753584227373657995e+02,-1.732225623559565406e+02,1.732225623559565406e+02
-6.666666666666667962e-02,-2.000000000000000389e-02,8.264386943661967688e-01,7.491684693027473259e+02,5.731533151025073494e+02,-1.760151542002399765e+02,1.760151542002399765e+02
-6.000000000000000472e-02,-2.000000000000000389e-02,8.232473548186092227e-01,7.495941495341558038e+02,5.708555506282441456e+02,-1.787385989059115161e+02,1.787385989059115161e+02
-5.333333333333333676e-02,-2.000000000000000389e-02,8.199238692860633115e-01,7.498521803725025165e+02,5.684626410448111073e+02,-1.813895393276914092e+02,1.813895393276914092e+02
-4.666666666666666879e-02,-2.000000000000000389e-02,8.164648810995616124e-01,7.499367188736442813e+02,5.659721695505298840e+02,-1.839645493231143689e+02,1.839645493231143689e+02
-4.000000000000000083e-02,-2.000000000000000389e-02,8.128671553738737732e-01,7.498419494946806481e+02,5.633818070280347001e+02,-1.864601424666459764e+02,1.864601424666459764e+02
-3.333333333333333981e-02,-2.000000000000000389e-02,8.091276028963557687e-01,7.495621112459386950e+02,5.606893292442217671e+02,-1.888727820017168995e+02,1.888727820017168995e+02
-2.666666666666667185e-02,-2.000000000000000389e-02,8.052433053121490492e-01,7.490915270603195495e+02,5.578926349835929841e+02,-1.911988920767265370e+02,1.911988920767265370e+02
-2.000000000000000389e-02,-2.000000000000000389e-02,8.012115415106639826e-01,7.484246353473113231e+02,5.549897650465236438e+02,-1.934348703007876225e+02,1.934348703007876225e+02
-1.333333333333333592e-02,-2.000000000000000389e-02,7.970298150909924662e-01,7.475560236670061158e+02,5.519789220243601449e+02,-1.955771016426459141e+02,1.955771016426459141e+02
-6.666666666666667962e-03,-2.000000000000000389e-02,7.926958827548444830e-01,7.464804644240718972e+02,5.488584907423336290e+02,-1.976219736817382682e+02,1.976219736817382682e+02
0.000000000000000000e+00,-2.000000000000000389e-02,7.882077834450631482e-01,7.451929524430224774e+02,5.456270592392910430e+02,-1.995658932037313775e+02,1.995658932037313775e+02
6.666666666666667962e-03,-2.000000000000000389e-02,7.835638680161820524e-01,7.436887442446154637e+02,5.422834401304966150e+02,-2.014053041141188487e+02,2.014053041141188487e+02
1.333333333333333592e-02,-2.000000000000000389e-02,7.787628291913744061e-01,7.419633987992845050e+02,5.388266921766351061e+02,-2.031367066226493989e+02,2.031367066226493989e+02
2.000000000000000389e-02,-2.000000000000000389e-02,7.738037315281023343e-01,7.400128194877223677e+02,5.352561418590792073e+02,-2.047566776286431605e+02,2.047566776286431605e+02
2.666666666666667185e-02,-2.000000000000000389e-02,7.686860410835723023e-01,7.378332969518917253e+02,5.315714047390176802e+02,-2.062618922128741588e+02,2.062618922128741588e+02
3.333333333333332593e-02,-2.000000000000000389e-02,7.634096544415100993e-01,7.354215524726844251e+02,5.277724063567328585e+02,-2.076491461159514529e+02,2.076491461159514529e+02
4.000000000000000777e-02,-2.000000000000000389e-02,7.579749267347100083e-01,7.327747814642552839e+02,5.238594024078367966e+02,-2.089153790564184305e+02,2.089153790564184305e+02
4.666666666666666186e-02,-2.000000000000000389e-02,7.523826982742370939e-01,7.298906966308911706e+02,5.198329979162963355e+02,-2.100576987145949488e+02,2.100576987145949488e+02
5.333333333333334370e-02,-2.000000000000000389e-02,7.466343193770692555e-01,7.267675702914020803e+02,5.156941651103354616e+02,-2.110734051810667324e+02,2.110734051810667324e+02
5.999999999999999778e-02,-2.000000000000000389e-02,7.407316729703781188e-01,7.234042753398563264e+02,5.114442596975178503e+02,-2.119600156423385329e+02,2.119600156423385329e+02
6.666666666666667962e-02,-2.000000000000000389e-02,7.346771945435592865e-01,7.198003242814183977e+02,5.070850352302082911e+02,-2.127152890512101067e+02,2.127152890512101067e+02
7.333333333333333370e-02,-2.000000000000000389e-02,7.284738890194740746e-01,7.159559057595567992e+02,5.026186552528669154e+02,-2.133372505066898839e+02,2.133372505066898839e+02
8.000000000000001554e-02,-2.000000000000000389e-02,7.221253441250108374e-01,7.118719179773660244e+02,4.980477029288534823e+02,-2.138242150485125990e+02,2.138242150485125990e+02
8.666666666666666963e-02,-2.000000000000000389e-02,7.156357398586981056e-01,7.075499984125058290e+02,4.933751878571081306e+02,-2.141748105553975847e+02,2.141748105553975847e+02
9.333333333333335147e-02,-2.000000000000000389e-02,7.090098536802469376e-01,7.029925492334900810e+02,4.886045498086234602e+02,-2.143879994248666776e+02,2.143879994248666776e+02
1.000000000000000056e-01,-2.000000000000000389e-02,7.022530610838393361e-01,6.982027578456763877e+02,4.837396591392099481e+02,-2.144630987064663827e+02,2.144630987064663827e+02
1.066666666666666874e-01,-2.000000000000000389e-02,6.953713312637403998e-01,6.931846120290252884e+02,4.787848136687385932e+02,-2.143997983602866384e+02,2.143997983602866384e+02
1.133333333333333415e-01,-2.000000000000000389e-02,6.883712176371401537e-01,6.879429091768681701e+02,4.737447318575864301e+02,-2.141981773192816831e+02,2.141981773192816831e+02
1.199999999999999956e-01,-2.000000000000000389e-02,6.812598430544047901e-01,6.824832592054851830e+02,4.686245421580171069e+02,-2.138587170474680761e+02,2.138587170474680761e+02
1.266666666666666774e-01,-2.000000000000000389e-02,6.740448796002369569e-01,6.768120807778517474e+02,4.634297684710162457e+02,-2.133823123068355017e+02,2.133823123068355017e+02
1.333333333333333315e-01,-2.000000000000000389e-02,6.667345229693475428e-01,6.709365905705446949e+02,4.581663116967757787e+02,-2.127702788737689730e+02,2.127702788737689730e+02
1.400000000000000133e-01,-2.000000000000000389e-02,6.593374614855600502e-01,6.648647854091890395e+02,4.528404274284488338e+02,-2.120243579807402057e+02,2.120243579807402057e+02
1.466666666666666674e-01,-2.000000000000000389e-02,6.518628399219541514e-01,6.586054172031908820e+02,4.474586999026525405e+02,-2.111467173005382278e+02,2.111467173005382278e+02
1.533333333333333492e-01,-2.000000000000000389e-02,6.443202183696352670e-01,6.521679607226956250e+02,4.420280123849829579e+02,-2.101399483377126103e+02,2.101399483377126103e+02
1.600000000000000033e-01,-2.000000000000000389e-02,6.367195264917346886e-01,6.455625743771613543e+02,4.365555142328945522e+02,-2.090070601442668590e+02,2.090070601442668590e+02
1.666666666666666574e-01,-2.000000000000000389e-02,6.290710135849477691e-01,6.388000542728877917e+02,4.310485849400079132e+02,-2.077514693328798785e+02,2.077514693328798785e+02
1.733333333333333670e-01,-2.000000000000000389e-02,6.213851949509616723e-01,6.318917819432767828e+02,4.255147955235379982e+02,-2.063769864197387278e+02,2.063769864197387278e+02
1.800000000000000211e-01,-2.000000000000000389e-02,6.136727951522050750e-01,6.248496662574499396e+02,4.199618676684332286e+02,-2.048877985890167110e+02,2.048877985890167110e+02
1.866666666666666752e-01,-2.000000000000000389e-02,6.059446887883599420e-01,6.176860801170680588e+02,4.143976310864646848e+02,-2.032884490306032603e+02,2.032884490306032603e+02
1.933333333333333293e-01,-2.000000000000000389e-02,5.982118394801543282e-01,6.104137926448979670e+02,4.088299795845567814e+02,-2.015838130603412424e+02,2.015838130603412424e+02
2.000000000000000389e-01,-2.000000000000000389e-02,5.904852377835492216e-01,6.030458976492059264e+02,4.032668263630010870e+02,-1.997790712862047826e+02,1.997790712862047826e+02
2.066666666666666929e-01,-2.000000000000000389e-02,5.827758387794232942e-01,5.955957392131504093e+02,3.977160590800303908e+02,-1.978796801331200754e+02,1.978796801331200754e+02
2.133333333333333470e-01,-2.000000000000000389e-02,5.750945000905581805e-01,5.880768353062231881e+02,3.921854952240474859e+02,-1.958913400821756454e+02,1.958913400821756454e+02
2.200000000000000011e-01,-2.000000000000000389e-02,5.674519210689112914e-01,5.805028003441173041e+02,3.866828383284616848e+02,-1.938199620156555056e+02,1.938199620156555056e+02
2.266666666666666552e-01,-2.000000000000000389e-02,5.598585838721182872e-01,5.728872676335433880e+02,3.812156355467707272e+02,-1.916716320867726324e+02,1.916716320867726324e+02
2.333333333333333648e-01,-2.000000000000000389e-02,5.523246971096493763e-01,5.652438126293454843e+02,3.757912370777930846e+02,-1.894525755515523429e+02,1.894525755515523429e+02
2.400000000000000189e-01,-2.000000000000000389e-02,5.448601426872359266e-01,5.575858779033167139e+02,3.704167578936554719e+02,-1.871691200096612420e+02,1.871691200096612420e+02
2.466666666666666730e-01,-2.000000000000000389e-02,5.374744264146755768e-01,5.499267006784726846e+02,3.650990421774120023e+02,-1.848276585010606254e+02,1.848276585010606254e+02
2.533333333333332993e-01,-2.000000000000000389e-02,5.301766328688237717e-01,5.422792437208024694e+02,3.598446308243987346e+02,-1.824346128964037916e+02,1.824346128964037916e+02
2.600000000000000089e-01,-2.000000000000000389e-02,5.229753849226241869e-01,5.346561303047493539e+02,3.546597323031350015e+02,-1.799963980016143523e+02,1.799963980016143523e+02
2.666666666666667185e-01,-2.000000000000000389e-02,5.158788082647322026e-01,5.270695838812699776e+02,3.495501971094528244e+02,-1.775193867718171532e+02,1.775193867718171532e+02
2.733333333333333171e-01,-2.000000000000000389e-02,5.088945011449981237e-01,5.195313729809397501e+02,3.445214959832442219e+02,-1.750098769976954998e+02,1.750098769976954998e+02
2.800000000000000266e-01,-2.000000000000000389e-02,5.020295094911445544e-01,5.120527617820066553e+02,3.395787019924696324e+02,-1.724740597895369945e+02,1.724740597895369945e+02
2.866666666666667362e-01,-2.000000000000000389e-02,4.952903074536316730e-01,5.046444666673805841e+02,3.347264765254603844e+02,-1.699179901419201997e+02,1.699179901419201997e+02
2.933333333333333348e-01,-2.000000000000000389e-02,4.886827833509921337e-01,4.973166189880240040e+02,3.299690591715599339e+02,-1.673475598164640701e+02,1.673475598164640701e+02
2.999999999999999889e-01,-2.000000000000000389e-02,4.822122309086607217e-01,4.900787341456993431e+02,3.253102614130813208e+02,-1.647684727326180223e+02,1.647684727326180223e+02
-1.000000000000000056e-01,-1.333333333333333592e-02,8.371993936740556030e-01,7.436652645736827481e+02,5.811346155049510571e+02,-1.625306490687316909e+02,1.625306490687316909e+02
-9.333333333333333759e-02,-1.333333333333333592e-02,8.346156684345518162e-01,7.448422117486103389e+02,5.792743333325083768e+02,-1.655678784161019621e+02,1.655678784161019621e+02
-8.666666666666666963e-02,-1.333333333333333592e-02,8.319176689082914411e-01,7.458803387384401731e+02,5.773317736736009920e+02,-1.685485650648392379e+02,1.685485650648392379e+02
-8.000000000000000167e-02,-1.333333333333333592e-02,8.291017387966455043e-01,7.467739962626983470e+02,5.753043039932158536e+02,-1.714696922694825503e+02,1.714696922694825503e+02
-7.333333333333333370e-02,-1.333333333333333592e-02,8.261642452764068612e-01,7.475174592935053397e+02,5.731893086586439949e+02,-1.743281506348613732e+02,1.743281506348613732e+02
-6.666666666666667962e-02,-1.333333333333333592e-02,8.231015957835476904e-01,7.481049435029301549e+02,5.709842010237854311e+02,-1.771207424791447806e+02,1.771207424791447806e+02
-6.000000000000000472e-02,-1.333333333333333592e-02,8.199102562359601443e-01,7.485306237343386329e+02,5.686864365495223410e+02,-1.798441871848163487e+02,1.798441871848163487e+02
-5.333333333333333676e-02,-1.333333333333333592e-02,8.165867707034142331e-01,7.487886545726855729e+02,5.662935269660893027e+02,-1.824951276065962418e+02,1.824951276065962418e+02
-4.666666666666666879e-02,-1.333333333333333592e-02,8.131277825169125339e-01,7.488731930738272240e+02,5.638030554718079657e+02,-1.850701376020192015e+02,1.850701376020192015e+02
-4.000000000000000083e-02,-1.333333333333333592e-02,8.095300567912246947e-01,7.487784236948637044e+02,5.612126929493128955e+02,-1.875657307455508089e+02,1.875657307455508089e+02
-3.333333333333333981e-02,-1.333333333333333592e-02,8.057905043137066903e-01,7.484985854461215240e+02,5.585202151654998488e+02,-1.899783702806217320e+02,1.899783702806217320e+02
-2.666666666666667185e-02,-1.333333333333333592e-02,8.019062067294999707e-01,7.480280012605023785e+02,5.557235209048710658e+02,-1.923044803556313695e+02,1.923044803556313695e+02
-2.000000000000000389e-02,-1.333333333333333592e-02,7.978744429280149042e-01,7.473611095474941521e+02,5.528206509678017255e+02,-1.945404585796924550e+02,1.945404585796924550e+02
-1.333333333333333592e-02,-1.333333333333333592e-02,7.936927165083433877e-01,7.464924978671890585e+02,5.498098079456383402e+02,-1.966826899215507751e+02,1.966826899215507751e+02
-6.666666666666667962e-03,-1.333333333333333592e-02,7.893587841721954046e-01,7.454169386242549535e+02,5.466893766636117107e+02,-1.987275619606431292e+02,1.987275619606431292e+02
0.000000000000000000e+00,-1.333333333333333592e-02,7.848706848624140697e-01,7.441294266432053064e+02,5.434579451605691247e+02,-2.006714814826362385e+02,2.006714814826362385e+02
6.666666666666667962e-03,-1.333333333333333592e-02,7.802267694335329740e-01,7.426252184447984064e+02,5.401143260517746967e+02,-2.025108923930236529e+02,2.025108923930236529e+02
1.333333333333333592e-02,-1.333333333333333592e-02,7.754257306087253276e-01,7.408998729994675614e+02,5.366575780979133015e+02,-2.042422949015542599e+02,2.042422949015542599e+02
2.000000000000000389e-02,-1.333333333333333592e-02,7.704666329454532558e-01,7.389492936879053104e+02,5.330870277803574027e+02,-2.058622659075479646e+02,2.058622659075479646e+02
2.666666666666667185e-02,-1.333333333333333592e-02,7.653489425009232239e-01,7.367697711520747816e+02,5.294022906602957619e+02,-2.073674804917789629e+02,2.073674804917789629e+02
3.333333333333332593e-02,-1.333333333333333592e-02,7.600725558588610209e-01,7.343580266728672541e+02,5.256032922780109402e+02,-2.087547343948562570e+02,2.087547343948562570e+02
4.000000000000000777e-02,-1.333333333333333592e-02,7.546378281520609299e-01,7.317112556644381129e+02,5.216902883291148783e+02,-2.100209673353232347e+02,2.100209673353232347e+02
4.666666666666666186e-02,-1.333333333333333592e-02,7.490455996915880155e-01,7.288271708310742270e+02,5.176638838375744172e+02,-2.111632869934997530e+02,2.111632869934997530e+02
5.333333333333334370e-02,-1.333333333333333592e-02,7.432972207944201770e-01,7.257040444915851367e+02,5.135250510316135433e+02,-2.121789934599715934e+02,2.121789934599715934e+02
5.999999999999999778e-02,-1.333333333333333592e-02,7.373945743877290404e-01,7.223407495400392690e+02,5.092751456187959320e+02,-2.130656039212433370e+02,2.130656039212433370e+02
6.666666666666667962e-02,-1.333333333333333592e-02,7.313400959609102081e-01,7.187367984816013404e+02,5.049159211514863728e+02,-2.138208773301149677e+02,2.138208773301149677e+02
7.333333333333333370e-02,-1.333333333333333592e-02,7.251367904368249961e-01,7.148923799597398556e+02,5.004495411741450539e+02,-2.144428387855947449e+02,2.144428387855947449e+02
8.000000000000001554e-02,-1.333333333333333592e-02,7.187882455423617589e-01,7.108083921775489671e+02,4.958785888501315640e+02,-2.149298033274174031e+02,2.149298033274174031e+02
8.666666666666666963e-02,-1.333333333333333592e-02,7.122986412760490271e-01,7.064864726126886580e+02,4.912060737783862692e+02,-2.152803988343023889e+02,2.152803988343023889e+02
9.333333333333335147e-02,-1.333333333333333592e-02,7.056727550975978591e-01,7.019290234336731373e+02,4.864354357299015419e+02,-2.154935877037715386e+02,2.154935877037715386e+02
1.000000000000000056e-01,-1.333333333333333592e-02,6.989159625011902577e-01,6.971392320458592167e+02,4.815705450604880866e+02,-2.155686869853711869e+02,2.155686869853711869e+02
1.066666666666666874e-01,-1.333333333333333592e-02,6.920342326810913214e-01,6.921210862292082311e+02,4.766156995900167317e+02,-2.155053866391914426e+02,2.155053866391914426e+02
1.133333333333333415e-01,-1.333333333333333592e-02,6.850341190544910752e-01,6.868793833770509991e+02,4.715756177788645687e+02,-2.153037655981864873e+02,2.153037655981864873e+02
1.199999999999999956e-01,-1.333333333333333592e-02,6.779227444717557116e-01,6.814197334056681257e+02,4.664554280792951886e+02,-2.149643053263729371e+02,2.149643053263729371e+02
1.266666666666666774e-01,-1.333333333333333592e-02,6.707077810175878785e-01,6.757485549780346901e+02,4.612606543922943274e+02,-2.144879005857403058e+02,2.144879005857403058e+02
1.333333333333333315e-01,-1.333333333333333592e-02,6.633974243866984644e-01,6.698730647707277512e+02,4.559971976180539173e+02,-2.138758671526737771e+02,2.138758671526737771e+02
1.400000000000000133e-01,-1.333333333333333592e-02,6.560003629029109717e-01,6.638012596093719822e+02,4.506713133497269155e+02,-2.131299462596450098e+02,2.131299462596450098e+02
1.466666666666666674e-01,-1.333333333333333592e-02,6.485257413393050729e-01,6.575418914033737110e+02,4.452895858239306790e+02,-2.122523055794430888e+02,2.122523055794430888e+02
1.533333333333333492e-01,-1.333333333333333592e-02,6.409831197869861885e-01,6.511044349228784540e+02,4.398588983062610396e+02,-2.112455366166174713e+02,2.112455366166174713e+02
1.600000000000000033e-01,-1.333333333333333592e-02,6.333824279090856102e-01,6.444990485773444107e+02,4.343864001541726338e+02,-2.101126484231717200e+02,2.101126484231717200e+02
1.666666666666666574e-01,-1.333333333333333592e-02,6.257339150022986907e-01,6.377365284730708481e+02,4.288794708612860518e+02,-2.088570576117847395e+02,2.088570576117847395e+02
1.733333333333333670e-01,-1.333333333333333592e-02,6.180480963683125939e-01,6.308282561434596118e+02,4.233456814448161367e+02,-2.074825746986435320e+02,2.074825746986435320e+02
1.800000000000000211e-01,-1.333333333333333592e-02,6.103356965695559966e-01,6.237861404576328823e+02,4.177927535897113103e+02,-2.059933868679215152e+02,2.059933868679215152e+02
1.866666666666666752e-01,-1.333333333333333592e-02,6.026075902057108635e-01,6.166225543172508878e+02,4.122285170077428234e+02,-2.043940373095080645e+02,2.043940373095080645e+02
1.933333333333333293e-01,-1.333333333333333592e-02,5.948747408975052497e-01,6.093502668450810233e+02,4.066608655058348631e+02,-2.026894013392461034e+02,2.026894013392461034e+02
2.000000000000000389e-01,-1.333333333333333592e-02,5.871481392009001432e-01,6.019823718493887554e+02,4.010977122842791687e+02,-2.008846595651095868e+02,2.008846595651095868e+02
2.066666666666666929e-01,-1.333333333333333592e-02,5.794387401967742157e-01,5.945322134133333520e+02,3.955469450013084725e+02,-1.989852684120248796e+02,1.989852684120248796e+02
2.133333333333333470e-01,-1.333333333333333592e-02,5.717574015079091021e-01,5.870133095064061308e+02,3.900163811453255676e+02,-1.969969283610805064e+02,1.969969283610805064e+02
2.200000000000000011e-01,-1.333333333333333592e-02,5.641148224862622129e-01,5.794392745443001331e+02,3.845137242497398233e+02,-1.949255502945603098e+02,1.949255502945603098e+02
2.266666666666666552e-01,-1.333333333333333592e-02,5.565214852894692088e-01,5.718237418337263307e+02,3.790465214680488089e+02,-1.927772203656774650e+02,1.927772203656774650e+02
2.333333333333333648e-01,-1.333333333333333592e-02,5.489875985270002978e-01,5.641802868295284270e+02,3.736221229990712231e+02,-1.905581638304572039e+02,1.905581638304572039e+02
2.400000000000000189e-01,-1.333333333333333592e-02,5.415230441045868481e-01,5.565223521034996566e+02,3.682476438149335536e+02,-1.882747082885661030e+02,1.882747082885661030e+02
2.466666666666666730e-01,-1.333333333333333592e-02,5.341373278320264983e-01,5.488631748786556273e+02,3.629299280986901408e+02,-1.859332467799654296e+02,1.859332467799654296e+02
2.533333333333332993e-01,-1.333333333333333592e-02,5.268395342861746933e-01,5.412157179209855258e+02,3.576755167456768731e+02,-1.835402011753086242e+02,1.835402011753086242e+02
2.600000000000000089e-01,-1.333333333333333592e-02,5.196382863399751084e-01,5.335926045049322965e+02,3.524906182244130832e+02,-1.811019862805192133e+02,1.811019862805192133e+02
2.666666666666667185e-01,-1.333333333333333592e-02,5.125417096820831242e-01,5.260060580814529203e+02,3.473810830307309061e+02,-1.786249750507220142e+02,1.786249750507220142e+02
2.733333333333333171e-01,-1.333333333333333592e-02,5.055574025623490453e-01,5.184678471811226927e+02,3.423523819045223604e+02,-1.761154652766003323e+02,1.761154652766003323e+02
2.800000000000000266e-01,-1.333333333333333592e-02,4.986924109084954759e-01,5.109892359821895980e+02,3.374095879137477709e+02,-1.735796480684418270e+02,1.735796480684418270e+02
2.866666666666667362e-01,-1.333333333333333592e-02,4.919532088709825945e-01,5.035809408675635268e+02,3.325573624467384661e+02,-1.710235784208250607e+02,1.710235784208250607e+02
2.933333333333333348e-01,-1.333333333333333592e-02,4.853456847683430553e-01,4.962530931882069467e+02,3.277999450928380156e+02,-1.684531480953689311e+02,1.684531480953689311e+02
2.999999999999999889e-01,-1.333333333333333592e-02,4.788751323260116433e-01,4.890152083458822858e+02,3.231411473343594025e+02,-1.658740610115228549e+02,1.658740610115228549e+02
-1.000000000000000056e-01,-6.666666666666667962e-03,8.337964577242232833e-01,7.425050328465954408e+02,5.789227071375601099e+02,-1.635823257090354446e+02,1.635823257090354446e+02
-9.333333333333333759e-02,-6.666666666666667962e-03,8.312127324847196075e-01,7.436819800215230316e+02,5.770624249651174296e+02,-1.666195550564057157e+02,1.666195550564057157e+02
-8.666666666666666963e-02,-6.666666666666667962e-03,8.285147329584592324e-01,7.447201070113528658e+02,5.751198653062099311e+02,-1.696002417051429916e+02,1.696002417051429916e+02
-8.000000000000000167e-02,-6.666666666666667962e-03,8.256988028468132956e-01,7.456137645356111534e+02,5.730923956258249063e+02,-1.725213689097863039e+02,1.725213689097863039e+02
-7.333333333333333370e-02,-6.666666666666667962e-03,8.227613093265745414e-01,7.463572275664180324e+02,5.709774002912529340e+02,-1.753798272751651268e+02,1.753798272751651268e+02
-6.666666666666667962e-02,-6.666666666666667962e-03,8.196986598337154817e-01,7.469447117758429613e+02,5.687722926563944839e+02,-1.781724191194485343e+02,1.781724191194485343e+02
-6.000000000000000472e-02,-6.666666666666667962e-03,8.165073202861278245e-01,7.473703920072514393e+02,5.664745281821312801e+02,-1.808958638251201023e+02,1.808958638251201023e+02
-5.333333333333333676e-02,-6.666666666666667962e-03,8.131838347535819134e-01,7.476284228455982657e+02,5.640816185986982418e+02,-1.835468042468999954e+02,1.835468042468999954e+02
-4.666666666666666879e-02,-6.666666666666667962e-03,8.097248465670802142e-01,7.477129613467400304e+02,5.615911471044170185e+02,-1.861218142423229551e+02,1.861218142423229551e+02
-4.000000000000000083e-02,-6.666666666666667962e-03,8.061271208413924860e-01,7.476181919677763972e+02,5.590007845819218346e+02,-1.886174073858545626e+02,1.886174073858545626e+02
-3.333333333333333981e-02,-6.666666666666667962e-03,8.023875683638743705e-01,7.473383537190343304e+02,5.563083067981089016e+02,-1.910300469209254857e+02,1.910300469209254857e+02
-2.666666666666667185e-02,-6.666666666666667962e-03,7.985032707796677620e-01,7.468677695334151849e+02,5.535116125374801186e+02,-1.933561569959351232e+02,1.933561569959351232e+02
-2.000000000000000389e-02,-6.666666666666667962e-03,7.944715069781825845e-01,7.462008778204069586e+02,5.506087426004107783e+02,-1.955921352199962087e+02,1.955921352199962087e+02
-1.333333333333333592e-02,-6.666666666666667962e-03,7.902897805585111790e-01,7.453322661401018649e+02,5.475978995782472794e+02,-1.977343665618545288e+02,1.977343665618545288e+02
-6.666666666666667962e-03,-6.666666666666667962e-03,7.859558482223631959e-01,7.442567068971676463e+02,5.444774682962207635e+02,-1.997792386009468828e+02,1.997792386009468828e+02
0.000000000000000000e+00,-6.666666666666667962e-03,7.814677489125817500e-01,7.429691949161181128e+02,5.412460367931781775e+02,-2.017231581229399922e+02,2.017231581229399922e+02
6.666666666666667962e-03,-6.666666666666667962e-03,7.768238334837007653e-01,7.414649867177110991e+02,5.379024176843837495e+02,-2.035625690333274065e+02,2.035625690333274065e+02
1.333333333333333592e-02,-6.666666666666667962e-03,7.720227946588931189e-01,7.397396412723802541e+02,5.344456697305222406e+02,-2.052939715418580136e+02,2.052939715418580136e+02
2.000000000000000389e-02,-6.666666666666667962e-03,7.670636969956209361e-01,7.377890619608181169e+02,5.308751194129663418e+02,-2.069139425478517182e+02,2.069139425478517182e+02
2.666666666666667185e-02,-6.666666666666667962e-03,7.619460065510910152e-01,7.356095394249874744e+02,5.271903822929048147e+02,-2.084191571320827165e+02,2.084191571320827165e+02
3.333333333333332593e-02,-6.666666666666667962e-03,7.566696199090288122e-01,7.331977949457800605e+02,5.233913839106199930e+02,-2.098064110351600107e+02,2.098064110351600107e+02
4.000000000000000777e-02,-6.666666666666667962e-03,7.512348922022287212e-01,7.305510239373509194e+02,5.194783799617239310e+02,-2.110726439756269883e+02,2.110726439756269883e+02
4.666666666666666186e-02,-6.666666666666667962e-03,7.456426637417556957e-01,7.276669391039869197e+02,5.154519754701834700e+02,-2.122149636338035066e+02,2.122149636338035066e+02
5.333333333333334370e-02,-6.666666666666667962e-03,7.398942848445878573e-01,7.245438127644978294e+02,5.113131426642225961e+02,-2.132306701002753471e+02,2.132306701002753471e+02
5.999999999999999778e-02,-6.666666666666667962e-03,7.339916384378968317e-01,7.211805178129520755e+02,5.070632372514049848e+02,-2.141172805615470907e+02,2.141172805615470907e+02
6.666666666666667962e-02,-6.666666666666667962e-03,7.279371600110779994e-01,7.175765667545140332e+02,5.027040127840954256e+02,-2.148725539704187213e+02,2.148725539704187213e+02
7.333333333333333370e-02,-6.666666666666667962e-03,7.217338544869926764e-01,7.137321482326525484e+02,4.982376328067540499e+02,-2.154945154258984985e+02,2.154945154258984985e+02
8.000000000000001554e-02,-6.666666666666667962e-03,7.153853095925295502e-01,7.096481604504617735e+02,4.936666804827406168e+02,-2.159814799677211568e+02,2.159814799677211568e+02
8.666666666666666963e-02,-6.666666666666667962e-03,7.088957053262167074e-01,7.053262408856014645e+02,4.889941654109952651e+02,-2.163320754746061425e+02,2.163320754746061425e+02
9.333333333333335147e-02,-6.666666666666667962e-03,7.022698191477656504e-01,7.007687917065858301e+02,4.842235273625105947e+02,-2.165452643440752922e+02,2.165452643440752922e+02
1.000000000000000056e-01,-6.666666666666667962e-03,6.955130265513580490e-01,6.959790003187720231e+02,4.793586366930970826e+02,-2.166203636256749405e+02,2.166203636256749405e+02
1.066666666666666874e-01,-6.666666666666667962e-03,6.886312967312590017e-01,6.909608545021210375e+02,4.744037912226257276e+02,-2.165570632794951962e+02,2.165570632794951962e+02
1.133333333333333415e-01,-6.666666666666667962e-03,6.816311831046587555e-01,6.857191516499638055e+02,4.693637094114735646e+02,-2.163554422384902409e+02,2.163554422384902409e+02
1.199999999999999956e-01,-6.666666666666667962e-03,6.745198085219235029e-01,6.802595016785808184e+02,4.642435197119042414e+02,-2.160159819666766907e+02,2.160159819666766907e+02
1.266666666666666774e-01,-6.666666666666667962e-03,6.673048450677556698e-01,6.745883232509474965e+02,4.590487460249033802e+02,-2.155395772260440594e+02,2.155395772260440594e+02
1.333333333333333315e-01,-6.666666666666667962e-03,6.599944884368662557e-01,6.687128330436404440e+02,4.537852892506629132e+02,-2.149275437929775308e+02,2.149275437929775308e+02
1.400000000000000133e-01,-6.666666666666667962e-03,6.525974269530787630e-01,6.626410278822847886e+02,4.484594049823359683e+02,-2.141816228999487635e+02,2.141816228999487635e+02
1.466666666666666674e-01,-6.666666666666667962e-03,6.451228053894727532e-01,6.563816596762865174e+02,4.430776774565396749e+02,-2.133039822197468425e+02,2.133039822197468425e+02
1.533333333333333492e-01,-6.666666666666667962e-03,6.375801838371538688e-01,6.499442031957912604e+02,4.376469899388700924e+02,-2.122972132569212249e+02,2.122972132569212249e+02
1.600000000000000033e-01,-6.666666666666667962e-03,6.299794919592532905e-01,6.433388168502571034e+02,4.321744917867816866e+02,-2.111643250634754736e+02,2.111643250634754736e+02
1.666666666666666574e-01,-6.666666666666667962e-03,6.223309790524663709e-01,6.365762967459835409e+02,4.266675624938950477e+02,-2.099087342520884931e+02,2.099087342520884931e+02
1.733333333333333670e-01,-6.666666666666667962e-03,6.146451604184803852e-01,6.296680244163724183e+02,4.211337730774251327e+02,-2.085342513389472856e+02,2.085342513389472856e+02
1.800000000000000211e-01,-6.666666666666667962e-03,6.069327606197236769e-01,6.226259087305456887e+02,4.155808452223203631e+02,-2.070450635082252688e+02,2.070450635082252688e+02
1.866666666666666752e-01,-6.666666666666667962e-03,5.992046542558785438e-01,6.154623225901636943e+02,4.100166086403518193e+02,-2.054457139498118181e+02,2.054457139498118181e+02
1.933333333333333293e-01,-6.666666666666667962e-03,5.914718049476730410e-01,6.081900351179937161e+02,4.044489571384439159e+02,-2.037410779795498570e+02,2.037410779795498570e+02
2.000000000000000389e-01,-6.666666666666667962e-03,5.837452032510679345e-01,6.008221401223015619e+02,3.988858039168882215e+02,-2.019363362054133404e+02,2.019363362054133404e+02
2.066666666666666929e-01,-6.666666666666667962e-03,5.760358042469420070e-01,5.933719816862460448e+02,3.933350366339175253e+02,-2.000369450523286332e+02,2.000369450523286332e+02
2.133333333333333470e-01,-6.666666666666667962e-03,5.683544655580767824e-01,5.858530777793189372e+02,3.878044727779346204e+02,-1.980486050013842600e+02,1.980486050013842600e+02
2.200000000000000011e-01,-6.666666666666667962e-03,5.607118865364300042e-01,5.782790428172129396e+02,3.823018158823488193e+02,-1.959772269348640634e+02,1.959772269348640634e+02
2.266666666666666552e-01,-6.666666666666667962e-03,5.531185493396368891e-01,5.706635101066390234e+02,3.768346131006578617e+02,-1.938288970059812186e+02,1.938288970059812186e+02
2.333333333333333648e-01,-6.666666666666667962e-03,5.455846625771679781e-01,5.630200551024411197e+02,3.714102146316802191e+02,-1.916098404707609575e+02,1.916098404707609575e+02
2.400000000000000189e-01,-6.666666666666667962e-03,5.381201081547545284e-01,5.553621203764123493e+02,3.660357354475426064e+02,-1.893263849288698566e+02,1.893263849288698566e+02
2.466666666666666730e-01,-6.666666666666667962e-03,5.307343918821942896e-01,5.477029431515684337e+02,3.607180197312991368e+02,-1.869849234202691832e+02,1.869849234202691832e+02
2.533333333333332993e-01,-6.666666666666667962e-03,5.234365983363424846e-01,5.400554861938982185e+02,3.554636083782858691e+02,-1.845918778156123778e+02,1.845918778156123778e+02
2.600000000000000089e-01,-6.666666666666667962e-03,5.162353503901427887e-01,5.324323727778451030e+02,3.502787098570221360e+02,-1.821536629208229670e+02,1.821536629208229670e+02
2.666666666666667185e-01,-6.666666666666667962e-03,5.091387737322509155e-01,5.248458263543657267e+02,3.451691746633399589e+02,-1.796766516910257678e+02,1.796766516910257678e+02
2.733333333333333171e-01,-6.666666666666667962e-03,5.021544666125168366e-01,5.173076154540354992e+02,3.401404735371313564e+02,-1.771671419169040860e+02,1.771671419169040860e+02
2.800000000000000266e-01,-6.666666666666667962e-03,4.952894749586631562e-01,5.098290042551023475e+02,3.351976795463567669e+02,-1.746313247087455807e+02,1.746313247087455807e+02
2.866666666666667362e-01,-6.666666666666667962e-03,4.885502729211502748e-01,5.024207091404763332e+02,3.303454540793475189e+02,-1.720752550611288143e+02,1.720752550611288143e+02
2.933333333333333348e-01,-6.666666666666667962e-03,4.819427488185107911e-01,4.950928614611196963e+02,3.255880367254470684e+02,-1.695048247356726847e+02,1.695048247356726847e+02
2.999999999999999889e-01,-6.666666666666667962e-03,4.754721963761793790e-01,4.878549766187950354e+02,3.209292389669684553e+02,-1.669257376518266085e+02,1.669257376518266085e+02
-1.000000000000000056e-01,0.000000000000000000e+00,8.303287088116415582e-01,7.412478379304774307e+02,5.766686703443820079e+02,-1.645791675860954797e+02,1.645791675860954797e+02
-9.333333333333333759e-02,0.000000000000000000e+00,8.277449835721378824e-01,7.424247851054050216e+02,5.748083881719392139e+02,-1.676163969334657224e+02,1.676163969334657224e+02
-8.666666666666666963e-02,0.000000000000000000e+00,8.250469840458775073e-01,7.434629120952348558e+02,5.728658285130318291e+02,-1.705970835822030267e+02,1.705970835822030267e+02
-8.000000000000000167e-02,0.000000000000000000e+00,8.222310539342315705e-01,7.443565696194930297e+02,5.708383588326466906e+02,-1.735182107868463106e+02,1.735182107868463106e+02
-7.333333333333333370e-02,0.000000000000000000e+00,8.192935604139928163e-01,7.451000326503000224e+02,5.687233634980748320e+02,-1.763766691522251335e+02,1.763766691522251335e+02
-6.666666666666667962e-02,0.000000000000000000e+00,8.162309109211337566e-01,7.456875168597248376e+02,5.665182558632163818e+02,-1.791692609965085694e+02,1.791692609965085694e+02
-6.000000000000000472e-02,0.000000000000000000e+00,8.130395713735460994e-01,7.461131970911333156e+02,5.642204913889531781e+02,-1.818927057021801375e+02,1.818927057021801375e+02
-5.333333333333333676e-02,0.000000000000000000e+00,8.097160858410001882e-01,7.463712279294802556e+02,5.618275818055201398e+02,-1.845436461239600021e+02,1.845436461239600021e+02
-4.666666666666666879e-02,0.000000000000000000e+00,8.062570976544984891e-01,7.464557664306219067e+02,5.593371103112389164e+02,-1.871186561193829903e+02,1.871186561193829903e+02
-4.000000000000000083e-02,0.000000000000000000e+00,8.026593719288107609e-01,7.463609970516583871e+02,5.567467477887437326e+02,-1.896142492629145977e+02,1.896142492629145977e+02
-3.333333333333333981e-02,0.000000000000000000e+00,7.989198194512927564e-01,7.460811588029162067e+02,5.540542700049306859e+02,-1.920268887979855208e+02,1.920268887979855208e+02
-2.666666666666667185e-02,0.000000000000000000e+00,7.950355218670860369e-01,7.456105746172970612e+02,5.512575757443019029e+02,-1.943529988729951583e+02,1.943529988729951583e+02
-2.000000000000000389e-02,0.000000000000000000e+00,7.910037580656008593e-01,7.449436829042888348e+02,5.483547058072326763e+02,-1.965889770970562154e+02,1.965889770970562154e+02
-1.333333333333333592e-02,0.000000000000000000e+00,7.868220316459293429e-01,7.440750712239837412e+02,5.453438627850691773e+02,-1.987312084389145355e+02,1.987312084389145355e+02
-6.666666666666667962e-03,0.000000000000000000e+00,7.824880993097814708e-01,7.429995119810496362e+02,5.422234315030426615e+02,-2.007760804780068895e+02,2.007760804780068895e+02
0.000000000000000000e+00,0.000000000000000000e+00,7.780000000000000249e-01,7.417119999999999891e+02,5.389919999999999618e+02,-2.027199999999999989e+02,2.027199999999999989e+02
6.666666666666667962e-03,0.000000000000000000e+00,7.733560845711189291e-01,7.402077918015930891e+02,5.356483808912056475e+02,-2.045594109103874416e+02,2.045594109103874416e+02
1.333333333333333592e-02,0.000000000000000000e+00,7.685550457463112828e-01,7.384824463562622441e+02,5.321916329373441386e+02,-2.062908134189180203e+02,2.062908134189180203e+02
2.000000000000000389e-02,0.000000000000000000e+00,7.635959480830392110e-01,7.365318670446999931e+02,5.286210826197882398e+02,-2.079107844249117534e+02,2.079107844249117534e+02
2.666666666666667185e-02,0.000000000000000000e+00,7.584782576385091790e-01,7.343523445088694643e+02,5.249363454997267127e+02,-2.094159990091427517e+02,2.094159990091427517e+02
3.333333333333332593e-02,0.000000000000000000e+00,7.532018709964470871e-01,7.319406000296619368e+02,5.211373471174418910e+02,-2.108032529122200458e+02,2.108032529122200458e+02
4.000000000000000777e-02,0.000000000000000000e+00,7.477671432896468851e-01,7.292938290212327956e+02,5.172243431685458290e+02,-2.120694858526870235e+02,2.120694858526870235e+02
4.666666666666666186e-02,0.000000000000000000e+00,7.421749148291740816e-01,7.264097441878689096e+02,5.131979386770053679e+02,-2.132118055108635417e+02,2.132118055108635417e+02
5.333333333333334370e-02,0.000000000000000000e+00,7.364265359320061322e-01,7.232866178483798194e+02,5.090591058710444372e+02,-2.142275119773353538e+02,2.142275119773353538e+02
5.999999999999999778e-02,0.000000000000000000e+00,7.305238895253149956e-01,7.199233228968339517e+02,5.048092004582268260e+02,-2.151141224386071258e+02,2.151141224386071258e+02
6.666666666666667962e-02,0.000000000000000000e+00,7.244694110984961632e-01,7.163193718383960231e+02,5.004499759909172667e+02,-2.158693958474787280e+02,2.158693958474787280e+02
7.333333333333333370e-02,0.000000000000000000e+00,7.182661055744110623e-01,7.124749533165345383e+02,4.959835960135759478e+02,-2.164913573029585052e+02,2.164913573029585052e+02
8.000000000000001554e-02,0.000000000000000000e+00,7.119175606799478251e-01,7.083909655343436498e+02,4.914126436895624579e+02,-2.169783218447811919e+02,2.169783218447811919e+02
8.666666666666666963e-02,0.000000000000000000e+00,7.054279564136349823e-01,7.040690459694833407e+02,4.867401286178171631e+02,-2.173289173516661776e+02,2.173289173516661776e+02
9.333333333333335147e-02,0.000000000000000000e+00,6.988020702351839253e-01,6.995115967904678200e+02,4.819694905693324358e+02,-2.175421062211352989e+02,2.175421062211352989e+02
1.000000000000000056e-01,0.000000000000000000e+00,6.920452776387763238e-01,6.947218054026538994e+02,4.771045998999189806e+02,-2.176172055027349757e+02,2.176172055027349757e+02
1.066666666666666874e-01,0.000000000000000000e+00,6.851635478186772765e-01,6.897036595860029138e+02,4.721497544294476256e+02,-2.175539051565552313e+02,2.175539051565552313e+02
1.133333333333333415e-01,0.000000000000000000e+00,6.781634341920770304e-01,6.844619567338456818e+02,4.671096726182954626e+02,-2.173522841155502761e+02,2.173522841155502761e+02
1.199999999999999956e-01,0.000000000000000000e+00,6.710520596093417778e-01,6.790023067624628084e+02,4.619894829187260825e+02,-2.170128238437366974e+02,2.170128238437366974e+02
1.266666666666666774e-01,0.000000000000000000e+00,6.638370961551739446e-01,6.733311283348293728e+02,4.567947092317252213e+02,-2.165364191031040946e+02,2.165364191031040946e+02
1.333333333333333315e-01,0.000000000000000000e+00,6.565267395242844195e-01,6.674556381275224339e+02,4.515312524574848112e+02,-2.159243856700375659e+02,2.159243856700375659e+02
1.400000000000000133e-01,0.000000000000000000e+00,6.491296780404969269e-01,6.613838329661666648e+02,4.462053681891578663e+02,-2.151784647770087986e+02,2.151784647770087986e+02
1.466666666666666674e-01,0.000000000000000000e+00,6.416550564768910281e-01,6.551244647601683937e+02,4.408236406633615161e+02,-2.143008240968068492e+02,2.143008240968068492e+02
1.533333333333333492e-01,0.000000000000000000e+00,6.341124349245721437e-01,6.486870082796731367e+02,4.353929531456919335e+02,-2.132940551339812316e+02,2.132940551339812316e+02
1.600000000000000033e-01,0.000000000000000000e+00,6.265117430466715653e-01,6.420816219341390934e+02,4.299204549936035278e+02,-2.121611669405354803e+02,2.121611669405354803e+02
1.666666666666666574e-01,0.000000000000000000e+00,6.188632301398846458e-01,6.353191018298655308e+02,4.244135257007169457e+02,-2.109055761291484998e+02,2.109055761291484998e+02
1.733333333333333670e-01,0.000000000000000000e+00,6.111774115058985490e-01,6.284108295002542945e+02,4.188797362842469738e+02,-2.095310932160073207e+02,2.095310932160073207e+02
1.800000000000000211e-01,0.000000000000000000e+00,6.034650117071420627e-01,6.213687138144275650e+02,4.133268084291422610e+02,-2.080419053852853040e+02,2.080419053852853040e+02
1.866666666666666752e-01,0.000000000000000000e+00,5.957369053432968187e-01,6.142051276740455705e+02,4.077625718471737173e+02,-2.064425558268718532e+02,2.064425558268718532e+02
1.933333333333333293e-01,0.000000000000000000e+00,5.880040560350913159e-01,6.069328402018757060e+02,4.021949203452657571e+02,-2.047379198566098637e+02,2.047379198566098637e+02
2.000000000000000389e-01,0.000000000000000000e+00,5.802774543384862094e-01,5.995649452061834381e+02,3.966317671237100626e+02,-2.029331780824733755e+02,2.029331780824733755e+02
2.066666666666666929e-01,0.000000000000000000e+00,5.725680553343601709e-01,5.921147867701280347e+02,3.910809998407393664e+02,-2.010337869293886683e+02,2.010337869293886683e+02
2.133333333333333470e-01,0.000000000000000000e+00,5.648867166454951683e-01,5.845958828632008135e+02,3.855504359847565183e+02,-1.990454468784442668e+02,1.990454468784442668e+02
2.200000000000000011e-01,0.000000000000000000e+00,5.572441376238481681e-01,5.770218479010948158e+02,3.800477790891707173e+02,-1.969740688119240986e+02,1.969740688119240986e+02
2.266666666666666552e-01,0.000000000000000000e+00,5.496508004270551639e-01,5.694063151905210134e+02,3.745805763074797596e+02,-1.948257388830412538e+02,1.948257388830412538e+02
2.333333333333333648e-01,0.000000000000000000e+00,5.421169136645862530e-01,5.617628601863231097e+02,3.691561778385021171e+02,-1.926066823478209642e+02,1.926066823478209642e+02
2.400000000000000189e-01,0.000000000000000000e+00,5.346523592421728033e-01,5.541049254602943392e+02,3.637816986543644475e+02,-1.903232268059298633e+02,1.903232268059298633e+02
2.466666666666666730e-01,0.000000000000000000e+00,5.272666429696125645e-01,5.464457482354503099e+02,3.584639829381210347e+02,-1.879817652973292184e+02,1.879817652973292184e+02
2.533333333333332993e-01,0.000000000000000000e+00,5.199688494237607594e-01,5.387982912777802085e+02,3.532095715851077102e+02,-1.855887196926723846e+02,1.855887196926723846e+02
2.600000000000000089e-01,0.000000000000000000e+00,5.127676014775610636e-01,5.311751778617269792e+02,3.480246730638439772e+02,-1.831505047978829737e+02,1.831505047978829737e+02
2.666666666666667185e-01,0.000000000000000000e+00,5.056710248196691904e-01,5.235886314382476030e+02,3.429151378701618000e+02,-1.806734935680857745e+02,1.806734935680857745e+02
2.733333333333333171e-01,0.000000000000000000e+00,4.986867176999351114e-01,5.160504205379173754e+02,3.378864367439532543e+02,-1.781639837939641211e+02,1.781639837939641211e+02
2.800000000000000266e-01,0.000000000000000000e+00,4.918217260460814311e-01,5.085718093389842807e+02,3.329436427531786649e+02,-1.756281665858056158e+02,1.756281665858056158e+02
2.866666666666667362e-01,0.000000000000000000e+00,4.850825240085685497e-01,5.011635142243582095e+02,3.280914172861694169e+02,-1.730720969381888210e+02,1.730720969381888210e+02
2.933333333333333348e-01,0.000000000000000000e+00,4.784749999059290659e-01,4.938356665450016294e+02,3.233339999322689096e+02,-1.705016666127326914e+02,1.705016666127326914e+02
2.999999999999999889e-01,0.000000000000000000e+00,4.720044474635976539e-01,4.865977817026769685e+02,3.186752021737902965e+02,-1.679225795288866152e+02,1.679225795288866152e+02
-1.000000000000000056e-01,6.666666666666667962e-03,8.267973234981775832e-01,7.398935813941234301e+02,5.743732698906303540e+02,-1.655203115034930761e+02,1.655203115034930761e+02
-9.333333333333333759e-02,6.666666666666667962e-03,8.242135982586739074e-01,7.410705285690510209e+02,5.725129877181876736e+02,-1.685575408508633473e+02,1.685575408508633473e+02
-8.666666666666666963e-02,6.666666666666667962e-03,8.215155987324135323e-01,7.421086555588808551e+02,5.705704280592801751e+02,-1.715382274996006231e+02,1.715382274996006231e+02
-8.000000000000000167e-02,6.666666666666667962e-03,8.186996686207675955e-01,7.430023130831391427e+02,5.685429583788951504e+02,-1.744593547042439354e+02,1.744593547042439354e+02
-7.333333333333333370e-02,6.666666666666667962e-03,8.157621751005288413e-01,7.437457761139460217e+02,5.664279630443231781e+02,-1.773178130696227583e+02,1.773178130696227583e+02
-6.666666666666667962e-02,6.666666666666667962e-03,8.126995256076697816e-01,7.443332603233709506e+02,5.642228554094647279e+02,-1.801104049139061658e+02,1.801104049139061658e+02
-6.000000000000000472e-02,6.666666666666667962e-03,8.095081860600821244e-01,7.447589405547794286e+02,5.619250909352015242e+02,-1.828338496195777338e+02,1.828338496195777338e+02
-5.333333333333333676e-02,6.666666666666667962e-03,8.061847005275362132e-01,7.450169713931261413e+02,5.595321813517684859e+02,-1.854847900413576269e+02,1.854847900413576269e+02
-4.666666666666666879e-02,6.666666666666667962e-03,8.027257123410345141e-01,7.451015098942679060e+02,5.570417098574873762e+02,-1.880598000367805867e+02,1.880598000367805867e+02
-4.000000000000000083e-02,6.666666666666667962e-03,7.991279866153467859e-01,7.450067405153042728e+02,5.544513473349920787e+02,-1.905553931803121941e+02,1.905553931803121941e+02
-3.333333333333333981e-02,6.666666666666667962e-03,7.953884341378287814e-01,7.447269022665623197e+02,5.517588695511791457e+02,-1.929680327153831172e+02,1.929680327153831172e+02
-2.666666666666667185e-02,6.666666666666667962e-03,7.915041365536220619e-01,7.442563180809431742e+02,5.489621752905503627e+02,-1.952941427903927547e+02,1.952941427903927547e+02
-2.000000000000000389e-02,6.666666666666667962e-03,7.874723727521368843e-01,7.435894263679349478e+02,5.460593053534810224e+02,-1.975301210144538402e+02,1.975301210144538402e+02
-1.333333333333333592e-02,6.666666666666667962e-03,7.832906463324653679e-01,7.427208146876297405e+02,5.430484623313175234e+02,-1.996723523563121603e+02,1.996723523563121603e+02
-6.666666666666667962e-03,6.666666666666667962e-03,7.789567139963174958e-01,7.416452554446955219e+02,5.399280310492911212e+02,-2.017172243954045143e+02,2.017172243954045143e+02
0.000000000000000000e+00,6.666666666666667962e-03,7.744686146865360499e-01,7.403577434636461021e+02,5.366965995462484216e+02,-2.036611439173976237e+02,2.036611439173976237e+02
6.666666666666667962e-03,6.666666666666667962e-03,7.698246992576549541e-01,7.388535352652390884e+02,5.333529804374541072e+02,-2.055005548277850380e+02,2.055005548277850380e+02
1.333333333333333592e-02,6.666666666666667962e-03,7.650236604328473078e-01,7.371281898199081297e+02,5.298962324835924846e+02,-2.072319573363156451e+02,2.072319573363156451e+02
2.000000000000000389e-02,6.666666666666667962e-03,7.600645627695752360e-01,7.351776105083459925e+02,5.263256821660365858e+02,-2.088519283423093498e+02,2.088519283423093498e+02
2.666666666666667185e-02,6.666666666666667962e-03,7.549468723250452040e-01,7.329980879725153500e+02,5.226409450459750587e+02,-2.103571429265403481e+02,2.103571429265403481e+02
3.333333333333332593e-02,6.666666666666667962e-03,7.496704856829831121e-01,7.305863434933080498e+02,5.188419466636903508e+02,-2.117443968296176422e+02,2.117443968296176422e+02
4.000000000000000777e-02,6.666666666666667962e-03,7.442357579761829101e-01,7.279395724848789087e+02,5.149289427147941751e+02,-2.130106297700846198e+02,2.130106297700846198e+02
4.666666666666666186e-02,6.666666666666667962e-03,7.386435295157101066e-01,7.250554876515147953e+02,5.109025382232537140e+02,-2.141529494282611381e+02,2.141529494282611381e+02
5.333333333333334370e-02,6.666666666666667962e-03,7.328951506185421572e-01,7.219323613120257050e+02,5.067637054172928401e+02,-2.151686558947329786e+02,2.151686558947329786e+02
5.999999999999999778e-02,6.666666666666667962e-03,7.269925042118510206e-01,7.185690663604799511e+02,5.025138000044752289e+02,-2.160552663560047222e+02,2.160552663560047222e+02
6.666666666666667962e-02,6.666666666666667962e-03,7.209380257850321883e-01,7.149651153020420224e+02,4.981545755371656696e+02,-2.168105397648763528e+02,2.168105397648763528e+02
7.333333333333333370e-02,6.666666666666667962e-03,7.147347202609470873e-01,7.111206967801804240e+02,4.936881955598243508e+02,-2.174325012203561300e+02,2.174325012203561300e+02
8.000000000000001554e-02,6.666666666666667962e-03,7.083861753664838501e-01,7.070367089979896491e+02,4.891172432358108608e+02,-2.179194657621787883e+02,2.179194657621787883e+02
8.666666666666666963e-02,6.666666666666667962e-03,7.018965711001710073e-01,7.027147894331294538e+02,4.844447281640655660e+02,-2.182700612690637740e+02,2.182700612690637740e+02
9.333333333333335147e-02,6.666666666666667962e-03,6.952706849217199503e-01,6.981573402541137057e+02,4.796740901155808388e+02,-2.184832501385329238e+02,2.184832501385329238e+02
1.000000000000000056e-01,6.666666666666667962e-03,6.885138923253123489e-01,6.933675488663000124e+02,4.748091994461673835e+02,-2.185583494201325720e+02,2.185583494201325720e+02
1.066666666666666874e-01,6.666666666666667962e-03,6.816321625052133015e-01,6.883494030496489131e+02,4.698543539756960286e+02,-2.184950490739528277e+02,2.184950490739528277e+02
1.133333333333333415e-01,6.666666666666667962e-03,6.746320488786130554e-01,6.831077001974917948e+02,4.648142721645438655e+02,-2.182934280329478725e+02,2.182934280329478725e+02
1.199999999999999956e-01,6.666666666666667962e-03,6.675206742958778028e-01,6.776480502261088077e+02,4.596940824649744854e+02,-2.179539677611343222e+02,2.179539677611343222e+02
1.266666666666666774e-01,6.666666666666667962e-03,6.603057108417099696e-01,6.719768717984753721e+02,4.544993087779736243e+02,-2.174775630205016910e+02,2.174775630205016910e+02
1.333333333333333315e-01,6.666666666666667962e-03,6.529953542108204445e-01,6.661013815911683196e+02,4.492358520037332141e+02,-2.168655295874351623e+02,2.168655295874351623e+02
1.400000000000000133e-01,6.666666666666667962e-03,6.455982927270329519e-01,6.600295764298126642e+02,4.439099677354062123e+02,-2.161196086944063950e+02,2.161196086944063950e+02
1.466666666666666674e-01,6.666666666666667962e-03,6.381236711634270531e-01,6.537702082238145067e+02,4.385282402096099759e+02,-2.152419680142044740e+02,2.152419680142044740e+02
1.533333333333333492e-01,6.666666666666667962e-03,6.305810496111081687e-01,6.473327517433192497e+02,4.330975526919403364e+02,-2.142351990513788564e+02,2.142351990513788564e+02
1.600000000000000033e-01,6.666666666666667962e-03,6.229803577332075903e-01,6.407273653977849790e+02,4.276250545398519307e+02,-2.131023108579331051e+02,2.131023108579331051e+02
1.666666666666666574e-01,6.666666666666667962e-03,6.153318448264206708e-01,6.339648452935114165e+02,4.221181252469653487e+02,-2.118467200465461246e+02,2.118467200465461246e+02
1.733333333333333670e-01,6.666666666666667962e-03,6.076460261924345740e-01,6.270565729639004076e+02,4.165843358304954336e+02,-2.104722371334049171e+02,2.104722371334049171e+02
1.800000000000000211e-01,6.666666666666667962e-03,5.999336263936780878e-01,6.200144572780735643e+02,4.110314079753906071e+02,-2.089830493026829004e+02,2.089830493026829004e+02
1.866666666666666752e-01,6.666666666666667962e-03,5.922055200298328437e-01,6.128508711376916835e+02,4.054671713934221202e+02,-2.073836997442694496e+02,2.073836997442694496e+02
1.933333333333333293e-01,6.666666666666667962e-03,5.844726707216273409e-01,6.055785836655215917e+02,3.998995198915141600e+02,-2.056790637740074885e+02,2.056790637740074885e+02
2.000000000000000389e-01,6.666666666666667962e-03,5.767460690250222344e-01,5.982106886698295511e+02,3.943363666699584655e+02,-2.038743219998709719e+02,2.038743219998709719e+02
2.066666666666666929e-01,6.666666666666667962e-03,5.690366700208961959e-01,5.907605302337740341e+02,3.887855993869877693e+02,-2.019749308467862647e+02,2.019749308467862647e+02
2.133333333333333470e-01,6.666666666666667962e-03,5.613553313320311933e-01,5.832416263268468128e+02,3.832550355310048644e+02,-1.999865907958418916e+02,1.999865907958418916e+02
2.200000000000000011e-01,6.666666666666667962e-03,5.537127523103841931e-01,5.756675913647409288e+02,3.777523786354191202e+02,-1.979152127293216950e+02,1.979152127293216950e+02
2.266666666666666552e-01,6.666666666666667962e-03,5.461194151135911889e-01,5.680520586541670127e+02,3.722851758537281057e+02,-1.957668828004388502e+02,1.957668828004388502e+02
2.333333333333333648e-01,6.666666666666667962e-03,5.385855283511222780e-01,5.604086036499691090e+02,3.668607773847505200e+02,-1.935478262652185890e+02,1.935478262652185890e+02
2.400000000000000189e-01,6.666666666666667962e-03,5.311209739287088283e-01,5.527506689239403386e+02,3.614862982006128505e+02,-1.912643707233274881e+02,1.912643707233274881e+02
2.466666666666666730e-01,6.666666666666667962e-03,5.237352576561485895e-01,5.450914916990963093e+02,3.561685824843694377e+02,-1.889229092147268148e+02,1.889229092147268148e+02
2.533333333333332993e-01,6.666666666666667962e-03,5.164374641102967844e-01,5.374440347414260941e+02,3.509141711313561700e+02,-1.865298636100700094e+02,1.865298636100700094e+02
2.600000000000000089e-01,6.666666666666667962e-03,5.092362161640970886e-01,5.298209213253729786e+02,3.457292726100923801e+02,-1.840916487152805985e+02,1.840916487152805985e+02
2.666666666666667185e-01,6.666666666666667962e-03,5.021396395062052154e-01,5.222343749018936023e+02,3.406197374164102030e+02,-1.816146374854833994e+02,1.816146374854833994e+02
2.733333333333333171e-01,6.666666666666667962e-03,4.951553323864711365e-01,5.146961640015633748e+02,3.355910362902016573e+02,-1.791051277113617175e+02,1.791051277113617175e+02
2.800000000000000266e-01,6.666666666666667962e-03,4.882903407326174561e-01,5.072175528026302800e+02,3.306482422994270678e+02,-1.765693105032032122e+02,1.765693105032032122e+02
2.866666666666667362e-01,6.666666666666667962e-03,4.815511386951045747e-01,4.998092576880042088e+02,3.257960168324177630e+02,-1.740132408555864458e+02,1.740132408555864458e+02
2.933333333333333348e-01,6.666666666666667962e-03,4.749436145924650909e-01,4.924814100086476287e+02,3.210385994785173125e+02,-1.714428105301303162e+02,1.714428105301303162e+02
2.999999999999999889e-01,6.666666666666667962e-03,4.684730621501336789e-01,4.852435251663229678e+02,3.163798017200386994e+02,-1.688637234462842400e+02,1.688637234462842400e+02
-1.000000000000000056e-01,1.333333333333333592e-02,8.232036325618194983e-01,7.384423299359694965e+02,5.720373707819976516e+02,-1.664049591539718733e+02,1.664049591539718733e+02
-9.333333333333333759e-02,1.333333333333333592e-02,8.206199073223159335e-01,7.396192771108970874e+02,5.701770886095549713e+02,-1.694421885013421161e+02,1.694421885013421161e+02
-8.666666666666666963e-02,1.333333333333333592e-02,8.179219077960555584e-01,7.406574041007269216e+02,5.682345289506474728e+02,-1.724228751500794203e+02,1.724228751500794203e+02
-8.000000000000000167e-02,1.333333333333333592e-02,8.151059776844096216e-01,7.415510616249850955e+02,5.662070592702624481e+02,-1.753440023547227042e+02,1.753440023547227042e+02
-7.333333333333333370e-02,1.333333333333333592e-02,8.121684841641707564e-01,7.422945246557920882e+02,5.640920639356904758e+02,-1.782024607201015556e+02,1.782024607201015556e+02
-6.666666666666667962e-02,1.333333333333333592e-02,8.091058346713118077e-01,7.428820088652169034e+02,5.618869563008320256e+02,-1.809950525643849915e+02,1.809950525643849915e+02
-6.000000000000000472e-02,1.333333333333333592e-02,8.059144951237240395e-01,7.433076890966253814e+02,5.595891918265688219e+02,-1.837184972700565311e+02,1.837184972700565311e+02
-5.333333333333333676e-02,1.333333333333333592e-02,8.025910095911781283e-01,7.435657199349723214e+02,5.571962822431357836e+02,-1.863694376918364242e+02,1.863694376918364242e+02
-4.666666666666666879e-02,1.333333333333333592e-02,7.991320214046764292e-01,7.436502584361139725e+02,5.547058107488546739e+02,-1.889444476872593839e+02,1.889444476872593839e+02
-4.000000000000000083e-02,1.333333333333333592e-02,7.955342956789888120e-01,7.435554890571504529e+02,5.521154482263593763e+02,-1.914400408307909913e+02,1.914400408307909913e+02
-3.333333333333333981e-02,1.333333333333333592e-02,7.917947432014706965e-01,7.432756508084082725e+02,5.494229704425464433e+02,-1.938526803658619144e+02,1.938526803658619144e+02
-2.666666666666667185e-02,1.333333333333333592e-02,7.879104456172640880e-01,7.428050666227891270e+02,5.466262761819176603e+02,-1.961787904408715519e+02,1.961787904408715519e+02
-2.000000000000000389e-02,1.333333333333333592e-02,7.838786818157787994e-01,7.421381749097809006e+02,5.437234062448483201e+02,-1.984147686649326374e+02,1.984147686649326374e+02
-1.333333333333333592e-02,1.333333333333333592e-02,7.796969553961073940e-01,7.412695632294758070e+02,5.407125632226848211e+02,-2.005570000067909291e+02,2.005570000067909291e+02
-6.666666666666667962e-03,1.333333333333333592e-02,7.753630230599595219e-01,7.401940039865417020e+02,5.375921319406584189e+02,-2.026018720458832831e+02,2.026018720458832831e+02
0.000000000000000000e+00,1.333333333333333592e-02,7.708749237501779650e-01,7.389064920054920549e+02,5.343607004376157192e+02,-2.045457915678763925e+02,2.045457915678763925e+02
6.666666666666667962e-03,1.333333333333333592e-02,7.662310083212969802e-01,7.374022838070851549e+02,5.310170813288214049e+02,-2.063852024782638637e+02,2.063852024782638637e+02
1.333333333333333592e-02,1.333333333333333592e-02,7.614299694964893339e-01,7.356769383617543099e+02,5.275603333749597823e+02,-2.081166049867944139e+02,2.081166049867944139e+02
2.000000000000000389e-02,1.333333333333333592e-02,7.564708718332171511e-01,7.337263590501920589e+02,5.239897830574038835e+02,-2.097365759927881754e+02,2.097365759927881754e+02
2.666666666666667185e-02,1.333333333333333592e-02,7.513531813886872301e-01,7.315468365143615301e+02,5.203050459373423564e+02,-2.112417905770191737e+02,2.112417905770191737e+02
3.333333333333332593e-02,1.333333333333333592e-02,7.460767947466251382e-01,7.291350920351540026e+02,5.165060475550576484e+02,-2.126290444800964679e+02,2.126290444800964679e+02
4.000000000000000777e-02,1.333333333333333592e-02,7.406420670398249362e-01,7.264883210267248614e+02,5.125930436061614728e+02,-2.138952774205634455e+02,2.138952774205634455e+02
4.666666666666666186e-02,1.333333333333333592e-02,7.350498385793520217e-01,7.236042361933609754e+02,5.085666391146210117e+02,-2.150375970787399638e+02,2.150375970787399638e+02
5.333333333333334370e-02,1.333333333333333592e-02,7.293014596821840723e-01,7.204811098538718852e+02,5.044278063086601378e+02,-2.160533035452117474e+02,2.160533035452117474e+02
5.999999999999999778e-02,1.333333333333333592e-02,7.233988132754930467e-01,7.171178149023260175e+02,5.001779008958425266e+02,-2.169399140064835478e+02,2.169399140064835478e+02
6.666666666666667962e-02,1.333333333333333592e-02,7.173443348486742144e-01,7.135138638438880889e+02,4.958186764285329673e+02,-2.176951874153551216e+02,2.176951874153551216e+02
7.333333333333333370e-02,1.333333333333333592e-02,7.111410293245890024e-01,7.096694453220266041e+02,4.913522964511916484e+02,-2.183171488708348988e+02,2.183171488708348988e+02
8.000000000000001554e-02,1.333333333333333592e-02,7.047924844301258762e-01,7.055854575398357156e+02,4.867813441271781585e+02,-2.188041134126576139e+02,2.188041134126576139e+02
8.666666666666666963e-02,1.333333333333333592e-02,6.983028801638129224e-01,7.012635379749754065e+02,4.821088290554328637e+02,-2.191547089195425997e+02,2.191547089195425997e+02
9.333333333333335147e-02,1.333333333333333592e-02,6.916769939853619764e-01,6.967060887959598858e+02,4.773381910069481364e+02,-2.193678977890116926e+02,2.193678977890116926e+02
1.000000000000000056e-01,1.333333333333333592e-02,6.849202013889543750e-01,6.919162974081459652e+02,4.724733003375346811e+02,-2.194429970706113977e+02,2.194429970706113977e+02
1.066666666666666874e-01,1.333333333333333592e-02,6.780384715688552166e-01,6.868981515914949796e+02,4.675184548670633262e+02,-2.193796967244316534e+02,2.193796967244316534e+02
1.133333333333333415e-01,1.333333333333333592e-02,6.710383579422549705e-01,6.816564487393377476e+02,4.624783730559111632e+02,-2.191780756834266981e+02,2.191780756834266981e+02
1.199999999999999956e-01,1.333333333333333592e-02,6.639269833595198289e-01,6.761967987679548742e+02,4.573581833563417831e+02,-2.188386154116130911e+02,2.188386154116130911e+02
1.266666666666666774e-01,1.333333333333333592e-02,6.567120199053519958e-01,6.705256203403214386e+02,4.521634096693409219e+02,-2.183622106709805166e+02,2.183622106709805166e+02
1.333333333333333315e-01,1.333333333333333592e-02,6.494016632744624706e-01,6.646501301330144997e+02,4.468999528951005118e+02,-2.177501772379139879e+02,2.177501772379139879e+02
1.400000000000000133e-01,1.333333333333333592e-02,6.420046017906749780e-01,6.585783249716587306e+02,4.415740686267735100e+02,-2.170042563448852206e+02,2.170042563448852206e+02
1.466666666666666674e-01,1.333333333333333592e-02,6.345299802270689682e-01,6.523189567656604595e+02,4.361923411009772735e+02,-2.161266156646832428e+02,2.161266156646832428e+02
1.533333333333333492e-01,1.333333333333333592e-02,6.269873586747500838e-01,6.458815002851652025e+02,4.307616535833076341e+02,-2.151198467018576252e+02,2.151198467018576252e+02
1.600000000000000033e-01,1.333333333333333592e-02,6.193866667968495054e-01,6.392761139396311592e+02,4.252891554312192284e+02,-2.139869585084118739e+02,2.139869585084118739e+02
1.666666666666666574e-01,1.333333333333333592e-02,6.117381538900625859e-01,6.325135938353575966e+02,4.197822261383326463e+02,-2.127313676970248935e+02,2.127313676970248935e+02
1.733333333333333670e-01,1.333333333333333592e-02,6.040523352560766002e-01,6.256053215057463603e+02,4.142484367218627312e+02,-2.113568847838837428e+02,2.113568847838837428e+02
1.800000000000000211e-01,1.333333333333333592e-02,5.963399354573200029e-01,6.185632058199196308e+02,4.086955088667579048e+02,-2.098676969531617260e+02,2.098676969531617260e+02
1.866666666666666752e-01,1.333333333333333592e-02,5.886118290934747588e-01,6.113996196795376363e+02,4.031312722847894179e+02,-2.082683473947482753e+02,2.082683473947482753e+02
1.933333333333333293e-01,1.333333333333333592e-02,5.808789797852693670e-01,6.041273322073677718e+02,3.975636207828814577e+02,-2.065637114244862573e+02,2.065637114244862573e+02
2.000000000000000389e-01,1.333333333333333592e-02,5.731523780886642605e-01,5.967594372116755039e+02,3.920004675613257632e+02,-2.047589696503497976e+02,2.047589696503497976e+02
2.066666666666666929e-01,1.333333333333333592e-02,5.654429790845382220e-01,5.893092787756201005e+02,3.864497002783550670e+02,-2.028595784972650904e+02,2.028595784972650904e+02
2.133333333333333470e-01,1.333333333333333592e-02,5.577616403956731084e-01,5.817903748686928793e+02,3.809191364223721621e+02,-2.008712384463206604e+02,2.008712384463206604e+02
2.200000000000000011e-01,1.333333333333333592e-02,5.501190613740262192e-01,5.742163399065868816e+02,3.754164795267864179e+02,-1.987998603798005206e+02,1.987998603798005206e+02
2.266666666666666552e-01,1.333333333333333592e-02,5.425257241772332151e-01,5.666008071960130792e+02,3.699492767450954034e+02,-1.966515304509176474e+02,1.966515304509176474e+02
2.333333333333333648e-01,1.333333333333333592e-02,5.349918374147641931e-01,5.589573521918151755e+02,3.645248782761178177e+02,-1.944324739156973578e+02,1.944324739156973578e+02
2.400000000000000189e-01,1.333333333333333592e-02,5.275272829923508544e-01,5.512994174657864050e+02,3.591503990919801481e+02,-1.921490183738062569e+02,1.921490183738062569e+02
2.466666666666666730e-01,1.333333333333333592e-02,5.201415667197905046e-01,5.436402402409423757e+02,3.538326833757367353e+02,-1.898075568652056404e+02,1.898075568652056404e+02
2.533333333333332993e-01,1.333333333333333592e-02,5.128437731739386995e-01,5.359927832832722743e+02,3.485782720227234677e+02,-1.874145112605488066e+02,1.874145112605488066e+02
2.600000000000000089e-01,1.333333333333333592e-02,5.056425252277390037e-01,5.283696698672190450e+02,3.433933735014596778e+02,-1.849762963657593673e+02,1.849762963657593673e+02
2.666666666666667185e-01,1.333333333333333592e-02,4.985459485698471305e-01,5.207831234437396688e+02,3.382838383077775006e+02,-1.824992851359621682e+02,1.824992851359621682e+02
2.733333333333333171e-01,1.333333333333333592e-02,4.915616414501130516e-01,5.132449125434094412e+02,3.332551371815689549e+02,-1.799897753618405147e+02,1.799897753618405147e+02
2.800000000000000266e-01,1.333333333333333592e-02,4.846966497962594822e-01,5.057663013444763465e+02,3.283123431907943655e+02,-1.774539581536820094e+02,1.774539581536820094e+02
2.866666666666667362e-01,1.333333333333333592e-02,4.779574477587466008e-01,4.983580062298502753e+02,3.234601177237850607e+02,-1.748978885060652146e+02,1.748978885060652146e+02
2.933333333333333348e-01,1.333333333333333592e-02,4.713499236561070616e-01,4.910301585504936952e+02,3.187027003698846102e+02,-1.723274581806090850e+02,1.723274581806090850e+02
2.999999999999999889e-01,1.333333333333333592e-02,4.648793712137756495e-01,4.837922737081690343e+02,3.140439026114059970e+02,-1.697483710967630373e+02,1.697483710967630373e+02
-1.000000000000000056e-01,2.000000000000000389e-02,8.195491223993824903e-01,7.368943211668336062e+02,5.696619391764136253e+02,-1.672323819904201230e+02,1.672323819904201230e+02
-9.333333333333333759e-02,2.000000000000000389e-02,8.169653971598788145e-01,7.380712683417611970e+02,5.678016570039708313e+02,-1.702696113377903657e+02,1.702696113377903657e+02
-8.666666666666666963e-02,2.000000000000000389e-02,8.142673976336184394e-01,7.391093953315910312e+02,5.658590973450634465e+02,-1.732502979865276700e+02,1.732502979865276700e+02
-8.000000000000000167e-02,2.000000000000000389e-02,8.114514675219725026e-01,7.400030528558493188e+02,5.638316276646783081e+02,-1.761714251911709539e+02,1.761714251911709539e+02
-7.333333333333333370e-02,2.000000000000000389e-02,8.085139740017337484e-01,7.407465158866561978e+02,5.617166323301064494e+02,-1.790298835565498052e+02,1.790298835565498052e+02
-6.666666666666667962e-02,2.000000000000000389e-02,8.054513245088746887e-01,7.413340000960811267e+02,5.595115246952479993e+02,-1.818224754008332411e+02,1.818224754008332411e+02
-6.000000000000000472e-02,2.000000000000000389e-02,8.022599849612870315e-01,7.417596803274896047e+02,5.572137602209847955e+02,-1.845459201065047807e+02,1.845459201065047807e+02
-5.333333333333333676e-02,2.000000000000000389e-02,7.989364994287411204e-01,7.420177111658364311e+02,5.548208506375517572e+02,-1.871968605282846738e+02,1.871968605282846738e+02
-4.666666666666666879e-02,2.000000000000000389e-02,7.954775112422394212e-01,7.421022496669781958e+02,5.523303791432705339e+02,-1.897718705237076335e+02,1.897718705237076335e+02
-4.000000000000000083e-02,2.000000000000000389e-02,7.918797855165516930e-01,7.420074802880145626e+02,5.497400166207753500e+02,-1.922674636672392410e+02,1.922674636672392410e+02
-3.333333333333333981e-02,2.000000000000000389e-02,7.881402330390336886e-01,7.417276420392724958e+02,5.470475388369623033e+02,-1.946801032023101641e+02,1.946801032023101641e+02
-2.666666666666667185e-02,2.000000000000000389e-02,7.842559354548269690e-01,7.412570578536533503e+02,5.442508445763335203e+02,-1.970062132773198016e+02,1.970062132773198016e+02
-2.000000000000000389e-02,2.000000000000000389e-02,7.802241716533417915e-01,7.405901661406451240e+02,5.413479746392642937e+02,-1.992421915013808871e+02,1.992421915013808871e+02
-1.333333333333333592e-02,2.000000000000000389e-02,7.760424452336702750e-01,7.397215544603400303e+02,5.383371316171007948e+02,-2.013844228432391787e+02,2.013844228432391787e+02
-6.666666666666667962e-03,2.000000000000000389e-02,7.717085128975224029e-01,7.386459952174058117e+02,5.352167003350742789e+02,-2.034292948823315328e+02,2.034292948823315328e+02
0.000000000000000000e+00,2.000000000000000389e-02,7.672204135877409570e-01,7.373584832363562782e+02,5.319852688320315792e+02,-2.053732144043246421e+02,2.053732144043246421e+02
6.666666666666667962e-03,2.000000000000000389e-02,7.625764981588598612e-01,7.358542750379492645e+02,5.286416497232372649e+02,-2.072126253147121133e+02,2.072126253147121133e+02
1.333333333333333592e-02,2.000000000000000389e-02,7.577754593340522149e-01,7.341289295926184195e+02,5.251849017693757560e+02,-2.089440278232426635e+02,2.089440278232426635e+02
2.000000000000000389e-02,2.000000000000000389e-02,7.528163616707801431e-01,7.321783502810562823e+02,5.216143514518198572e+02,-2.105639988292364251e+02,2.105639988292364251e+02
2.666666666666667185e-02,2.000000000000000389e-02,7.476986712262501111e-01,7.299988277452256398e+02,5.179296143317583301e+02,-2.120692134134674234e+02,2.120692134134674234e+02
3.333333333333332593e-02,2.000000000000000389e-02,7.424222845841880192e-01,7.275870832660182259e+02,5.141306159494735084e+02,-2.134564673165447175e+02,2.134564673165447175e+02
4.000000000000000777e-02,2.000000000000000389e-02,7.369875568773878172e-01,7.249403122575890848e+02,5.102176120005773896e+02,-2.147227002570116952e+02,2.147227002570116952e+02
4.666666666666666186e-02,2.000000000000000389e-02,7.313953284169150137e-01,7.220562274242250851e+02,5.061912075090369285e+02,-2.158650199151882134e+02,2.158650199151882134e+02
5.333333333333334370e-02,2.000000000000000389e-02,7.256469495197470643e-01,7.189331010847359948e+02,5.020523747030760546e+02,-2.168807263816599971e+02,2.168807263816599971e+02
5.999999999999999778e-02,2.000000000000000389e-02,7.197443031130559277e-01,7.155698061331902409e+02,4.978024692902584434e+02,-2.177673368429317975e+02,2.177673368429317975e+02
6.666666666666667962e-02,2.000000000000000389e-02,7.136898246862370954e-01,7.119658550747521986e+02,4.934432448229488841e+02,-2.185226102518033713e+02,2.185226102518033713e+02
7.333333333333333370e-02,2.000000000000000389e-02,7.074865191621519944e-01,7.081214365528907138e+02,4.889768648456075653e+02,-2.191445717072831485e+02,2.191445717072831485e+02
8.000000000000001554e-02,2.000000000000000389e-02,7.011379742676887572e-01,7.040374487706999389e+02,4.844059125215940753e+02,-2.196315362491058636e+02,2.196315362491058636e+02
8.666666666666666963e-02,2.000000000000000389e-02,6.946483700013759144e-01,6.997155292058396299e+02,4.797333974498487805e+02,-2.199821317559908493e+02,2.199821317559908493e+02
9.333333333333335147e-02,2.000000000000000389e-02,6.880224838229248574e-01,6.951580800268239955e+02,4.749627594013640532e+02,-2.201953206254599422e+02,2.201953206254599422e+02
1.000000000000000056e-01,2.000000000000000389e-02,6.812656912265172560e-01,6.903682886390101885e+02,4.700978687319505980e+02,-2.202704199070596474e+02,2.202704199070596474e+02
1.066666666666666874e-01,2.000000000000000389e-02,6.743839614064182086e-01,6.853501428223592029e+02,4.651430232614792430e+02,-2.202071195608799030e+02,2.202071195608799030e+02
1.133333333333333415e-01,2.000000000000000389e-02,6.673838477798179625e-01,6.801084399702019709e+02,4.601029414503270800e+02,-2.200054985198749478e+02,2.200054985198749478e+02
1.199999999999999956e-01,2.000000000000000389e-02,6.602724731970827099e-01,6.746487899988189838e+02,4.549827517507576999e+02,-2.196660382480613407e+02,2.196660382480613407e+02
1.266666666666666774e-01,2.000000000000000389e-02,6.530575097429148768e-01,6.689776115711856619e+02,4.497879780637568388e+02,-2.191896335074287663e+02,2.191896335074287663e+02
1.333333333333333315e-01,2.000000000000000389e-02,6.457471531120253516e-01,6.631021213638786094e+02,4.445245212895164286e+02,-2.185776000743622376e+02,2.185776000743622376e+02
1.400000000000000133e-01,2.000000000000000389e-02,6.383500916282378590e-01,6.570303162025229540e+02,4.391986370211894837e+02,-2.178316791813334703e+02,2.178316791813334703e+02
1.466666666666666674e-01,2.000000000000000389e-02,6.308754700646319602e-01,6.507709479965246828e+02,4.338169094953931335e+02,-2.169540385011314925e+02,2.169540385011314925e+02
1.533333333333333492e-01,2.000000000000000389e-02,6.233328485123130758e-01,6.443334915160294258e+02,4.283862219777235509e+02,-2.159472695383058749e+02,2.159472695383058749e+02
1.600000000000000033e-01,2.000000000000000389e-02,6.157321566344124975e-01,6.377281051704952688e+02,4.229137238256351452e+02,-2.148143813448601236e+02,2.148143813448601236e+02
1.666666666666666574e-01,2.000000000000000389e-02,6.080836437276255779e-01,6.309655850662217063e+02,4.174067945327485631e+02,-2.135587905334731431e+02,2.135587905334731431e+02
1.733333333333333670e-01,2.000000000000000389e-02,6.003978250936394812e-01,6.240573127366105837e+02,4.118730051162785912e+02,-2.121843076203319924e+02,2.121843076203319924e+02
1.800000000000000211e-01,2.000000000000000389e-02,5.926854252948829949e-01,6.170151970507838541e+02,4.063200772611738785e+02,-2.106951197896099757e+02,2.106951197896099757e+02
1.866666666666666752e-01,2.000000000000000389e-02,5.849573189310377508e-01,6.098516109104018597e+02,4.007558406792053347e+02,-2.090957702311965249e+02,2.090957702311965249e+02
1.933333333333333293e-01,2.000000000000000389e-02,5.772244696228322480e-01,6.025793234382318815e+02,3.951881891772973745e+02,-2.073911342609345070e+02,2.073911342609345070e+02
2.000000000000000389e-01,2.000000000000000389e-02,5.694978679262271415e-01,5.952114284425397273e+02,3.896250359557416800e+02,-2.055863924867980472e+02,2.055863924867980472e+02
2.066666666666666929e-01,2.000000000000000389e-02,5.617884689221011030e-01,5.877612700064842102e+02,3.840742686727709838e+02,-2.036870013337133400e+02,2.036870013337133400e+02
2.133333333333333470e-01,2.000000000000000389e-02,5.541071302332361004e-01,5.802423660995571026e+02,3.785437048167881358e+02,-2.016986612827689100e+02,2.016986612827689100e+02
2.200000000000000011e-01,2.000000000000000389e-02,5.464645512115891002e-01,5.726683311374511050e+02,3.730410479212023347e+02,-1.996272832162487703e+02,1.996272832162487703e+02
2.266666666666666552e-01,2.000000000000000389e-02,5.388712140147960961e-01,5.650527984268771888e+02,3.675738451395113771e+02,-1.974789532873658970e+02,1.974789532873658970e+02
2.333333333333333648e-01,2.000000000000000389e-02,5.313373272523271851e-01,5.574093434226792851e+02,3.621494466705337345e+02,-1.952598967521456075e+02,1.952598967521456075e+02
2.400000000000000189e-01,2.000000000000000389e-02,5.238727728299137354e-01,5.497514086966505147e+02,3.567749674863960649e+02,-1.929764412102545066e+02,1.929764412102545066e+02
2.466666666666666730e-01,2.000000000000000389e-02,5.164870565573534966e-01,5.420922314718065991e+02,3.514572517701526522e+02,-1.906349797016538901e+02,1.906349797016538901e+02
2.533333333333332993e-01,2.000000000000000389e-02,5.091892630115016916e-01,5.344447745141363839e+02,3.462028404171393277e+02,-1.882419340969970563e+02,1.882419340969970563e+02
2.600000000000000089e-01,2.000000000000000389e-02,5.019880150653019957e-01,5.268216610980832684e+02,3.410179418958755946e+02,-1.858037192022076169e+02,1.858037192022076169e+02
2.666666666666667185e-01,2.000000000000000389e-02,4.948914384074101225e-01,5.192351146746038921e+02,3.359084067021934175e+02,-1.833267079724104178e+02,1.833267079724104178e+02
2.733333333333333171e-01,2.000000000000000389e-02,4.879071312876760436e-01,5.116969037742736646e+02,3.308797055759848718e+02,-1.808171981982887644e+02,1.808171981982887644e+02
2.800000000000000266e-01,2.000000000000000389e-02,4.810421396338223632e-01,5.042182925753405129e+02,3.259369115852102823e+02,-1.782813809901302591e+02,1.782813809901302591e+02
2.866666666666667362e-01,2.000000000000000389e-02,4.743029375963094818e-01,4.968099974607144986e+02,3.210846861182010343e+02,-1.757253113425134643e+02,1.757253113425134643e+02
2.933333333333333348e-01,2.000000000000000389e-02,4.676954134936699981e-01,4.894821497813578617e+02,3.163272687643005270e+02,-1.731548810170573347e+02,1.731548810170573347e+02
2.999999999999999889e-01,2.000000000000000389e-02,4.612248610513385860e-01,4.822442649390332008e+02,3.116684710058219139e+02,-1.705757939332112869e+02,1.705757939332112869e+02
-1.000000000000000056e-01,2.666666666666667185e-02,8.158354357300774407e-01,7.352499688103869175e+02,5.672480428413653044e+02,-1.680019259690216700e+02,1.680019259690216700e+02
-9.333333333333333759e-02,2.666666666666667185e-02,8.132517104905738758e-01,7.364269159853145084e+02,5.653877606689226241e+02,-1.710391553163919411e+02,1.710391553163919411e+02
-8.666666666666666963e-02,2.666666666666667185e-02,8.105537109643135008e-01,7.374650429751443426e+02,5.634452010100151256e+02,-1.740198419651292170e+02,1.740198419651292170e+02
-8.000000000000000167e-02,2.666666666666667185e-02,8.077377808526675640e-01,7.383587004994026302e+02,5.614177313296301008e+02,-1.769409691697725293e+02,1.769409691697725293e+02
-7.333333333333333370e-02,2.666666666666667185e-02,8.048002873324286988e-01,7.391021635302095092e+02,5.593027359950581285e+02,-1.797994275351513807e+02,1.797994275351513807e+02
-6.666666666666667962e-02,2.666666666666667185e-02,8.017376378395697500e-01,7.396896477396344380e+02,5.570976283601996784e+02,-1.825920193794347881e+02,1.825920193794347881e+02
-6.000000000000000472e-02,2.666666666666667185e-02,7.985462982919819819e-01,7.401153279710429160e+02,5.547998638859364746e+02,-1.853154640851063277e+02,1.853154640851063277e+02
-5.333333333333333676e-02,2.666666666666667185e-02,7.952228127594360707e-01,7.403733588093897424e+02,5.524069543025034363e+02,-1.879664045068862492e+02,1.879664045068862492e+02
-4.666666666666666879e-02,2.666666666666667185e-02,7.917638245729343716e-01,7.404578973105315072e+02,5.499164828082223266e+02,-1.905414145023091805e+02,1.905414145023091805e+02
-4.000000000000000083e-02,2.666666666666667185e-02,7.881660988472467544e-01,7.403631279315678739e+02,5.473261202857270291e+02,-1.930370076458407880e+02,1.930370076458407880e+02
-3.333333333333333981e-02,2.666666666666667185e-02,7.844265463697286389e-01,7.400832896828258072e+02,5.446336425019140961e+02,-1.954496471809117111e+02,1.954496471809117111e+02
-2.666666666666667185e-02,2.666666666666667185e-02,7.805422487855220304e-01,7.396127054972066617e+02,5.418369482412853131e+02,-1.977757572559213486e+02,1.977757572559213486e+02
-2.000000000000000389e-02,2.666666666666667185e-02,7.765104849840367418e-01,7.389458137841984353e+02,5.389340783042159728e+02,-2.000117354799824625e+02,2.000117354799824625e+02
-1.333333333333333592e-02,2.666666666666667185e-02,7.723287585643653363e-01,7.380772021038933417e+02,5.359232352820524738e+02,-2.021539668218407542e+02,2.021539668218407542e+02
-6.666666666666667962e-03,2.666666666666667185e-02,7.679948262282174642e-01,7.370016428609591230e+02,5.328028040000260717e+02,-2.041988388609331082e+02,2.041988388609331082e+02
0.000000000000000000e+00,2.666666666666667185e-02,7.635067269184359073e-01,7.357141308799095896e+02,5.295713724969833720e+02,-2.061427583829262176e+02,2.061427583829262176e+02
6.666666666666667962e-03,2.666666666666667185e-02,7.588628114895549226e-01,7.342099226815025759e+02,5.262277533881890577e+02,-2.079821692933136603e+02,2.079821692933136603e+02
1.333333333333333592e-02,2.666666666666667185e-02,7.540617726647472763e-01,7.324845772361717309e+02,5.227710054343274351e+02,-2.097135718018442390e+02,2.097135718018442390e+02
2.000000000000000389e-02,2.666666666666667185e-02,7.491026750014750935e-01,7.305339979246095936e+02,5.192004551167715363e+02,-2.113335428078379721e+02,2.113335428078379721e+02
2.666666666666667185e-02,2.666666666666667185e-02,7.439849845569451725e-01,7.283544753887789511e+02,5.155157179967100092e+02,-2.128387573920689704e+02,2.128387573920689704e+02
3.333333333333332593e-02,2.666666666666667185e-02,7.387085979148830805e-01,7.259427309095715373e+02,5.117167196144252443e+02,-2.142260112951462645e+02,2.142260112951462645e+02
4.000000000000000777e-02,2.666666666666667185e-02,7.332738702080828785e-01,7.232959599011423961e+02,5.078037156655291255e+02,-2.154922442356132422e+02,2.154922442356132422e+02
4.666666666666666186e-02,2.666666666666667185e-02,7.276816417476099641e-01,7.204118750677783964e+02,5.037773111739886645e+02,-2.166345638937897604e+02,2.166345638937897604e+02
5.333333333333334370e-02,2.666666666666667185e-02,7.219332628504420146e-01,7.172887487282893062e+02,4.996384783680277906e+02,-2.176502703602615725e+02,2.176502703602615725e+02
5.999999999999999778e-02,2.666666666666667185e-02,7.160306164437509890e-01,7.139254537767435522e+02,4.953885729552101793e+02,-2.185368808215333445e+02,2.185368808215333445e+02
6.666666666666667962e-02,2.666666666666667185e-02,7.099761380169321567e-01,7.103215027183055099e+02,4.910293484879006201e+02,-2.192921542304049467e+02,2.192921542304049467e+02
7.333333333333333370e-02,2.666666666666667185e-02,7.037728324928469448e-01,7.064770841964440251e+02,4.865629685105593012e+02,-2.199141156858847239e+02,2.199141156858847239e+02
8.000000000000001554e-02,2.666666666666667185e-02,6.974242875983838186e-01,7.023930964142532503e+02,4.819920161865458113e+02,-2.204010802277074106e+02,2.204010802277074106e+02
8.666666666666666963e-02,2.666666666666667185e-02,6.909346833320708647e-01,6.980711768493929412e+02,4.773195011148005165e+02,-2.207516757345923963e+02,2.207516757345923963e+02
9.333333333333335147e-02,2.666666666666667185e-02,6.843087971536199188e-01,6.935137276703773068e+02,4.725488630663157892e+02,-2.209648646040615176e+02,2.209648646040615176e+02
1.000000000000000056e-01,2.666666666666667185e-02,6.775520045572123173e-01,6.887239362825634998e+02,4.676839723969023339e+02,-2.210399638856611944e+02,2.210399638856611944e+02
1.066666666666666874e-01,2.666666666666667185e-02,6.706702747371131590e-01,6.837057904659125143e+02,4.627291269264309790e+02,-2.209766635394814500e+02,2.209766635394814500e+02
1.133333333333333415e-01,2.666666666666667185e-02,6.636701611105129128e-01,6.784640876137552823e+02,4.576890451152788160e+02,-2.207750424984764948e+02,2.207750424984764948e+02
1.199999999999999956e-01,2.666666666666667185e-02,6.565587865277777713e-01,6.730044376423722952e+02,4.525688554157094359e+02,-2.204355822266629161e+02,2.204355822266629161e+02
1.266666666666666774e-01,2.666666666666667185e-02,6.493438230736099381e-01,6.673332592147389732e+02,4.473740817287085747e+02,-2.199591774860303133e+02,2.199591774860303133e+02
1.333333333333333315e-01,2.666666666666667185e-02,6.420334664427204130e-01,6.614577690074319207e+02,4.421106249544681646e+02,-2.193471440529637846e+02,2.193471440529637846e+02
1.400000000000000133e-01,2.666666666666667185e-02,6.346364049589329204e-01,6.553859638460762653e+02,4.367847406861411628e+02,-2.186012231599350173e+02,2.186012231599350173e+02
1.466666666666666674e-01,2.666666666666667185e-02,6.271617833953269106e-01,6.491265956400779942e+02,4.314030131603449263e+02,-2.177235824797330679e+02,2.177235824797330679e+02
1.533333333333333492e-01,2.666666666666667185e-02,6.196191618430080261e-01,6.426891391595827372e+02,4.259723256426752869e+02,-2.167168135169074503e+02,2.167168135169074503e+02
1.600000000000000033e-01,2.666666666666667185e-02,6.120184699651074478e-01,6.360837528140485801e+02,4.204998274905868811e+02,-2.155839253234616990e+02,2.155839253234616990e+02
1.666666666666666574e-01,2.666666666666667185e-02,6.043699570583205283e-01,6.293212327097750176e+02,4.149928981977002991e+02,-2.143283345120747185e+02,2.143283345120747185e+02
1.733333333333333670e-01,2.666666666666667185e-02,5.966841384243345425e-01,6.224129603801638950e+02,4.094591087812303840e+02,-2.129538515989335394e+02,2.129538515989335394e+02
1.800000000000000211e-01,2.666666666666667185e-02,5.889717386255779452e-01,6.153708446943371655e+02,4.039061809261255576e+02,-2.114646637682115227e+02,2.114646637682115227e+02
1.866666666666666752e-01,2.666666666666667185e-02,5.812436322617327011e-01,6.082072585539551710e+02,3.983419443441570706e+02,-2.098653142097980719e+02,2.098653142097980719e+02
1.933333333333333293e-01,2.666666666666667185e-02,5.735107829535273094e-01,6.009349710817851928e+02,3.927742928422491104e+02,-2.081606782395360824e+02,2.081606782395360824e+02
2.000000000000000389e-01,2.666666666666667185e-02,5.657841812569222029e-01,5.935670760860930386e+02,3.872111396206934160e+02,-2.063559364653995942e+02,2.063559364653995942e+02
2.066666666666666929e-01,2.666666666666667185e-02,5.580747822527961644e-01,5.861169176500375215e+02,3.816603723377227197e+02,-2.044565453123148870e+02,2.044565453123148870e+02
2.133333333333333470e-01,2.666666666666667185e-02,5.503934435639310507e-01,5.785980137431104140e+02,3.761298084817398149e+02,-2.024682052613704855e+02,2.024682052613704855e+02
2.200000000000000011e-01,2.666666666666667185e-02,5.427508645422841616e-01,5.710239787810044163e+02,3.706271515861540706e+02,-2.003968271948503173e+02,2.003968271948503173e+02
2.266666666666666552e-01,2.666666666666667185e-02,5.351575273454911574e-01,5.634084460704305002e+02,3.651599488044630561e+02,-1.982484972659674440e+02,1.982484972659674440e+02
2.333333333333333648e-01,2.666666666666667185e-02,5.276236405830221354e-01,5.557649910662325965e+02,3.597355503354854704e+02,-1.960294407307471829e+02,1.960294407307471829e+02
2.400000000000000189e-01,2.666666666666667185e-02,5.201590861606087968e-01,5.481070563402038260e+02,3.543610711513478009e+02,-1.937459851888560820e+02,1.937459851888560820e+02
2.466666666666666730e-01,2.666666666666667185e-02,5.127733698880484470e-01,5.404478791153599104e+02,3.490433554351043881e+02,-1.914045236802554371e+02,1.914045236802554371e+02
2.533333333333332993e-01,2.666666666666667185e-02,5.054755763421966419e-01,5.328004221576896953e+02,3.437889440820911204e+02,-1.890114780755986317e+02,1.890114780755986317e+02
2.600000000000000089e-01,2.666666666666667185e-02,4.982743283959970015e-01,5.251773087416365797e+02,3.386040455608273305e+02,-1.865732631808091924e+02,1.865732631808091924e+02
2.666666666666667185e-01,2.666666666666667185e-02,4.911777517381050728e-01,5.175907623181572035e+02,3.334945103671451534e+02,-1.840962519510119932e+02,1.840962519510119932e+02
2.733333333333333171e-01,2.666666666666667185e-02,4.841934446183709939e-01,5.100525514178269759e+02,3.284658092409366077e+02,-1.815867421768903114e+02,1.815867421768903114e+02
2.800000000000000266e-01,2.666666666666667185e-02,4.773284529645174246e-01,5.025739402188938243e+02,3.235230152501620182e+02,-1.790509249687318061e+02,1.790509249687318061e+02
2.866666666666667362e-01,2.666666666666667185e-02,4.705892509270045432e-01,4.951656451042678100e+02,3.186707897831527134e+02,-1.764948553211150397e+02,1.764948553211150397e+02
2.933333333333333348e-01,2.666666666666667185e-02,4.639817268243650039e-01,4.878377974249111730e+02,3.139133724292522629e+02,-1.739244249956589101e+02,1.739244249956589101e+02
2.999999999999999889e-01,2.666666666666667185e-02,4.575111743820335919e-01,4.805999125825865121e+02,3.092545746707736498e+02,-1.713453379118128623e+02,1.713453379118128623e+02
-1.000000000000000056e-01,3.333333333333332593e-02,8.120643715607329671e-01,7.335098672569845348e+02,5.647968511312914188e+02,-1.687130161256931729e+02,1.687130161256931729e+02
-9.333333333333333759e-02,3.333333333333332593e-02,8.094806463212294023e-01,7.346868144319121257e+02,5.629365689588487385e+02,-1.717502454730634440e+02,1.717502454730634440e+02
-8.666666666666666963e-02,3.333333333333332593e-02,8.067826467949690272e-01,7.357249414217419599e+02,5.609940092999412400e+02,-1.747309321218007199e+02,1.747309321218007199e+02
-8.000000000000000167e-02,3.333333333333332593e-02,8.039667166833230905e-01,7.366185989460002475e+02,5.589665396195562153e+02,-1.776520593264440322e+02,1.776520593264440322e+02
-7.333333333333333370e-02,3.333333333333332593e-02,8.010292231630842252e-01,7.373620619768071265e+02,5.568515442849842429e+02,-1.805105176918228551e+02,1.805105176918228551e+02
-6.666666666666667962e-02,3.333333333333332593e-02,7.979665736702252765e-01,7.379495461862320553e+02,5.546464366501257928e+02,-1.833031095361062626e+02,1.833031095361062626e+02
-6.000000000000000472e-02,3.333333333333332593e-02,7.947752341226375083e-01,7.383752264176405333e+02,5.523486721758625890e+02,-1.860265542417778306e+02,1.860265542417778306e+02
-5.333333333333333676e-02,3.333333333333332593e-02,7.914517485900915972e-01,7.386332572559872460e+02,5.499557625924295508e+02,-1.886774946635577237e+02,1.886774946635577237e+02
-4.666666666666666879e-02,3.333333333333332593e-02,7.879927604035898980e-01,7.387177957571290108e+02,5.474652910981483274e+02,-1.912525046589806834e+02,1.912525046589806834e+02
-4.000000000000000083e-02,3.333333333333332593e-02,7.843950346779022809e-01,7.386230263781653775e+02,5.448749285756531435e+02,-1.937480978025122909e+02,1.937480978025122909e+02
-3.333333333333333981e-02,3.333333333333332593e-02,7.806554822003841654e-01,7.383431881294234245e+02,5.421824507918402105e+02,-1.961607373375832140e+02,1.961607373375832140e+02
-2.666666666666667185e-02,3.333333333333332593e-02,7.767711846161775568e-01,7.378726039438042790e+02,5.393857565312114275e+02,-1.984868474125928515e+02,1.984868474125928515e+02
-2.000000000000000389e-02,3.333333333333332593e-02,7.727394208146922683e-01,7.372057122307960526e+02,5.364828865941420872e+02,-2.007228256366539370e+02,2.007228256366539370e+02
-1.333333333333333592e-02,3.333333333333332593e-02,7.685576943950208628e-01,7.363371005504908453e+02,5.334720435719785883e+02,-2.028650569785122570e+02,2.028650569785122570e+02
-6.666666666666667962e-03,3.333333333333332593e-02,7.642237620588729907e-01,7.352615413075566266e+02,5.303516122899520724e+02,-2.049099290176046111e+02,2.049099290176046111e+02
0.000000000000000000e+00,3.333333333333332593e-02,7.597356627490914338e-01,7.339740293265072069e+02,5.271201807869094864e+02,-2.068538485395977204e+02,2.068538485395977204e+02
6.666666666666667962e-03,3.333333333333332593e-02,7.550917473202104491e-01,7.324698211281001932e+02,5.237765616781150584e+02,-2.086932594499851348e+02,2.086932594499851348e+02
1.333333333333333592e-02,3.333333333333332593e-02,7.502907084954028027e-01,7.307444756827692345e+02,5.203198137242535495e+02,-2.104246619585157418e+02,2.104246619585157418e+02
2.000000000000000389e-02,3.333333333333332593e-02,7.453316108321306199e-01,7.287938963712070972e+02,5.167492634066976507e+02,-2.120446329645094465e+02,2.120446329645094465e+02
2.666666666666667185e-02,3.333333333333332593e-02,7.402139203876006990e-01,7.266143738353764547e+02,5.130645262866361236e+02,-2.135498475487404448e+02,2.135498475487404448e+02
3.333333333333332593e-02,3.333333333333332593e-02,7.349375337455386070e-01,7.242026293561691546e+02,5.092655279043513019e+02,-2.149371014518177390e+02,2.149371014518177390e+02
4.000000000000000777e-02,3.333333333333332593e-02,7.295028060387384050e-01,7.215558583477400134e+02,5.053525239554552400e+02,-2.162033343922847166e+02,2.162033343922847166e+02
4.666666666666666186e-02,3.333333333333332593e-02,7.239105775782654906e-01,7.186717735143759000e+02,5.013261194639147789e+02,-2.173456540504612349e+02,2.173456540504612349e+02
5.333333333333334370e-02,3.333333333333332593e-02,7.181621986810975411e-01,7.155486471748868098e+02,4.971872866579539050e+02,-2.183613605169330754e+02,2.183613605169330754e+02
5.999999999999999778e-02,3.333333333333332593e-02,7.122595522744065155e-01,7.121853522233410558e+02,4.929373812451362937e+02,-2.192479709782048189e+02,2.192479709782048189e+02
6.666666666666667962e-02,3.333333333333332593e-02,7.062050738475876832e-01,7.085814011649031272e+02,4.885781567778267345e+02,-2.200032443870764496e+02,2.200032443870764496e+02
7.333333333333333370e-02,3.333333333333332593e-02,7.000017683235024712e-01,7.047369826430415287e+02,4.841117768004853588e+02,-2.206252058425562268e+02,2.206252058425562268e+02
8.000000000000001554e-02,3.333333333333332593e-02,6.936532234290393450e-01,7.006529948608507539e+02,4.795408244764719257e+02,-2.211121703843788850e+02,2.211121703843788850e+02
8.666666666666666963e-02,3.333333333333332593e-02,6.871636191627263912e-01,6.963310752959905585e+02,4.748683094047265740e+02,-2.214627658912638708e+02,2.214627658912638708e+02
9.333333333333335147e-02,3.333333333333332593e-02,6.805377329842754452e-01,6.917736261169748104e+02,4.700976713562419036e+02,-2.216759547607330205e+02,2.216759547607330205e+02
1.000000000000000056e-01,3.333333333333332593e-02,6.737809403878678438e-01,6.869838347291611171e+02,4.652327806868283915e+02,-2.217510540423326688e+02,2.217510540423326688e+02
1.066666666666666874e-01,3.333333333333332593e-02,6.668992105677686855e-01,6.819656889125100179e+02,4.602779352163570366e+02,-2.216877536961529245e+02,2.216877536961529245e+02
1.133333333333333415e-01,3.333333333333332593e-02,6.598990969411684393e-01,6.767239860603528996e+02,4.552378534052048735e+02,-2.214861326551479692e+02,2.214861326551479692e+02
1.199999999999999956e-01,3.333333333333332593e-02,6.527877223584332977e-01,6.712643360889699125e+02,4.501176637056355503e+02,-2.211466723833344190e+02,2.211466723833344190e+02
1.266666666666666774e-01,3.333333333333332593e-02,6.455727589042654646e-01,6.655931576613364768e+02,4.449228900186346891e+02,-2.206702676427017877e+02,2.206702676427017877e+02
1.333333333333333315e-01,3.333333333333332593e-02,6.382624022733759395e-01,6.597176674540294243e+02,4.396594332443942221e+02,-2.200582342096352590e+02,2.200582342096352590e+02
1.400000000000000133e-01,3.333333333333332593e-02,6.308653407895884468e-01,6.536458622926737689e+02,4.343335489760672772e+02,-2.193123133166064918e+02,2.193123133166064918e+02
1.466666666666666674e-01,3.333333333333332593e-02,6.233907192259824370e-01,6.473864940866756115e+02,4.289518214502709839e+02,-2.184346726364045708e+02,2.184346726364045708e+02
1.533333333333333492e-01,3.333333333333332593e-02,6.158480976736635526e-01,6.409490376061803545e+02,4.235211339326014013e+02,-2.174279036735789532e+02,2.174279036735789532e+02
1.600000000000000033e-01,3.333333333333332593e-02,6.082474057957629743e-01,6.343436512606460838e+02,4.180486357805129956e+02,-2.162950154801332019e+02,2.162950154801332019e+02
1.666666666666666574e-01,3.333333333333332593e-02,6.005988928889760547e-01,6.275811311563725212e+02,4.125417064876263566e+02,-2.150394246687462214e+02,2.150394246687462214e+02
1.733333333333333670e-01,3.333333333333332593e-02,5.929130742549900690e-01,6.206728588267615123e+02,4.070079170711564416e+02,-2.136649417556050139e+02,2.136649417556050139e+02
1.800000000000000211e-01,3.333333333333332593e-02,5.852006744562334717e-01,6.136307431409346691e+02,4.014549892160516720e+02,-2.121757539248829971e+02,2.121757539248829971e+02
1.866666666666666752e-01,3.333333333333332593e-02,5.774725680923882276e-01,6.064671570005527883e+02,3.958907526340831282e+02,-2.105764043664695464e+02,2.105764043664695464e+02
1.933333333333333293e-01,3.333333333333332593e-02,5.697397187841828359e-01,5.991948695283826964e+02,3.903231011321752248e+02,-2.088717683962075853e+02,2.088717683962075853e+02
2.000000000000000389e-01,3.333333333333332593e-02,5.620131170875777293e-01,5.918269745326906559e+02,3.847599479106195304e+02,-2.070670266220710687e+02,2.070670266220710687e+02
2.066666666666666929e-01,3.333333333333332593e-02,5.543037180834516908e-01,5.843768160966351388e+02,3.792091806276488342e+02,-2.051676354689863615e+02,2.051676354689863615e+02
2.133333333333333470e-01,3.333333333333332593e-02,5.466223793945865772e-01,5.768579121897079176e+02,3.736786167716659293e+02,-2.031792954180419883e+02,2.031792954180419883e+02
2.200000000000000011e-01,3.333333333333332593e-02,5.389798003729396880e-01,5.692838772276020336e+02,3.681759598760801282e+02,-2.011079173515217917e+02,2.011079173515217917e+02
2.266666666666666552e-01,3.333333333333332593e-02,5.313864631761466839e-01,5.616683445170281175e+02,3.627087570943891706e+02,-1.989595874226389469e+02,1.989595874226389469e+02
2.333333333333333648e-01,3.333333333333332593e-02,5.238525764136776619e-01,5.540248895128302138e+02,3.572843586254115280e+02,-1.967405308874186858e+02,1.967405308874186858e+02
2.400000000000000189e-01,3.333333333333332593e-02,5.163880219912643232e-01,5.463669547868014433e+02,3.519098794412739153e+02,-1.944570753455275849e+02,1.944570753455275849e+02
2.466666666666666730e-01,3.333333333333332593e-02,5.090023057187039734e-01,5.387077775619574140e+02,3.465921637250304457e+02,-1.921156138369269115e+02,1.921156138369269115e+02
2.533333333333332993e-01,3.333333333333332593e-02,5.017045121728521684e-01,5.310603206042871989e+02,3.413377523720171780e+02,-1.897225682322701061e+02,1.897225682322701061e+02
2.600000000000000089e-01,3.333333333333332593e-02,4.945032642266525280e-01,5.234372071882340833e+02,3.361528538507534449e+02,-1.872843533374806952e+02,1.872843533374806952e+02
2.666666666666667185e-01,3.333333333333332593e-02,4.874066875687605993e-01,5.158506607647547071e+02,3.310433186570712678e+02,-1.848073421076834961e+02,1.848073421076834961e+02
2.733333333333333171e-01,3.333333333333332593e-02,4.804223804490265204e-01,5.083124498644244795e+02,3.260146175308626653e+02,-1.822978323335618143e+02,1.822978323335618143e+02
2.800000000000000266e-01,3.333333333333332593e-02,4.735573887951729510e-01,5.008338386654913847e+02,3.210718235400880758e+02,-1.797620151254033090e+02,1.797620151254033090e+02
2.866666666666667362e-01,3.333333333333332593e-02,4.668181867576600697e-01,4.934255435508653136e+02,3.162195980730788278e+02,-1.772059454777865426e+02,1.772059454777865426e+02
2.933333333333333348e-01,3.333333333333332593e-02,4.602106626550205304e-01,4.860976958715087335e+02,3.114621807191783773e+02,-1.746355151523304130e+02,1.746355151523304130e+02
2.999999999999999889e-01,3.333333333333332593e-02,4.537401102126891184e-01,4.788598110291840726e+02,3.068033829606997642e+02,-1.720564280684843368e+02,1.720564280684843368e+02
-1.000000000000000056e-01,4.000000000000000777e-02,8.082378843781169442e-01,7.316747954089157702e+02,5.623096344625910206e+02,-1.693651609463247496e+02,1.693651609463247496e+02
-9.333333333333333759e-02,4.000000000000000777e-02,8.056541591386132684e-01,7.328517425838433610e+02,5.604493522901482265e+02,-1.724023902936950208e+02,1.724023902936950208e+02
-8.666666666666666963e-02,4.000000000000000777e-02,8.029561596123528933e-01,7.338898695736731952e+02,5.585067926312408417e+02,-1.753830769424322966e+02,1.753830769424322966e+02
-8.000000000000000167e-02,4.000000000000000777e-02,8.001402295007069565e-01,7.347835270979313691e+02,5.564793229508557033e+02,-1.783042041470756089e+02,1.783042041470756089e+02
-7.333333333333333370e-02,4.000000000000000777e-02,7.972027359804682023e-01,7.355269901287383618e+02,5.543643276162838447e+02,-1.811626625124544319e+02,1.811626625124544319e+02
-6.666666666666667962e-02,4.000000000000000777e-02,7.941400864876091426e-01,7.361144743381631770e+02,5.521592199814253945e+02,-1.839552543567378393e+02,1.839552543567378393e+02
-6.000000000000000472e-02,4.000000000000000777e-02,7.909487469400214854e-01,7.365401545695716550e+02,5.498614555071621908e+02,-1.866786990624094074e+02,1.866786990624094074e+02
-5.333333333333333676e-02,4.000000000000000777e-02,7.876252614074755742e-01,7.367981854079184814e+02,5.474685459237291525e+02,-1.893296394841893004e+02,1.893296394841893004e+02
-4.666666666666666879e-02,4.000000000000000777e-02,7.841662732209738751e-01,7.368827239090601324e+02,5.449780744294479291e+02,-1.919046494796122602e+02,1.919046494796122602e+02
-4.000000000000000083e-02,4.000000000000000777e-02,7.805685474952861469e-01,7.367879545300966129e+02,5.423877119069527453e+02,-1.944002426231438676e+02,1.944002426231438676e+02
-3.333333333333333981e-02,4.000000000000000777e-02,7.768289950177680314e-01,7.365081162813545461e+02,5.396952341231396986e+02,-1.968128821582147907e+02,1.968128821582147907e+02
-2.666666666666667185e-02,4.000000000000000777e-02,7.729446974335614229e-01,7.360375320957354006e+02,5.368985398625109156e+02,-1.991389922332244282e+02,1.991389922332244282e+02
-2.000000000000000389e-02,4.000000000000000777e-02,7.689129336320762453e-01,7.353706403827271743e+02,5.339956699254416890e+02,-2.013749704572855137e+02,2.013749704572855137e+02
-1.333333333333333592e-02,4.000000000000000777e-02,7.647312072124048399e-01,7.345020287024219670e+02,5.309848269032781900e+02,-2.035172017991438338e+02,2.035172017991438338e+02
-6.666666666666667962e-03,4.000000000000000777e-02,7.603972748762568568e-01,7.334264694594878620e+02,5.278643956212516741e+02,-2.055620738382361878e+02,2.055620738382361878e+02
0.000000000000000000e+00,4.000000000000000777e-02,7.559091755664754109e-01,7.321389574784383285e+02,5.246329641182089745e+02,-2.075059933602292972e+02,2.075059933602292972e+02
6.666666666666667962e-03,4.000000000000000777e-02,7.512652601375944261e-01,7.306347492800314285e+02,5.212893450094146601e+02,-2.093454042706167115e+02,2.093454042706167115e+02
1.333333333333333592e-02,4.000000000000000777e-02,7.464642213127867798e-01,7.289094038347004698e+02,5.178325970555531512e+02,-2.110768067791473186e+02,2.110768067791473186e+02
2.000000000000000389e-02,4.000000000000000777e-02,7.415051236495145970e-01,7.269588245231382189e+02,5.142620467379972524e+02,-2.126967777851410233e+02,2.126967777851410233e+02
2.666666666666667185e-02,4.000000000000000777e-02,7.363874332049846760e-01,7.247793019873076901e+02,5.105773096179356685e+02,-2.142019923693720216e+02,2.142019923693720216e+02
3.333333333333332593e-02,4.000000000000000777e-02,7.311110465629224731e-01,7.223675575081002762e+02,5.067783112356509037e+02,-2.155892462724493157e+02,2.155892462724493157e+02
4.000000000000000777e-02,4.000000000000000777e-02,7.256763188561223821e-01,7.197207864996711351e+02,5.028653072867547849e+02,-2.168554792129162934e+02,2.168554792129162934e+02
4.666666666666666186e-02,4.000000000000000777e-02,7.200840903956493566e-01,7.168367016663071354e+02,4.988389027952143238e+02,-2.179977988710928116e+02,2.179977988710928116e+02
5.333333333333334370e-02,4.000000000000000777e-02,7.143357114984815182e-01,7.137135753268180451e+02,4.947000699892534499e+02,-2.190135053375646521e+02,2.190135053375646521e+02
5.999999999999999778e-02,4.000000000000000777e-02,7.084330650917904926e-01,7.103502803752721775e+02,4.904501645764358386e+02,-2.199001157988363957e+02,2.199001157988363957e+02
6.666666666666667962e-02,4.000000000000000777e-02,7.023785866649716603e-01,7.067463293168343625e+02,4.860909401091262794e+02,-2.206553892077080263e+02,2.206553892077080263e+02
7.333333333333333370e-02,4.000000000000000777e-02,6.961752811408863373e-01,7.029019107949727641e+02,4.816245601317849605e+02,-2.212773506631878035e+02,2.212773506631878035e+02
8.000000000000001554e-02,4.000000000000000777e-02,6.898267362464232111e-01,6.988179230127818755e+02,4.770536078077714706e+02,-2.217643152050104618e+02,2.217643152050104618e+02
8.666666666666666963e-02,4.000000000000000777e-02,6.833371319801103683e-01,6.944960034479216802e+02,4.723810927360261758e+02,-2.221149107118954475e+02,2.221149107118954475e+02
9.333333333333335147e-02,4.000000000000000777e-02,6.767112458016593113e-01,6.899385542689060458e+02,4.676104546875414485e+02,-2.223280995813645973e+02,2.223280995813645973e+02
1.000000000000000056e-01,4.000000000000000777e-02,6.699544532052517098e-01,6.851487628810922388e+02,4.627455640181279932e+02,-2.224031988629642456e+02,2.224031988629642456e+02
1.066666666666666874e-01,4.000000000000000777e-02,6.630727233851526625e-01,6.801306170644411395e+02,4.577907185476566383e+02,-2.223398985167845012e+02,2.223398985167845012e+02
1.133333333333333415e-01,4.000000000000000777e-02,6.560726097585524164e-01,6.748889142122840212e+02,4.527506367365044753e+02,-2.221382774757795460e+02,2.221382774757795460e+02
1.199999999999999956e-01,4.000000000000000777e-02,6.489612351758171638e-01,6.694292642409011478e+02,4.476304470369350952e+02,-2.217988172039659958e+02,2.217988172039659958e+02
1.266666666666666774e-01,4.000000000000000777e-02,6.417462717216493306e-01,6.637580858132675985e+02,4.424356733499342340e+02,-2.213224124633333645e+02,2.213224124633333645e+02
1.333333333333333315e-01,4.000000000000000777e-02,6.344359150907599165e-01,6.578825956059606597e+02,4.371722165756938239e+02,-2.207103790302668358e+02,2.207103790302668358e+02
1.400000000000000133e-01,4.000000000000000777e-02,6.270388536069724239e-01,6.518107904446048906e+02,4.318463323073668789e+02,-2.199644581372380685e+02,2.199644581372380685e+02
1.466666666666666674e-01,4.000000000000000777e-02,6.195642320433664141e-01,6.455514222386067331e+02,4.264646047815705288e+02,-2.190868174570361475e+02,2.190868174570361475e+02
1.533333333333333492e-01,4.000000000000000777e-02,6.120216104910475297e-01,6.391139657581114761e+02,4.210339172639009462e+02,-2.180800484942105300e+02,2.180800484942105300e+02
1.600000000000000033e-01,4.000000000000000777e-02,6.044209186131469513e-01,6.325085794125773191e+02,4.155614191118125405e+02,-2.169471603007647786e+02,2.169471603007647786e+02
1.666666666666666574e-01,4.000000000000000777e-02,5.967724057063600318e-01,6.257460593083037566e+02,4.100544898189259584e+02,-2.156915694893777982e+02,2.156915694893777982e+02
1.733333333333333670e-01,4.000000000000000777e-02,5.890865870723740461e-01,6.188377869786926340e+02,4.045207004024559865e+02,-2.143170865762365906e+02,2.143170865762365906e+02
1.800000000000000211e-01,4.000000000000000777e-02,5.813741872736173377e-01,6.117956712928657907e+02,3.989677725473512737e+02,-2.128278987455145739e+02,2.128278987455145739e+02
1.866666666666666752e-01,4.000000000000000777e-02,5.736460809097722047e-01,6.046320851524839100e+02,3.934035359653827300e+02,-2.112285491871011232e+02,2.112285491871011232e+02
1.933333333333333293e-01,4.000000000000000777e-02,5.659132316015667019e-01,5.973597976803139318e+02,3.878358844634747697e+02,-2.095239132168391620e+02,2.095239132168391620e+02
2.000000000000000389e-01,4.000000000000000777e-02,5.581866299049615954e-01,5.899919026846217776e+02,3.822727312419190753e+02,-2.077191714427026454e+02,2.077191714427026454e+02
2.066666666666666929e-01,4.000000000000000777e-02,5.504772309008356679e-01,5.825417442485663742e+02,3.767219639589483791e+02,-2.058197802896179383e+02,2.058197802896179383e+02
2.133333333333333470e-01,4.000000000000000777e-02,5.427958922119704432e-01,5.750228403416390393e+02,3.711914001029655310e+02,-2.038314402386735651e+02,2.038314402386735651e+02
2.200000000000000011e-01,4.000000000000000777e-02,5.351533131903236651e-01,5.674488053795331552e+02,3.656887432073797299e+02,-2.017600621721533685e+02,2.017600621721533685e+02
2.266666666666666552e-01,4.000000000000000777e-02,5.275599759935305499e-01,5.598332726689593528e+02,3.602215404256887723e+02,-1.996117322432705237e+02,1.996117322432705237e+02
2.333333333333333648e-01,4.000000000000000777e-02,5.200260892310616390e-01,5.521898176647614491e+02,3.547971419567111298e+02,-1.973926757080502625e+02,1.973926757080502625e+02
2.400000000000000189e-01,4.000000000000000777e-02,5.125615348086481893e-01,5.445318829387326787e+02,3.494226627725734602e+02,-1.951092201661591616e+02,1.951092201661591616e+02
2.466666666666666730e-01,4.000000000000000777e-02,5.051758185360879505e-01,5.368727057138885357e+02,3.441049470563300474e+02,-1.927677586575584883e+02,1.927677586575584883e+02
2.533333333333332993e-01,4.000000000000000777e-02,4.978780249902361454e-01,5.292252487562184342e+02,3.388505357033167229e+02,-1.903747130529016829e+02,1.903747130529016829e+02
2.600000000000000089e-01,4.000000000000000777e-02,4.906767770440364496e-01,5.216021353401652050e+02,3.336656371820529898e+02,-1.879364981581122720e+02,1.879364981581122720e+02
2.666666666666667185e-01,4.000000000000000777e-02,4.835802003861445764e-01,5.140155889166858287e+02,3.285561019883708127e+02,-1.854594869283150729e+02,1.854594869283150729e+02
2.733333333333333171e-01,4.000000000000000777e-02,4.765958932664104974e-01,5.064773780163557149e+02,3.235274008621622670e+02,-1.829499771541933910e+02,1.829499771541933910e+02
2.800000000000000266e-01,4.000000000000000777e-02,4.697309016125568171e-01,4.989987668174225632e+02,3.185846068713876775e+02,-1.804141599460348857e+02,1.804141599460348857e+02
2.866666666666667362e-01,4.000000000000000777e-02,4.629916995750439357e-01,4.915904717027965489e+02,3.137323814043784296e+02,-1.778580902984181193e+02,1.778580902984181193e+02
2.933333333333333348e-01,4.000000000000000777e-02,4.563841754724044519e-01,4.842626240234399120e+02,3.089749640504779222e+02,-1.752876599729619898e+02,1.752876599729619898e+02
2.999999999999999889e-01,4.000000000000000777e-02,4.499136230300730399e-01,4.770247391811152511e+02,3.043161662919993091e+02,-1.727085728891159135e+02,1.727085728891159135e+02
-1.000000000000000056e-01,4.666666666666666186e-02,8.043580825391682954e-01,7.297457197584446931e+02,5.597877632672743857e+02,-1.699579564911703926e+02,1.699579564911703926e+02
-9.333333333333333759e-02,4.666666666666666186e-02,8.017743572996647305e-01,7.309226669333722839e+02,5.579274810948317054e+02,-1.729951858385406354e+02,1.729951858385406354e+02
-8.666666666666666963e-02,4.666666666666666186e-02,7.990763577734043555e-01,7.319607939232021181e+02,5.559849214359242069e+02,-1.759758724872779396e+02,1.759758724872779396e+02
-8.000000000000000167e-02,4.666666666666666186e-02,7.962604276617584187e-01,7.328544514474604057e+02,5.539574517555391822e+02,-1.788969996919212235e+02,1.788969996919212235e+02
-7.333333333333333370e-02,4.666666666666666186e-02,7.933229341415195535e-01,7.335979144782672847e+02,5.518424564209672099e+02,-1.817554580573000749e+02,1.817554580573000749e+02
-6.666666666666667962e-02,4.666666666666666186e-02,7.902602846486606047e-01,7.341853986876922136e+02,5.496373487861087597e+02,-1.845480499015835107e+02,1.845480499015835107e+02
-6.000000000000000472e-02,4.666666666666666186e-02,7.870689451010728366e-01,7.346110789191006916e+02,5.473395843118455559e+02,-1.872714946072550504e+02,1.872714946072550504e+02
-5.333333333333333676e-02,4.666666666666666186e-02,7.837454595685269254e-01,7.348691097574475179e+02,5.449466747284125177e+02,-1.899224350290349435e+02,1.899224350290349435e+02
-4.666666666666666879e-02,4.666666666666666186e-02,7.802864713820252263e-01,7.349536482585892827e+02,5.424562032341312943e+02,-1.924974450244579032e+02,1.924974450244579032e+02
-4.000000000000000083e-02,4.666666666666666186e-02,7.766887456563376091e-01,7.348588788796256495e+02,5.398658407116361104e+02,-1.949930381679895106e+02,1.949930381679895106e+02
-3.333333333333333981e-02,4.666666666666666186e-02,7.729491931788194936e-01,7.345790406308835827e+02,5.371733629278231774e+02,-1.974056777030604337e+02,1.974056777030604337e+02
-2.666666666666667185e-02,4.666666666666666186e-02,7.690648955946128851e-01,7.341084564452644372e+02,5.343766686671943944e+02,-1.997317877780700712e+02,1.997317877780700712e+02
-2.000000000000000389e-02,4.666666666666666186e-02,7.650331317931275965e-01,7.334415647322562108e+02,5.314737987301250541e+02,-2.019677660021311567e+02,2.019677660021311567e+02
-1.333333333333333592e-02,4.666666666666666186e-02,7.608514053734561911e-01,7.325729530519511172e+02,5.284629557079615552e+02,-2.041099973439894484e+02,2.041099973439894484e+02
-6.666666666666667962e-03,4.666666666666666186e-02,7.565174730373083190e-01,7.314973938090168986e+02,5.253425244259350393e+02,-2.061548693830818024e+02,2.061548693830818024e+02
0.000000000000000000e+00,4.666666666666666186e-02,7.520293737275267620e-01,7.302098818279673651e+02,5.221110929228924533e+02,-2.080987889050749118e+02,2.080987889050749118e+02
6.666666666666667962e-03,4.666666666666666186e-02,7.473854582986457773e-01,7.287056736295603514e+02,5.187674738140980253e+02,-2.099381998154623830e+02,2.099381998154623830e+02
1.333333333333333592e-02,4.666666666666666186e-02,7.425844194738381310e-01,7.269803281842295064e+02,5.153107258602365164e+02,-2.116696023239929332e+02,2.116696023239929332e+02
2.000000000000000389e-02,4.666666666666666186e-02,7.376253218105659482e-01,7.250297488726673691e+02,5.117401755426806176e+02,-2.132895733299866947e+02,2.132895733299866947e+02
2.666666666666667185e-02,4.666666666666666186e-02,7.325076313660360272e-01,7.228502263368367267e+02,5.080554384226190905e+02,-2.147947879142176930e+02,2.147947879142176930e+02
3.333333333333332593e-02,4.666666666666666186e-02,7.272312447239739353e-01,7.204384818576293128e+02,5.042564400403342688e+02,-2.161820418172949871e+02,2.161820418172949871e+02
4.000000000000000777e-02,4.666666666666666186e-02,7.217965170171737332e-01,7.177917108492001717e+02,5.003434360914382069e+02,-2.174482747577619648e+02,2.174482747577619648e+02
4.666666666666666186e-02,4.666666666666666186e-02,7.162042885567008188e-01,7.149076260158361720e+02,4.963170315998977458e+02,-2.185905944159384831e+02,2.185905944159384831e+02
5.333333333333334370e-02,4.666666666666666186e-02,7.104559096595328693e-01,7.117844996763470817e+02,4.921781987939368719e+02,-2.196063008824102667e+02,2.196063008824102667e+02
5.999999999999999778e-02,4.666666666666666186e-02,7.045532632528418437e-01,7.084212047248013278e+02,4.879282933811192606e+02,-2.204929113436820671e+02,2.204929113436820671e+02
6.666666666666667962e-02,4.666666666666666186e-02,6.984987848260230114e-01,7.048172536663632854e+02,4.835690689138097014e+02,-2.212481847525536409e+02,2.212481847525536409e+02
7.333333333333333370e-02,4.666666666666666186e-02,6.922954793019377995e-01,7.009728351445018006e+02,4.791026889364683257e+02,-2.218701462080334181e+02,2.218701462080334181e+02
8.000000000000001554e-02,4.666666666666666186e-02,6.859469344074746733e-01,6.968888473623110258e+02,4.745317366124548926e+02,-2.223571107498561332e+02,2.223571107498561332e+02
8.666666666666666963e-02,4.666666666666666186e-02,6.794573301411617194e-01,6.925669277974507168e+02,4.698592215407095409e+02,-2.227077062567411190e+02,2.227077062567411190e+02
9.333333333333335147e-02,4.666666666666666186e-02,6.728314439627107735e-01,6.880094786184350824e+02,4.650885834922248705e+02,-2.229208951262102119e+02,2.229208951262102119e+02
1.000000000000000056e-01,4.666666666666666186e-02,6.660746513663031720e-01,6.832196872306212754e+02,4.602236928228113584e+02,-2.229959944078099170e+02,2.229959944078099170e+02
1.066666666666666874e-01,4.666666666666666186e-02,6.591929215462040137e-01,6.782015414139702898e+02,4.552688473523400035e+02,-2.229326940616301727e+02,2.229326940616301727e+02
1.133333333333333415e-01,4.666666666666666186e-02,6.521928079196037675e-01,6.729598385618130578e+02,4.502287655411878404e+02,-2.227310730206252174e+02,2.227310730206252174e+02
1.199999999999999956e-01,4.666666666666666186e-02,6.450814333368686260e-01,6.675001885904300707e+02,4.451085758416185172e+02,-2.223916127488116103e+02,2.223916127488116103e+02
1.266666666666666774e-01,4.666666666666666186e-02,6.378664698827007928e-01,6.618290101627967488e+02,4.399138021546176560e+02,-2.219152080081790359e+02,2.219152080081790359e+02
1.333333333333333315e-01,4.666666666666666186e-02,6.305561132518112677e-01,6.559535199554896963e+02,4.346503453803771890e+02,-2.213031745751125072e+02,2.213031745751125072e+02
1.400000000000000133e-01,4.666666666666666186e-02,6.231590517680237751e-01,6.498817147941340409e+02,4.293244611120502441e+02,-2.205572536820837399e+02,2.205572536820837399e+02
1.466666666666666674e-01,4.666666666666666186e-02,6.156844302044177653e-01,6.436223465881357697e+02,4.239427335862539508e+02,-2.196796130018817621e+02,2.196796130018817621e+02
1.533333333333333492e-01,4.666666666666666186e-02,6.081418086520988808e-01,6.371848901076405127e+02,4.185120460685843682e+02,-2.186728440390561445e+02,2.186728440390561445e+02
1.600000000000000033e-01,4.666666666666666186e-02,6.005411167741983025e-01,6.305795037621063557e+02,4.130395479164959625e+02,-2.175399558456103932e+02,2.175399558456103932e+02
1.666666666666666574e-01,4.666666666666666186e-02,5.928926038674113830e-01,6.238169836578327931e+02,4.075326186236093235e+02,-2.162843650342234127e+02,2.162843650342234127e+02
1.733333333333333670e-01,4.666666666666666186e-02,5.852067852334253972e-01,6.169087113282216706e+02,4.019988292071394085e+02,-2.149098821210822621e+02,2.149098821210822621e+02
1.800000000000000211e-01,4.666666666666666186e-02,5.774943854346687999e-01,6.098665956423949410e+02,3.964459013520346389e+02,-2.134206942903602453e+02,2.134206942903602453e+02
1.866666666666666752e-01,4.666666666666666186e-02,5.697662790708235558e-01,6.027030095020129465e+02,3.908816647700660951e+02,-2.118213447319467946e+02,2.118213447319467946e+02
1.933333333333333293e-01,4.666666666666666186e-02,5.620334297626181641e-01,5.954307220298429684e+02,3.853140132681581917e+02,-2.101167087616847766e+02,2.101167087616847766e+02
2.000000000000000389e-01,4.666666666666666186e-02,5.543068280660130576e-01,5.880628270341508141e+02,3.797508600466024973e+02,-2.083119669875483169e+02,2.083119669875483169e+02
2.066666666666666929e-01,4.666666666666666186e-02,5.465974290618870191e-01,5.806126685980952971e+02,3.742000927636318011e+02,-2.064125758344636097e+02,2.064125758344636097e+02
2.133333333333333470e-01,4.666666666666666186e-02,5.389160903730219054e-01,5.730937646911681895e+02,3.686695289076488962e+02,-2.044242357835191797e+02,2.044242357835191797e+02
2.200000000000000011e-01,4.666666666666666186e-02,5.312735113513750163e-01,5.655197297290621918e+02,3.631668720120630951e+02,-2.023528577169990399e+02,2.023528577169990399e+02
2.266666666666666552e-01,4.666666666666666186e-02,5.236801741545820121e-01,5.579041970184882757e+02,3.576996692303721375e+02,-2.002045277881161667e+02,2.002045277881161667e+02
2.333333333333333648e-01,4.666666666666666186e-02,5.161462873921129901e-01,5.502607420142903720e+02,3.522752707613944949e+02,-1.979854712528958771e+02,1.979854712528958771e+02
2.400000000000000189e-01,4.666666666666666186e-02,5.086817329696996515e-01,5.426028072882616016e+02,3.469007915772568822e+02,-1.957020157110047762e+02,1.957020157110047762e+02
2.466666666666666730e-01,4.666666666666666186e-02,5.012960166971393017e-01,5.349436300634176860e+02,3.415830758610134126e+02,-1.933605542024041597e+02,1.933605542024041597e+02
2.533333333333332993e-01,4.666666666666666186e-02,4.939982231512874966e-01,5.272961731057474708e+02,3.363286645080001449e+02,-1.909675085977473259e+02,1.909675085977473259e+02
2.600000000000000089e-01,4.666666666666666186e-02,4.867969752050878562e-01,5.196730596896943553e+02,3.311437659867364118e+02,-1.885292937029578866e+02,1.885292937029578866e+02
2.666666666666667185e-01,4.666666666666666186e-02,4.797003985471959275e-01,5.120865132662149790e+02,3.260342307930542347e+02,-1.860522824731606875e+02,1.860522824731606875e+02
2.733333333333333171e-01,4.666666666666666186e-02,4.727160914274618486e-01,5.045483023658847515e+02,3.210055296668456322e+02,-1.835427726990390340e+02,1.835427726990390340e+02
2.800000000000000266e-01,4.666666666666666186e-02,4.658510997736082793e-01,4.970696911669515998e+02,3.160627356760710427e+02,-1.810069554908805287e+02,1.810069554908805287e+02
2.866666666666667362e-01,4.666666666666666186e-02,4.591118977360953979e-01,4.896613960523255855e+02,3.112105102090617947e+02,-1.784508858432637339e+02,1.784508858432637339e+02
2.933333333333333348e-01,4.666666666666666186e-02,4.525043736334558586e-01,4.823335483729689486e+02,3.064530928551613442e+02,-1.758804555178076043e+02,1.758804555178076043e+02
2.999999999999999889e-01,4.666666666666666186e-02,4.460338211911244466e-01,4.750956635306442877e+02,3.017942950966827311e+02,-1.733013684339615565e+02,1.733013684339615565e+02
-1.000000000000000056e-01,5.333333333333334370e-02,8.004272258359634851e-01,7.277237966442222614e+02,5.572327064101912129e+02,-1.704910902340310486e+02,1.704910902340310486e+02
-9.333333333333333759e-02,5.333333333333334370e-02,7.978435005964599203e-01,7.289007438191498522e+02,5.553724242377485325e+02,-1.735283195814012913e+02,1.735283195814012913e+02
-8.666666666666666963e-02,5.333333333333334370e-02,7.951455010701995452e-01,7.299388708089796864e+02,5.534298645788411477e+02,-1.765090062301385956e+02,1.765090062301385956e+02
-8.000000000000000167e-02,5.333333333333334370e-02,7.923295709585536084e-01,7.308325283332378604e+02,5.514023948984560093e+02,-1.794301334347818795e+02,1.794301334347818795e+02
-7.333333333333333370e-02,5.333333333333334370e-02,7.893920774383147432e-01,7.315759913640448531e+02,5.492873995638841507e+02,-1.822885918001607024e+02,1.822885918001607024e+02
-6.666666666666667962e-02,5.333333333333334370e-02,7.863294279454557945e-01,7.321634755734696682e+02,5.470822919290255868e+02,-1.850811836444441383e+02,1.850811836444441383e+02
-6.000000000000000472e-02,5.333333333333334370e-02,7.831380883978680263e-01,7.325891558048781462e+02,5.447845274547624967e+02,-1.878046283501157063e+02,1.878046283501157063e+02
-5.333333333333333676e-02,5.333333333333334370e-02,7.798146028653221151e-01,7.328471866432250863e+02,5.423916178713294585e+02,-1.904555687718955710e+02,1.904555687718955710e+02
-4.666666666666666879e-02,5.333333333333334370e-02,7.763556146788204160e-01,7.329317251443667374e+02,5.399011463770482351e+02,-1.930305787673185591e+02,1.930305787673185591e+02
-4.000000000000000083e-02,5.333333333333334370e-02,7.727578889531327988e-01,7.328369557654032178e+02,5.373107838545530512e+02,-1.955261719108501666e+02,1.955261719108501666e+02
-3.333333333333333981e-02,5.333333333333334370e-02,7.690183364756146833e-01,7.325571175166610374e+02,5.346183060707400045e+02,-1.979388114459210897e+02,1.979388114459210897e+02
-2.666666666666667185e-02,5.333333333333334370e-02,7.651340388914080748e-01,7.320865333310418919e+02,5.318216118101112215e+02,-2.002649215209307272e+02,2.002649215209307272e+02
-2.000000000000000389e-02,5.333333333333334370e-02,7.611022750899227862e-01,7.314196416180336655e+02,5.289187418730418813e+02,-2.025008997449917842e+02,2.025008997449917842e+02
-1.333333333333333592e-02,5.333333333333334370e-02,7.569205486702513808e-01,7.305510299377285719e+02,5.259078988508784960e+02,-2.046431310868501043e+02,2.046431310868501043e+02
-6.666666666666667962e-03,5.333333333333334370e-02,7.525866163341035087e-01,7.294754706947944669e+02,5.227874675688519801e+02,-2.066880031259424584e+02,2.066880031259424584e+02
0.000000000000000000e+00,5.333333333333334370e-02,7.480985170243219518e-01,7.281879587137448198e+02,5.195560360658092804e+02,-2.086319226479355677e+02,2.086319226479355677e+02
6.666666666666667962e-03,5.333333333333334370e-02,7.434546015954409670e-01,7.266837505153379198e+02,5.162124169570149661e+02,-2.104713335583230105e+02,2.104713335583230105e+02
1.333333333333333592e-02,5.333333333333334370e-02,7.386535627706333207e-01,7.249584050700070748e+02,5.127556690031534572e+02,-2.122027360668535891e+02,2.122027360668535891e+02
2.000000000000000389e-02,5.333333333333334370e-02,7.336944651073611379e-01,7.230078257584448238e+02,5.091851186855975584e+02,-2.138227070728473223e+02,2.138227070728473223e+02
2.666666666666667185e-02,5.333333333333334370e-02,7.285767746628312169e-01,7.208283032226142950e+02,5.055003815655359176e+02,-2.153279216570783205e+02,2.153279216570783205e+02
3.333333333333332593e-02,5.333333333333334370e-02,7.233003880207691250e-01,7.184165587434067675e+02,5.017013831832512096e+02,-2.167151755601556147e+02,2.167151755601556147e+02
4.000000000000000777e-02,5.333333333333334370e-02,7.178656603139689230e-01,7.157697877349776263e+02,4.977883792343550340e+02,-2.179814085006225923e+02,2.179814085006225923e+02
4.666666666666666186e-02,5.333333333333334370e-02,7.122734318534960085e-01,7.128857029016137403e+02,4.937619747428145729e+02,-2.191237281587991106e+02,2.191237281587991106e+02
5.333333333333334370e-02,5.333333333333334370e-02,7.065250529563280590e-01,7.097625765621246501e+02,4.896231419368536990e+02,-2.201394346252709227e+02,2.201394346252709227e+02
5.999999999999999778e-02,5.333333333333334370e-02,7.006224065496370335e-01,7.063992816105787824e+02,4.853732365240360878e+02,-2.210260450865426947e+02,2.210260450865426947e+02
6.666666666666667962e-02,5.333333333333334370e-02,6.945679281228182012e-01,7.027953305521408538e+02,4.810140120567265285e+02,-2.217813184954142969e+02,2.217813184954142969e+02
7.333333333333333370e-02,5.333333333333334370e-02,6.883646225987329892e-01,6.989509120302793690e+02,4.765476320793852665e+02,-2.224032799508940741e+02,2.224032799508940741e+02
8.000000000000001554e-02,5.333333333333334370e-02,6.820160777042698630e-01,6.948669242480884805e+02,4.719766797553717197e+02,-2.228902444927167608e+02,2.228902444927167608e+02
8.666666666666666963e-02,5.333333333333334370e-02,6.755264734379569092e-01,6.905450046832281714e+02,4.673041646836264817e+02,-2.232408399996017465e+02,2.232408399996017465e+02
9.333333333333335147e-02,5.333333333333334370e-02,6.689005872595059632e-01,6.859875555042126507e+02,4.625335266351416976e+02,-2.234540288690708678e+02,2.234540288690708678e+02
1.000000000000000056e-01,5.333333333333334370e-02,6.621437946630983618e-01,6.811977641163987300e+02,4.576686359657282992e+02,-2.235291281506705445e+02,2.235291281506705445e+02
1.066666666666666874e-01,5.333333333333334370e-02,6.552620648429992034e-01,6.761796182997477445e+02,4.527137904952569443e+02,-2.234658278044908002e+02,2.234658278044908002e+02
1.133333333333333415e-01,5.333333333333334370e-02,6.482619512163989572e-01,6.709379154475905125e+02,4.476737086841047812e+02,-2.232642067634858449e+02,2.232642067634858449e+02
1.199999999999999956e-01,5.333333333333334370e-02,6.411505766336638157e-01,6.654782654762076390e+02,4.425535189845353443e+02,-2.229247464916722663e+02,2.229247464916722663e+02
1.266666666666666774e-01,5.333333333333334370e-02,6.339356131794959825e-01,6.598070870485742034e+02,4.373587452975344831e+02,-2.224483417510396634e+02,2.224483417510396634e+02
1.333333333333333315e-01,5.333333333333334370e-02,6.266252565486064574e-01,6.539315968412672646e+02,4.320952885232941298e+02,-2.218363083179731348e+02,2.218363083179731348e+02
1.400000000000000133e-01,5.333333333333334370e-02,6.192281950648189648e-01,6.478597916799114955e+02,4.267694042549671281e+02,-2.210903874249443675e+02,2.210903874249443675e+02
1.466666666666666674e-01,5.333333333333334370e-02,6.117535735012129550e-01,6.416004234739132244e+02,4.213876767291708347e+02,-2.202127467447424181e+02,2.202127467447424181e+02
1.533333333333333492e-01,5.333333333333334370e-02,6.042109519488940705e-01,6.351629669934179674e+02,4.159569892115011953e+02,-2.192059777819168005e+02,2.192059777819168005e+02
1.600000000000000033e-01,5.333333333333334370e-02,5.966102600709934922e-01,6.285575806478839240e+02,4.104844910594127896e+02,-2.180730895884710492e+02,2.180730895884710492e+02
1.666666666666666574e-01,5.333333333333334370e-02,5.889617471642065727e-01,6.217950605436103615e+02,4.049775617665262644e+02,-2.168174987770840687e+02,2.168174987770840687e+02
1.733333333333333670e-01,5.333333333333334370e-02,5.812759285302205869e-01,6.148867882139991252e+02,3.994437723500562925e+02,-2.154430158639428896e+02,2.154430158639428896e+02
1.800000000000000211e-01,5.333333333333334370e-02,5.735635287314639896e-01,6.078446725281723957e+02,3.938908444949515228e+02,-2.139538280332208728e+02,2.139538280332208728e+02
1.866666666666666752e-01,5.333333333333334370e-02,5.658354223676187456e-01,6.006810863877904012e+02,3.883266079129830359e+02,-2.123544784748074221e+02,2.123544784748074221e+02
1.933333333333333293e-01,5.333333333333334370e-02,5.581025730594133538e-01,5.934087989156205367e+02,3.827589564110750189e+02,-2.106498425045454326e+02,2.106498425045454326e+02
2.000000000000000389e-01,5.333333333333334370e-02,5.503759713628082473e-01,5.860409039199282688e+02,3.771958031895193244e+02,-2.088451007304089444e+02,2.088451007304089444e+02
2.066666666666666929e-01,5.333333333333334370e-02,5.426665723586822088e-01,5.785907454838728654e+02,3.716450359065486282e+02,-2.069457095773242372e+02,2.069457095773242372e+02
2.133333333333333470e-01,5.333333333333334370e-02,5.349852336698170951e-01,5.710718415769456442e+02,3.661144720505657801e+02,-2.049573695263798356e+02,2.049573695263798356e+02
2.200000000000000011e-01,5.333333333333334370e-02,5.273426546481702060e-01,5.634978066148396465e+02,3.606118151549800359e+02,-2.028859914598596674e+02,2.028859914598596674e+02
2.266666666666666552e-01,5.333333333333334370e-02,5.197493174513772018e-01,5.558822739042658441e+02,3.551446123732890214e+02,-2.007376615309768226e+02,2.007376615309768226e+02
2.333333333333333648e-01,5.333333333333334370e-02,5.122154306889081798e-01,5.482388189000679404e+02,3.497202139043114357e+02,-1.985186049957565331e+02,1.985186049957565331e+02
2.400000000000000189e-01,5.333333333333334370e-02,5.047508762664948412e-01,5.405808841740391699e+02,3.443457347201737093e+02,-1.962351494538654322e+02,1.962351494538654322e+02
2.466666666666666730e-01,5.333333333333334370e-02,4.973651599939344914e-01,5.329217069491951406e+02,3.390280190039303534e+02,-1.938936879452647872e+02,1.938936879452647872e+02
2.533333333333332993e-01,5.333333333333334370e-02,4.900673664480826863e-01,5.252742499915250391e+02,3.337736076509170289e+02,-1.915006423406079534e+02,1.915006423406079534e+02
2.600000000000000089e-01,5.333333333333334370e-02,4.828661185018830460e-01,5.176511365754718099e+02,3.285887091296532390e+02,-1.890624274458185425e+02,1.890624274458185425e+02
2.666666666666667185e-01,5.333333333333334370e-02,4.757695418439911172e-01,5.100645901519924337e+02,3.234791739359710618e+02,-1.865854162160213434e+02,1.865854162160213434e+02
2.733333333333333171e-01,5.333333333333334370e-02,4.687852347242570383e-01,5.025263792516622061e+02,3.184504728097625730e+02,-1.840759064418996900e+02,1.840759064418996900e+02
2.800000000000000266e-01,5.333333333333334370e-02,4.619202430704034690e-01,4.950477680527291113e+02,3.135076788189879835e+02,-1.815400892337411847e+02,1.815400892337411847e+02
2.866666666666667362e-01,5.333333333333334370e-02,4.551810410328905876e-01,4.876394729381030402e+02,3.086554533519786787e+02,-1.789840195861243899e+02,1.789840195861243899e+02
2.933333333333333348e-01,5.333333333333334370e-02,4.485735169302510483e-01,4.803116252587464601e+02,3.038980359980782282e+02,-1.764135892606682603e+02,1.764135892606682603e+02
2.999999999999999889e-01,5.333333333333334370e-02,4.421029644879196363e-01,4.730737404164217992e+02,2.992392382395996151e+02,-1.738345021768221841e+02,1.738345021768221841e+02
-1.000000000000000056e-01,5.999999999999999778e-02,7.964477222188739436e-01,7.256103736367438160e+02,5.546460290590829345e+02,-1.709643445776607678e+02,1.709643445776607678e+02
-9.333333333333333759e-02,5.999999999999999778e-02,7.938639969793701567e-01,7.267873208116714068e+02,5.527857468866402542e+02,-1.740015739250310389e+02,1.740015739250310389e+02
-8.666666666666666963e-02,5.999999999999999778e-02,7.911659974531097816e-01,7.278254478015012410e+02,5.508431872277328694e+02,-1.769822605737683148e+02,1.769822605737683148e+02
-8.000000000000000167e-02,5.999999999999999778e-02,7.883500673414638449e-01,7.287191053257594149e+02,5.488157175473477309e+02,-1.799033877784116271e+02,1.799033877784116271e+02
-7.333333333333333370e-02,5.999999999999999778e-02,7.854125738212252017e-01,7.294625683565664076e+02,5.467007222127758723e+02,-1.827618461437904784e+02,1.827618461437904784e+02
-6.666666666666667962e-02,5.999999999999999778e-02,7.823499243283660309e-01,7.300500525659912228e+02,5.444956145779173085e+02,-1.855544379880738859e+02,1.855544379880738859e+02
-6.000000000000000472e-02,5.999999999999999778e-02,7.791585847807784848e-01,7.304757327973997008e+02,5.421978501036542184e+02,-1.882778826937454255e+02,1.882778826937454255e+02
-5.333333333333333676e-02,5.999999999999999778e-02,7.758350992482325736e-01,7.307337636357465271e+02,5.398049405202211801e+02,-1.909288231155253470e+02,1.909288231155253470e+02
-4.666666666666666879e-02,5.999999999999999778e-02,7.723761110617308745e-01,7.308183021368881782e+02,5.373144690259399567e+02,-1.935038331109482783e+02,1.935038331109482783e+02
-4.000000000000000083e-02,5.999999999999999778e-02,7.687783853360430353e-01,7.307235327579246587e+02,5.347241065034447729e+02,-1.959994262544798858e+02,1.959994262544798858e+02
-3.333333333333333981e-02,5.999999999999999778e-02,7.650388328585250308e-01,7.304436945091825919e+02,5.320316287196317262e+02,-1.984120657895508089e+02,1.984120657895508089e+02
-2.666666666666667185e-02,5.999999999999999778e-02,7.611545352743183113e-01,7.299731103235634464e+02,5.292349344590029432e+02,-2.007381758645604464e+02,2.007381758645604464e+02
-2.000000000000000389e-02,5.999999999999999778e-02,7.571227714728332447e-01,7.293062186105552200e+02,5.263320645219336029e+02,-2.029741540886215603e+02,2.029741540886215603e+02
-1.333333333333333592e-02,5.999999999999999778e-02,7.529410450531617283e-01,7.284376069302500127e+02,5.233212214997702176e+02,-2.051163854304798519e+02,2.051163854304798519e+02
-6.666666666666667962e-03,5.999999999999999778e-02,7.486071127170137451e-01,7.273620476873159078e+02,5.202007902177437018e+02,-2.071612574695722060e+02,2.071612574695722060e+02
0.000000000000000000e+00,5.999999999999999778e-02,7.441190134072324103e-01,7.260745357062663743e+02,5.169693587147010021e+02,-2.091051769915653153e+02,2.091051769915653153e+02
6.666666666666667962e-03,5.999999999999999778e-02,7.394750979783513145e-01,7.245703275078594743e+02,5.136257396059066878e+02,-2.109445879019527581e+02,2.109445879019527581e+02
1.333333333333333592e-02,5.999999999999999778e-02,7.346740591535436682e-01,7.228449820625285156e+02,5.101689916520451789e+02,-2.126759904104833367e+02,2.126759904104833367e+02
2.000000000000000389e-02,5.999999999999999778e-02,7.297149614902715964e-01,7.208944027509662646e+02,5.065984413344892801e+02,-2.142959614164770699e+02,2.142959614164770699e+02
2.666666666666667185e-02,5.999999999999999778e-02,7.245972710457415644e-01,7.187148802151357359e+02,5.029137042144276393e+02,-2.158011760007080682e+02,2.158011760007080682e+02
3.333333333333332593e-02,5.999999999999999778e-02,7.193208844036793614e-01,7.163031357359283220e+02,4.991147058321429313e+02,-2.171884299037853623e+02,2.171884299037853623e+02
4.000000000000000777e-02,5.999999999999999778e-02,7.138861566968792705e-01,7.136563647274991808e+02,4.952017018832467556e+02,-2.184546628442523399e+02,2.184546628442523399e+02
4.666666666666666186e-02,5.999999999999999778e-02,7.082939282364063560e-01,7.107722798941351812e+02,4.911752973917062945e+02,-2.195969825024288582e+02,2.195969825024288582e+02
5.333333333333334370e-02,5.999999999999999778e-02,7.025455493392385176e-01,7.076491535546460909e+02,4.870364645857454207e+02,-2.206126889689006703e+02,2.206126889689006703e+02
5.999999999999999778e-02,5.999999999999999778e-02,6.966429029325473810e-01,7.042858586031002233e+02,4.827865591729278094e+02,-2.214992994301724423e+02,2.214992994301724423e+02
6.666666666666667962e-02,5.999999999999999778e-02,6.905884245057285487e-01,7.006819075446624083e+02,4.784273347056182502e+02,-2.222545728390440445e+02,2.222545728390440445e+02
7.333333333333333370e-02,5.999999999999999778e-02,6.843851189816433367e-01,6.968374890228008098e+02,4.739609547282769881e+02,-2.228765342945238217e+02,2.228765342945238217e+02
8.000000000000001554e-02,5.999999999999999778e-02,6.780365740871800995e-01,6.927535012406099213e+02,4.693900024042634413e+02,-2.233634988363465084e+02,2.233634988363465084e+02
8.666666666666666963e-02,5.999999999999999778e-02,6.715469698208673677e-01,6.884315816757497259e+02,4.647174873325182034e+02,-2.237140943432314941e+02,2.237140943432314941e+02
9.333333333333335147e-02,5.999999999999999778e-02,6.649210836424161997e-01,6.838741324967340915e+02,4.599468492840334193e+02,-2.239272832127006154e+02,2.239272832127006154e+02
1.000000000000000056e-01,5.999999999999999778e-02,6.581642910460085982e-01,6.790843411089202846e+02,4.550819586146200209e+02,-2.240023824943002921e+02,2.240023824943002921e+02
1.066666666666666874e-01,5.999999999999999778e-02,6.512825612259096619e-01,6.740661952922691853e+02,4.501271131441486659e+02,-2.239390821481205478e+02,2.239390821481205478e+02
1.133333333333333415e-01,5.999999999999999778e-02,6.442824475993094158e-01,6.688244924401120670e+02,4.450870313329965029e+02,-2.237374611071155925e+02,2.237374611071155925e+02
1.199999999999999956e-01,5.999999999999999778e-02,6.371710730165740522e-01,6.633648424687291936e+02,4.399668416334270660e+02,-2.233980008353020139e+02,2.233980008353020139e+02
1.266666666666666774e-01,5.999999999999999778e-02,6.299561095624062190e-01,6.576936640410956443e+02,4.347720679464262048e+02,-2.229215960946694111e+02,2.229215960946694111e+02
1.333333333333333315e-01,5.999999999999999778e-02,6.226457529315168049e-01,6.518181738337887055e+02,4.295086111721858515e+02,-2.223095626616028824e+02,2.223095626616028824e+02
1.400000000000000133e-01,5.999999999999999778e-02,6.152486914477293123e-01,6.457463686724329364e+02,4.241827269038588497e+02,-2.215636417685741151e+02,2.215636417685741151e+02
1.466666666666666674e-01,5.999999999999999778e-02,6.077740698841234135e-01,6.394870004664347789e+02,4.188009993780625564e+02,-2.206860010883721657e+02,2.206860010883721657e+02
1.533333333333333492e-01,5.999999999999999778e-02,6.002314483318045291e-01,6.330495439859395219e+02,4.133703118603929170e+02,-2.196792321255465481e+02,2.196792321255465481e+02
1.600000000000000033e-01,5.999999999999999778e-02,5.926307564539039507e-01,6.264441576404053649e+02,4.078978137083045112e+02,-2.185463439321007968e+02,2.185463439321007968e+02
1.666666666666666574e-01,5.999999999999999778e-02,5.849822435471170312e-01,6.196816375361318023e+02,4.023908844154179860e+02,-2.172907531207138163e+02,2.172907531207138163e+02
1.733333333333333670e-01,5.999999999999999778e-02,5.772964249131309344e-01,6.127733652065206797e+02,3.968570949989480141e+02,-2.159162702075726372e+02,2.159162702075726372e+02
1.800000000000000211e-01,5.999999999999999778e-02,5.695840251143743371e-01,6.057312495206938365e+02,3.913041671438432445e+02,-2.144270823768506204e+02,2.144270823768506204e+02
1.866666666666666752e-01,5.999999999999999778e-02,5.618559187505292041e-01,5.985676633803119557e+02,3.857399305618747576e+02,-2.128277328184371697e+02,2.128277328184371697e+02
1.933333333333333293e-01,5.999999999999999778e-02,5.541230694423235903e-01,5.912953759081419776e+02,3.801722790599667405e+02,-2.111230968481751802e+02,2.111230968481751802e+02
2.000000000000000389e-01,5.999999999999999778e-02,5.463964677457184838e-01,5.839274809124498233e+02,3.746091258384110461e+02,-2.093183550740386920e+02,2.093183550740386920e+02
2.066666666666666929e-01,5.999999999999999778e-02,5.386870687415925563e-01,5.764773224763944199e+02,3.690583585554403498e+02,-2.074189639209539848e+02,2.074189639209539848e+02
2.133333333333333470e-01,5.999999999999999778e-02,5.310057300527274426e-01,5.689584185694670850e+02,3.635277946994575018e+02,-2.054306238700095832e+02,2.054306238700095832e+02
2.200000000000000011e-01,5.999999999999999778e-02,5.233631510310805535e-01,5.613843836073612010e+02,3.580251378038717576e+02,-2.033592458034894150e+02,2.033592458034894150e+02
2.266666666666666552e-01,5.999999999999999778e-02,5.157698138342875493e-01,5.537688508967873986e+02,3.525579350221807431e+02,-2.012109158746065418e+02,2.012109158746065418e+02
2.333333333333333648e-01,5.999999999999999778e-02,5.082359270718186384e-01,5.461253958925894949e+02,3.471335365532031574e+02,-1.989918593393862807e+02,1.989918593393862807e+02
2.400000000000000189e-01,5.999999999999999778e-02,5.007713726494051887e-01,5.384674611665607245e+02,3.417590573690654310e+02,-1.967084037974951798e+02,1.967084037974951798e+02
2.466666666666666730e-01,5.999999999999999778e-02,4.933856563768448389e-01,5.308082839417165815e+02,3.364413416528220750e+02,-1.943669422888945348e+02,1.943669422888945348e+02
2.533333333333332993e-01,5.999999999999999778e-02,4.860878628309930338e-01,5.231608269840464800e+02,3.311869302998087505e+02,-1.919738966842377295e+02,1.919738966842377295e+02
2.600000000000000089e-01,5.999999999999999778e-02,4.788866148847933935e-01,5.155377135679932508e+02,3.260020317785449606e+02,-1.895356817894482901e+02,1.895356817894482901e+02
2.666666666666667185e-01,5.999999999999999778e-02,4.717900382269014647e-01,5.079511671445139314e+02,3.208924965848627835e+02,-1.870586705596510910e+02,1.870586705596510910e+02
2.733333333333333171e-01,5.999999999999999778e-02,4.648057311071673858e-01,5.004129562441837606e+02,3.158637954586542946e+02,-1.845491607855294092e+02,1.845491607855294092e+02
2.800000000000000266e-01,5.999999999999999778e-02,4.579407394533138165e-01,4.929343450452506090e+02,3.109210014678797052e+02,-1.820133435773709039e+02,1.820133435773709039e+02
2.866666666666667362e-01,5.999999999999999778e-02,4.512015374158009351e-01,4.855260499306245947e+02,3.060687760008704004e+02,-1.794572739297541375e+02,1.794572739297541375e+02
2.933333333333333348e-01,5.999999999999999778e-02,4.445940133131613958e-01,4.781982022512679578e+02,3.013113586469699499e+02,-1.768868436042980079e+02,1.768868436042980079e+02
2.999999999999999889e-01,5.999999999999999778e-02,4.381234608708299838e-01,4.709603174089432969e+02,2.966525608884913368e+02,-1.743077565204519601e+02,1.743077565204519601e+02
-1.000000000000000056e-01,6.666666666666667962e-02,7.924221236685535796e-01,7.234069900094988270e+02,5.520293900013747361e+02,-1.713776000081240909e+02,1.713776000081240909e+02
-9.333333333333333759e-02,6.666666666666667962e-02,7.898383984290499038e-01,7.245839371844264178e+02,5.501691078289320558e+02,-1.744148293554943336e+02,1.744148293554943336e+02
-8.666666666666666963e-02,6.666666666666667962e-02,7.871403989027895287e-01,7.256220641742562520e+02,5.482265481700246710e+02,-1.773955160042316379e+02,1.773955160042316379e+02
-8.000000000000000167e-02,6.666666666666667962e-02,7.843244687911435920e-01,7.265157216985144260e+02,5.461990784896395326e+02,-1.803166432088749218e+02,1.803166432088749218e+02
-7.333333333333333370e-02,6.666666666666667962e-02,7.813869752709048377e-01,7.272591847293214187e+02,5.440840831550676739e+02,-1.831751015742537447e+02,1.831751015742537447e+02
-6.666666666666667962e-02,6.666666666666667962e-02,7.783243257780457780e-01,7.278466689387462338e+02,5.418789755202091101e+02,-1.859676934185371806e+02,1.859676934185371806e+02
-6.000000000000000472e-02,6.666666666666667962e-02,7.751329862304581209e-01,7.282723491701547118e+02,5.395812110459460200e+02,-1.886911381242087486e+02,1.886911381242087486e+02
-5.333333333333333676e-02,6.666666666666667962e-02,7.718095006979122097e-01,7.285303800085016519e+02,5.371883014625129817e+02,-1.913420785459886133e+02,1.913420785459886133e+02
-4.666666666666666879e-02,6.666666666666667962e-02,7.683505125114105105e-01,7.286149185096433030e+02,5.346978299682317584e+02,-1.939170885414116015e+02,1.939170885414116015e+02
-4.000000000000000083e-02,6.666666666666667962e-02,7.647527867857227823e-01,7.285201491306797834e+02,5.321074674457365745e+02,-1.964126816849432089e+02,1.964126816849432089e+02
-3.333333333333333981e-02,6.666666666666667962e-02,7.610132343082047779e-01,7.282403108819376030e+02,5.294149896619235278e+02,-1.988253212200141320e+02,1.988253212200141320e+02
-2.666666666666667185e-02,6.666666666666667962e-02,7.571289367239980583e-01,7.277697266963184575e+02,5.266182954012947448e+02,-2.011514312950237695e+02,2.011514312950237695e+02
-2.000000000000000389e-02,6.666666666666667962e-02,7.530971729225128808e-01,7.271028349833102311e+02,5.237154254642254045e+02,-2.033874095190848266e+02,2.033874095190848266e+02
-1.333333333333333592e-02,6.666666666666667962e-02,7.489154465028413643e-01,7.262342233030051375e+02,5.207045824420620193e+02,-2.055296408609431467e+02,2.055296408609431467e+02
-6.666666666666667962e-03,6.666666666666667962e-02,7.445815141666934922e-01,7.251586640600710325e+02,5.175841511600355034e+02,-2.075745129000355007e+02,2.075745129000355007e+02
0.000000000000000000e+00,6.666666666666667962e-02,7.400934148569120463e-01,7.238711520790213854e+02,5.143527196569928037e+02,-2.095184324220286101e+02,2.095184324220286101e+02
6.666666666666667962e-03,6.666666666666667962e-02,7.354494994280309506e-01,7.223669438806144854e+02,5.110091005481984894e+02,-2.113578433324160528e+02,2.113578433324160528e+02
1.333333333333333592e-02,6.666666666666667962e-02,7.306484606032233042e-01,7.206415984352836404e+02,5.075523525943369805e+02,-2.130892458409466315e+02,2.130892458409466315e+02
2.000000000000000389e-02,6.666666666666667962e-02,7.256893629399512324e-01,7.186910191237213894e+02,5.039818022767810817e+02,-2.147092168469403646e+02,2.147092168469403646e+02
2.666666666666667185e-02,6.666666666666667962e-02,7.205716724954212005e-01,7.165114965878908606e+02,5.002970651567194409e+02,-2.162144314311713629e+02,2.162144314311713629e+02
3.333333333333332593e-02,6.666666666666667962e-02,7.152952858533591085e-01,7.140997521086833331e+02,4.964980667744347329e+02,-2.176016853342486570e+02,2.176016853342486570e+02
4.000000000000000777e-02,6.666666666666667962e-02,7.098605581465589065e-01,7.114529811002541919e+02,4.925850628255385573e+02,-2.188679182747156347e+02,2.188679182747156347e+02
4.666666666666666186e-02,6.666666666666667962e-02,7.042683296860861031e-01,7.085688962668903059e+02,4.885586583339980962e+02,-2.200102379328921529e+02,2.200102379328921529e+02
5.333333333333334370e-02,6.666666666666667962e-02,6.985199507889181536e-01,7.054457699274012157e+02,4.844198255280372223e+02,-2.210259443993639650e+02,2.210259443993639650e+02
5.999999999999999778e-02,6.666666666666667962e-02,6.926173043822270170e-01,7.020824749758553480e+02,4.801699201152196110e+02,-2.219125548606357370e+02,2.219125548606357370e+02
6.666666666666667962e-02,6.666666666666667962e-02,6.865628259554081847e-01,6.984785239174174194e+02,4.758106956479100518e+02,-2.226678282695073392e+02,2.226678282695073392e+02
7.333333333333333370e-02,6.666666666666667962e-02,6.803595204313230838e-01,6.946341053955559346e+02,4.713443156705687898e+02,-2.232897897249871164e+02,2.232897897249871164e+02
8.000000000000001554e-02,6.666666666666667962e-02,6.740109755368598465e-01,6.905501176133650461e+02,4.667733633465552430e+02,-2.237767542668098031e+02,2.237767542668098031e+02
8.666666666666666963e-02,6.666666666666667962e-02,6.675213712705470037e-01,6.862281980485047370e+02,4.621008482748100050e+02,-2.241273497736947888e+02,2.241273497736947888e+02
9.333333333333335147e-02,6.666666666666667962e-02,6.608954850920959467e-01,6.816707488694892163e+02,4.573302102263252209e+02,-2.243405386431639101e+02,2.243405386431639101e+02
1.000000000000000056e-01,6.666666666666667962e-02,6.541386924956883453e-01,6.768809574816752956e+02,4.524653195569118225e+02,-2.244156379247635869e+02,2.244156379247635869e+02
1.066666666666666874e-01,6.666666666666667962e-02,6.472569626755892980e-01,6.718628116650243101e+02,4.475104740864404675e+02,-2.243523375785838425e+02,2.243523375785838425e+02
1.133333333333333415e-01,6.666666666666667962e-02,6.402568490489890518e-01,6.666211088128670781e+02,4.424703922752883045e+02,-2.241507165375788873e+02,2.241507165375788873e+02
1.199999999999999956e-01,6.666666666666667962e-02,6.331454744662537992e-01,6.611614588414842046e+02,4.373502025757188676e+02,-2.238112562657653086e+02,2.238112562657653086e+02
1.266666666666666774e-01,6.666666666666667962e-02,6.259305110120859661e-01,6.554902804138507690e+02,4.321554288887180064e+02,-2.233348515251327058e+02,2.233348515251327058e+02
1.333333333333333315e-01,6.666666666666667962e-02,6.186201543811964410e-01,6.496147902065438302e+02,4.268919721144776531e+02,-2.227228180920661771e+02,2.227228180920661771e+02
1.400000000000000133e-01,6.666666666666667962e-02,6.112230928974089483e-01,6.435429850451880611e+02,4.215660878461506513e+02,-2.219768971990374098e+02,2.219768971990374098e+02
1.466666666666666674e-01,6.666666666666667962e-02,6.037484713338030495e-01,6.372836168391897900e+02,4.161843603203543580e+02,-2.210992565188354604e+02,2.210992565188354604e+02
1.533333333333333492e-01,6.666666666666667962e-02,5.962058497814841651e-01,6.308461603586945330e+02,4.107536728026847186e+02,-2.200924875560098428e+02,2.200924875560098428e+02
1.600000000000000033e-01,6.666666666666667962e-02,5.886051579035835868e-01,6.242407740131604896e+02,4.052811746505963129e+02,-2.189595993625640915e+02,2.189595993625640915e+02
1.666666666666666574e-01,6.666666666666667962e-02,5.809566449967966673e-01,6.174782539088869271e+02,3.997742453577097876e+02,-2.177040085511771110e+02,2.177040085511771110e+02
1.733333333333333670e-01,6.666666666666667962e-02,5.732708263628105705e-01,6.105699815792756908e+02,3.942404559412398157e+02,-2.163295256380359319e+02,2.163295256380359319e+02
1.800000000000000211e-01,6.666666666666667962e-02,5.655584265640540842e-01,6.035278658934489613e+02,3.886875280861350461e+02,-2.148403378073139152e+02,2.148403378073139152e+02
1.866666666666666752e-01,6.666666666666667962e-02,5.578303202002088401e-01,5.963642797530669668e+02,3.831232915041665592e+02,-2.132409882489004644e+02,2.132409882489004644e+02
1.933333333333333293e-01,6.666666666666667962e-02,5.500974708920033374e-01,5.890919922808971023e+02,3.775556400022585422e+02,-2.115363522786384749e+02,2.115363522786384749e+02
2.000000000000000389e-01,6.666666666666667962e-02,5.423708691953982308e-01,5.817240972852048344e+02,3.719924867807028477e+02,-2.097316105045019867e+02,2.097316105045019867e+02
2.066666666666666929e-01,6.666666666666667962e-02,5.346614701912721923e-01,5.742739388491494310e+02,3.664417194977321515e+02,-2.078322193514172795e+02,2.078322193514172795e+02
2.133333333333333470e-01,6.666666666666667962e-02,5.269801315024071897e-01,5.667550349422222098e+02,3.609111556417493034e+02,-2.058438793004728780e+02,2.058438793004728780e+02
2.200000000000000011e-01,6.666666666666667962e-02,5.193375524807601895e-01,5.591809999801162121e+02,3.554084987461635592e+02,-2.037725012339527098e+02,2.037725012339527098e+02
2.266666666666666552e-01,6.666666666666667962e-02,5.117442152839671854e-01,5.515654672695424097e+02,3.499412959644725447e+02,-2.016241713050698650e+02,2.016241713050698650e+02
2.333333333333333648e-01,6.666666666666667962e-02,5.042103285214982744e-01,5.439220122653445060e+02,3.445168974954949590e+02,-1.994051147698495754e+02,1.994051147698495754e+02
2.400000000000000189e-01,6.666666666666667962e-02,4.967457740990848247e-01,5.362640775393157355e+02,3.391424183113572326e+02,-1.971216592279584745e+02,1.971216592279584745e+02
2.466666666666666730e-01,6.666666666666667962e-02,4.893600578265245860e-01,5.286049003144717062e+02,3.338247025951138767e+02,-1.947801977193578296e+02,1.947801977193578296e+02
2.533333333333332993e-01,6.666666666666667962e-02,4.820622642806727809e-01,5.209574433568016048e+02,3.285702912421005522e+02,-1.923871521147009958e+02,1.923871521147009958e+02
2.600000000000000089e-01,6.666666666666667962e-02,4.748610163344730850e-01,5.133343299407483755e+02,3.233853927208367622e+02,-1.899489372199115849e+02,1.899489372199115849e+02
2.666666666666667185e-01,6.666666666666667962e-02,4.677644396765812118e-01,5.057477835172689993e+02,3.182758575271545851e+02,-1.874719259901143857e+02,1.874719259901143857e+02
2.733333333333333171e-01,6.666666666666667962e-02,4.607801325568471329e-01,4.982095726169387717e+02,3.132471564009460963e+02,-1.849624162159927323e+02,1.849624162159927323e+02
2.800000000000000266e-01,6.666666666666667962e-02,4.539151409029934525e-01,4.907309614180056769e+02,3.083043624101715068e+02,-1.824265990078342270e+02,1.824265990078342270e+02
2.866666666666667362e-01,6.666666666666667962e-02,4.471759388654805711e-01,4.833226663033796058e+02,3.034521369431622020e+02,-1.798705293602174322e+02,1.798705293602174322e+02
2.933333333333333348e-01,6.666666666666667962e-02,4.405684147628410874e-01,4.759948186240230257e+02,2.986947195892617515e+02,-1.773000990347613026e+02,1.773000990347613026e+02
2.999999999999999889e-01,6.666666666666667962e-02,4.340978623205096754e-01,4.687569337816983648e+02,2.940359218307831384e+02,-1.747210119509152264e+02,1.747210119509152264e+02
-1.000000000000000056e-01,7.333333333333333370e-02,7.883531212150469702e-01,7.211153762592405201e+02,5.493845384065954249e+02,-1.717308378526451236e+02,1.717308378526451236e+02
-9.333333333333333759e-02,7.333333333333333370e-02,7.857693959755431834e-01,7.222923234341681109e+02,5.475242562341527446e+02,-1.747680672000153663e+02,1.747680672000153663e+02
-8.666666666666666963e-02,7.333333333333333370e-02,7.830713964492828083e-01,7.233304504239979451e+02,5.455816965752453598e+02,-1.777487538487526706e+02,1.777487538487526706e+02
-8.000000000000000167e-02,7.333333333333333370e-02,7.802554663376368715e-01,7.242241079482562327e+02,5.435542268948602214e+02,-1.806698810533959545e+02,1.806698810533959545e+02
-7.333333333333333370e-02,7.333333333333333370e-02,7.773179728173982284e-01,7.249675709790631117e+02,5.414392315602883627e+02,-1.835283394187748058e+02,1.835283394187748058e+02
-6.666666666666667962e-02,7.333333333333333370e-02,7.742553233245390576e-01,7.255550551884880406e+02,5.392341239254297989e+02,-1.863209312630582417e+02,1.863209312630582417e+02
-6.000000000000000472e-02,7.333333333333333370e-02,7.710639837769515115e-01,7.259807354198965186e+02,5.369363594511667088e+02,-1.890443759687297813e+02,1.890443759687297813e+02
-5.333333333333333676e-02,7.333333333333333370e-02,7.677404982444056003e-01,7.262387662582433450e+02,5.345434498677336705e+02,-1.916953163905096744e+02,1.916953163905096744e+02
-4.666666666666666879e-02,7.333333333333333370e-02,7.642815100579039012e-01,7.263233047593849960e+02,5.320529783734523335e+02,-1.942703263859326341e+02,1.942703263859326341e+02
-4.000000000000000083e-02,7.333333333333333370e-02,7.606837843322160619e-01,7.262285353804214765e+02,5.294626158509572633e+02,-1.967659195294642416e+02,1.967659195294642416e+02
-3.333333333333333981e-02,7.333333333333333370e-02,7.569442318546980575e-01,7.259486971316794097e+02,5.267701380671442166e+02,-1.991785590645351647e+02,1.991785590645351647e+02
-2.666666666666667185e-02,7.333333333333333370e-02,7.530599342704913379e-01,7.254781129460602642e+02,5.239734438065154336e+02,-2.015046691395448022e+02,2.015046691395448022e+02
-2.000000000000000389e-02,7.333333333333333370e-02,7.490281704690062714e-01,7.248112212330520379e+02,5.210705738694460933e+02,-2.037406473636058877e+02,2.037406473636058877e+02
-1.333333333333333592e-02,7.333333333333333370e-02,7.448464440493347549e-01,7.239426095527468306e+02,5.180597308472827081e+02,-2.058828787054641793e+02,2.058828787054641793e+02
-6.666666666666667962e-03,7.333333333333333370e-02,7.405125117131867718e-01,7.228670503098127256e+02,5.149392995652560785e+02,-2.079277507445565334e+02,2.079277507445565334e+02
0.000000000000000000e+00,7.333333333333333370e-02,7.360244124034054369e-01,7.215795383287631921e+02,5.117078680622134925e+02,-2.098716702665496427e+02,2.098716702665496427e+02
6.666666666666667962e-03,7.333333333333333370e-02,7.313804969745243412e-01,7.200753301303561784e+02,5.083642489534191213e+02,-2.117110811769371139e+02,2.117110811769371139e+02
1.333333333333333592e-02,7.333333333333333370e-02,7.265794581497166948e-01,7.183499846850253334e+02,5.049075009995576124e+02,-2.134424836854676641e+02,2.134424836854676641e+02
2.000000000000000389e-02,7.333333333333333370e-02,7.216203604864446230e-01,7.163994053734630825e+02,5.013369506820017136e+02,-2.150624546914614257e+02,2.150624546914614257e+02
2.666666666666667185e-02,7.333333333333333370e-02,7.165026700419145911e-01,7.142198828376325537e+02,4.976522135619401297e+02,-2.165676692756924240e+02,2.165676692756924240e+02
3.333333333333332593e-02,7.333333333333333370e-02,7.112262833998523881e-01,7.118081383584251398e+02,4.938532151796553649e+02,-2.179549231787697181e+02,2.179549231787697181e+02
4.000000000000000777e-02,7.333333333333333370e-02,7.057915556930522971e-01,7.091613673499959987e+02,4.899402112307592461e+02,-2.192211561192366958e+02,2.192211561192366958e+02
4.666666666666666186e-02,7.333333333333333370e-02,7.001993272325793827e-01,7.062772825166319990e+02,4.859138067392187850e+02,-2.203634757774132140e+02,2.203634757774132140e+02
5.333333333333334370e-02,7.333333333333333370e-02,6.944509483354115442e-01,7.031541561771429087e+02,4.817749739332579111e+02,-2.213791822438849977e+02,2.213791822438849977e+02
5.999999999999999778e-02,7.333333333333333370e-02,6.885483019287204076e-01,6.997908612255970411e+02,4.775250685204402998e+02,-2.222657927051567981e+02,2.222657927051567981e+02
6.666666666666667962e-02,7.333333333333333370e-02,6.824938235019015753e-01,6.961869101671591125e+02,4.731658440531307406e+02,-2.230210661140283719e+02,2.230210661140283719e+02
7.333333333333333370e-02,7.333333333333333370e-02,6.762905179778163633e-01,6.923424916452976277e+02,4.686994640757894217e+02,-2.236430275695081491e+02,2.236430275695081491e+02
8.000000000000001554e-02,7.333333333333333370e-02,6.699419730833531261e-01,6.882585038631067391e+02,4.641285117517759318e+02,-2.241299921113308642e+02,2.241299921113308642e+02
8.666666666666666963e-02,7.333333333333333370e-02,6.634523688170403943e-01,6.839365842982465438e+02,4.594559966800306370e+02,-2.244805876182158499e+02,2.244805876182158499e+02
9.333333333333335147e-02,7.333333333333333370e-02,6.568264826385892263e-01,6.793791351192309094e+02,4.546853586315459097e+02,-2.246937764876849428e+02,2.246937764876849428e+02
1.000000000000000056e-01,7.333333333333333370e-02,6.500696900421816249e-01,6.745893437314171024e+02,4.498204679621324544e+02,-2.247688757692846480e+02,2.247688757692846480e+02
1.066666666666666874e-01,7.333333333333333370e-02,6.431879602220826886e-01,6.695711979147660031e+02,4.448656224916610995e+02,-2.247055754231049036e+02,2.247055754231049036e+02
1.133333333333333415e-01,7.333333333333333370e-02,6.361878465954824424e-01,6.643294950626088848e+02,4.398255406805089365e+02,-2.245039543820999484e+02,2.245039543820999484e+02
1.199999999999999956e-01,7.333333333333333370e-02,6.290764720127470788e-01,6.588698450912258977e+02,4.347053509809395564e+02,-2.241644941102863413e+02,2.241644941102863413e+02
1.266666666666666774e-01,7.333333333333333370e-02,6.218615085585792457e-01,6.531986666635924621e+02,4.295105772939386952e+02,-2.236880893696537669e+02,2.236880893696537669e+02
1.333333333333333315e-01,7.333333333333333370e-02,6.145511519276898316e-01,6.473231764562855233e+02,4.242471205196982851e+02,-2.230760559365872382e+02,2.230760559365872382e+02
1.400000000000000133e-01,7.333333333333333370e-02,6.071540904439023389e-01,6.412513712949297542e+02,4.189212362513712833e+02,-2.223301350435584709e+02,2.223301350435584709e+02
1.466666666666666674e-01,7.333333333333333370e-02,5.996794688802964401e-01,6.349920030889315967e+02,4.135395087255750468e+02,-2.214524943633564931e+02,2.214524943633564931e+02
1.533333333333333492e-01,7.333333333333333370e-02,5.921368473279775557e-01,6.285545466084363397e+02,4.081088212079054074e+02,-2.204457254005308755e+02,2.204457254005308755e+02
1.600000000000000033e-01,7.333333333333333370e-02,5.845361554500769774e-01,6.219491602629021827e+02,4.026363230558170017e+02,-2.193128372070851242e+02,2.193128372070851242e+02
1.666666666666666574e-01,7.333333333333333370e-02,5.768876425432900579e-01,6.151866401586286202e+02,3.971293937629304196e+02,-2.180572463956981437e+02,2.180572463956981437e+02
1.733333333333333670e-01,7.333333333333333370e-02,5.692018239093039611e-01,6.082783678290174976e+02,3.915956043464605045e+02,-2.166827634825569930e+02,2.166827634825569930e+02
1.800000000000000211e-01,7.333333333333333370e-02,5.614894241105473638e-01,6.012362521431906544e+02,3.860426764913556781e+02,-2.151935756518349763e+02,2.151935756518349763e+02
1.866666666666666752e-01,7.333333333333333370e-02,5.537613177467022307e-01,5.940726660028087736e+02,3.804784399093871912e+02,-2.135942260934215255e+02,2.135942260934215255e+02
1.933333333333333293e-01,7.333333333333333370e-02,5.460284684384966170e-01,5.868003785306387954e+02,3.749107884074792310e+02,-2.118895901231595076e+02,2.118895901231595076e+02
2.000000000000000389e-01,7.333333333333333370e-02,5.383018667418915104e-01,5.794324835349466412e+02,3.693476351859235365e+02,-2.100848483490230478e+02,2.100848483490230478e+02
2.066666666666666929e-01,7.333333333333333370e-02,5.305924677377655829e-01,5.719823250988911241e+02,3.637968679029528403e+02,-2.081854571959383406e+02,2.081854571959383406e+02
2.133333333333333470e-01,7.333333333333333370e-02,5.229111290489004693e-01,5.644634211919639029e+02,3.582663040469699354e+02,-2.061971171449939106e+02,2.061971171449939106e+02
2.200000000000000011e-01,7.333333333333333370e-02,5.152685500272535801e-01,5.568893862298580189e+02,3.527636471513841911e+02,-2.041257390784737709e+02,2.041257390784737709e+02
2.266666666666666552e-01,7.333333333333333370e-02,5.076752128304605760e-01,5.492738535192841027e+02,3.472964443696931767e+02,-2.019774091495908976e+02,2.019774091495908976e+02
2.333333333333333648e-01,7.333333333333333370e-02,5.001413260679916650e-01,5.416303985150861990e+02,3.418720459007155910e+02,-1.997583526143706081e+02,1.997583526143706081e+02
2.400000000000000189e-01,7.333333333333333370e-02,4.926767716455782153e-01,5.339724637890574286e+02,3.364975667165779214e+02,-1.974748970724795072e+02,1.974748970724795072e+02
2.466666666666666730e-01,7.333333333333333370e-02,4.852910553730178655e-01,5.263132865642133993e+02,3.311798510003345086e+02,-1.951334355638788907e+02,1.951334355638788907e+02
2.533333333333332993e-01,7.333333333333333370e-02,4.779932618271660605e-01,5.186658296065432978e+02,3.259254396473212410e+02,-1.927403899592220569e+02,1.927403899592220569e+02
2.600000000000000089e-01,7.333333333333333370e-02,4.707920138809664201e-01,5.110427161904900686e+02,3.207405411260574510e+02,-1.903021750644326175e+02,1.903021750644326175e+02
2.666666666666667185e-01,7.333333333333333370e-02,4.636954372230744914e-01,5.034561697670106923e+02,3.156310059323752739e+02,-1.878251638346354184e+02,1.878251638346354184e+02
2.733333333333333171e-01,7.333333333333333370e-02,4.567111301033404125e-01,4.959179588666805216e+02,3.106023048061667282e+02,-1.853156540605137650e+02,1.853156540605137650e+02
2.800000000000000266e-01,7.333333333333333370e-02,4.498461384494868431e-01,4.884393476677473700e+02,3.056595108153921387e+02,-1.827798368523552597e+02,1.827798368523552597e+02
2.866666666666667362e-01,7.333333333333333370e-02,4.431069364119739618e-01,4.810310525531213557e+02,3.008072853483828339e+02,-1.802237672047384649e+02,1.802237672047384649e+02
2.933333333333333348e-01,7.333333333333333370e-02,4.364994123093344225e-01,4.737032048737647756e+02,2.960498679944823834e+02,-1.776533368792823353e+02,1.776533368792823353e+02
2.999999999999999889e-01,7.333333333333333370e-02,4.300288598670030105e-01,4.664653200314401147e+02,2.913910702360037703e+02,-1.750742497954362875e+02,1.750742497954362875e+02
-1.000000000000000056e-01,8.000000000000001554e-02,7.842435391103352860e-01,7.187374526463559050e+02,5.467133100385328817e+02,-1.720241426078230802e+02,1.720241426078230802e+02
-9.333333333333333759e-02,8.000000000000001554e-02,7.816598138708314991e-01,7.199143998212834958e+02,5.448530278660900876e+02,-1.750613719551933229e+02,1.750613719551933229e+02
-8.666666666666666963e-02,8.000000000000001554e-02,7.789618143445711240e-01,7.209525268111133300e+02,5.429104682071827028e+02,-1.780420586039306272e+02,1.780420586039306272e+02
-8.000000000000000167e-02,8.000000000000001554e-02,7.761458842329251873e-01,7.218461843353716176e+02,5.408829985267975644e+02,-1.809631858085739111e+02,1.809631858085739111e+02
-7.333333333333333370e-02,8.000000000000001554e-02,7.732083907126865441e-01,7.225896473661784967e+02,5.387680031922257058e+02,-1.838216441739527340e+02,1.838216441739527340e+02
-6.666666666666667962e-02,8.000000000000001554e-02,7.701457412198273733e-01,7.231771315756034255e+02,5.365628955573672556e+02,-1.866142360182361699e+02,1.866142360182361699e+02
-6.000000000000000472e-02,8.000000000000001554e-02,7.669544016722398272e-01,7.236028118070119035e+02,5.342651310831040519e+02,-1.893376807239077380e+02,1.893376807239077380e+02
-5.333333333333333676e-02,8.000000000000001554e-02,7.636309161396939160e-01,7.238608426453586162e+02,5.318722214996710136e+02,-1.919886211456876026e+02,1.919886211456876026e+02
-4.666666666666666879e-02,8.000000000000001554e-02,7.601719279531922169e-01,7.239453811465003810e+02,5.293817500053897902e+02,-1.945636311411105908e+02,1.945636311411105908e+02
-4.000000000000000083e-02,8.000000000000001554e-02,7.565742022275043777e-01,7.238506117675367477e+02,5.267913874828946064e+02,-1.970592242846421982e+02,1.970592242846421982e+02
-3.333333333333333981e-02,8.000000000000001554e-02,7.528346497499863732e-01,7.235707735187947947e+02,5.240989096990815597e+02,-1.994718638197131213e+02,1.994718638197131213e+02
-2.666666666666667185e-02,8.000000000000001554e-02,7.489503521657796536e-01,7.231001893331756492e+02,5.213022154384527767e+02,-2.017979738947227588e+02,2.017979738947227588e+02
-2.000000000000000389e-02,8.000000000000001554e-02,7.449185883642945871e-01,7.224332976201674228e+02,5.183993455013835501e+02,-2.040339521187838159e+02,2.040339521187838159e+02
-1.333333333333333592e-02,8.000000000000001554e-02,7.407368619446230706e-01,7.215646859398622155e+02,5.153885024792200511e+02,-2.061761834606421360e+02,2.061761834606421360e+02
-6.666666666666667962e-03,8.000000000000001554e-02,7.364029296084750875e-01,7.204891266969279968e+02,5.122680711971935352e+02,-2.082210554997344900e+02,2.082210554997344900e+02
0.000000000000000000e+00,8.000000000000001554e-02,7.319148302986937527e-01,7.192016147158785770e+02,5.090366396941508924e+02,-2.101649750217275994e+02,2.101649750217275994e+02
6.666666666666667962e-03,8.000000000000001554e-02,7.272709148698126569e-01,7.176974065174715633e+02,5.056930205853565212e+02,-2.120043859321150421e+02,2.120043859321150421e+02
1.333333333333333592e-02,8.000000000000001554e-02,7.224698760450050106e-01,7.159720610721406047e+02,5.022362726314950123e+02,-2.137357884406456208e+02,2.137357884406456208e+02
2.000000000000000389e-02,8.000000000000001554e-02,7.175107783817329388e-01,7.140214817605784674e+02,4.986657223139391135e+02,-2.153557594466393539e+02,2.153557594466393539e+02
2.666666666666667185e-02,8.000000000000001554e-02,7.123930879372029068e-01,7.118419592247478249e+02,4.949809851938775296e+02,-2.168609740308703522e+02,2.168609740308703522e+02
3.333333333333332593e-02,8.000000000000001554e-02,7.071167012951407038e-01,7.094302147455405247e+02,4.911819868115927648e+02,-2.182482279339476463e+02,2.182482279339476463e+02
4.000000000000000777e-02,8.000000000000001554e-02,7.016819735883406128e-01,7.067834437371113836e+02,4.872689828626966460e+02,-2.195144608744146240e+02,2.195144608744146240e+02
4.666666666666666186e-02,8.000000000000001554e-02,6.960897451278676984e-01,7.038993589037472702e+02,4.832425783711561849e+02,-2.206567805325911422e+02,2.206567805325911422e+02
5.333333333333334370e-02,8.000000000000001554e-02,6.903413662306998599e-01,7.007762325642581800e+02,4.791037455651953110e+02,-2.216724869990629543e+02,2.216724869990629543e+02
5.999999999999999778e-02,8.000000000000001554e-02,6.844387198240087233e-01,6.974129376127124260e+02,4.748538401523776997e+02,-2.225590974603347263e+02,2.225590974603347263e+02
6.666666666666667962e-02,8.000000000000001554e-02,6.783842413971898910e-01,6.938089865542744974e+02,4.704946156850681405e+02,-2.233143708692063285e+02,2.233143708692063285e+02
7.333333333333333370e-02,8.000000000000001554e-02,6.721809358731046791e-01,6.899645680324128989e+02,4.660282357077268216e+02,-2.239363323246861057e+02,2.239363323246861057e+02
8.000000000000001554e-02,8.000000000000001554e-02,6.658323909786414418e-01,6.858805802502221241e+02,4.614572833837133317e+02,-2.244232968665087924e+02,2.244232968665087924e+02
8.666666666666666963e-02,8.000000000000001554e-02,6.593427867123287101e-01,6.815586606853619287e+02,4.567847683119680369e+02,-2.247738923733937781e+02,2.247738923733937781e+02
9.333333333333335147e-02,8.000000000000001554e-02,6.527169005338775420e-01,6.770012115063461806e+02,4.520141302634833096e+02,-2.249870812428628994e+02,2.249870812428628994e+02
1.000000000000000056e-01,8.000000000000001554e-02,6.459601079374699406e-01,6.722114201185324873e+02,4.471492395940698543e+02,-2.250621805244625762e+02,2.250621805244625762e+02
1.066666666666666874e-01,8.000000000000001554e-02,6.390783781173710043e-01,6.671932743018813881e+02,4.421943941235984994e+02,-2.249988801782828318e+02,2.249988801782828318e+02
1.133333333333333415e-01,8.000000000000001554e-02,6.320782644907707581e-01,6.619515714497242698e+02,4.371543123124463364e+02,-2.247972591372778766e+02,2.247972591372778766e+02
1.199999999999999956e-01,8.000000000000001554e-02,6.249668899080353945e-01,6.564919214783412826e+02,4.320341226128769563e+02,-2.244577988654642979e+02,2.244577988654642979e+02
1.266666666666666774e-01,8.000000000000001554e-02,6.177519264538675614e-01,6.508207430507078470e+02,4.268393489258760951e+02,-2.239813941248316951e+02,2.239813941248316951e+02
1.333333333333333315e-01,8.000000000000001554e-02,6.104415698229781473e-01,6.449452528434007945e+02,4.215758921516356850e+02,-2.233693606917651664e+02,2.233693606917651664e+02
1.400000000000000133e-01,8.000000000000001554e-02,6.030445083391906547e-01,6.388734476820451391e+02,4.162500078833087400e+02,-2.226234397987363991e+02,2.226234397987363991e+02
1.466666666666666674e-01,8.000000000000001554e-02,5.955698867755847559e-01,6.326140794760469817e+02,4.108682803575123899e+02,-2.217457991185344497e+02,2.217457991185344497e+02
1.533333333333333492e-01,8.000000000000001554e-02,5.880272652232658714e-01,6.261766229955517247e+02,4.054375928398428073e+02,-2.207390301557088321e+02,2.207390301557088321e+02
1.600000000000000033e-01,8.000000000000001554e-02,5.804265733453652931e-01,6.195712366500174539e+02,3.999650946877544015e+02,-2.196061419622630808e+02,2.196061419622630808e+02
1.666666666666666574e-01,8.000000000000001554e-02,5.727780604385783736e-01,6.128087165457438914e+02,3.944581653948678195e+02,-2.183505511508761003e+02,2.183505511508761003e+02
1.733333333333333670e-01,8.000000000000001554e-02,5.650922418045922768e-01,6.059004442161328825e+02,3.889243759783978476e+02,-2.169760682377349212e+02,2.169760682377349212e+02
1.800000000000000211e-01,8.000000000000001554e-02,5.573798420058356795e-01,5.988583285303060393e+02,3.833714481232931348e+02,-2.154868804070129045e+02,2.154868804070129045e+02
1.866666666666666752e-01,8.000000000000001554e-02,5.496517356419905465e-01,5.916947423899241585e+02,3.778072115413245911e+02,-2.138875308485994537e+02,2.138875308485994537e+02
1.933333333333333293e-01,8.000000000000001554e-02,5.419188863337849327e-01,5.844224549177540666e+02,3.722395600394166308e+02,-2.121828948783374642e+02,2.121828948783374642e+02
2.000000000000000389e-01,8.000000000000001554e-02,5.341922846371798261e-01,5.770545599220620261e+02,3.666764068178609364e+02,-2.103781531042009760e+02,2.103781531042009760e+02
2.066666666666666929e-01,8.000000000000001554e-02,5.264828856330538986e-01,5.696044014860065090e+02,3.611256395348902402e+02,-2.084787619511162688e+02,2.084787619511162688e+02
2.133333333333333470e-01,8.000000000000001554e-02,5.188015469441887850e-01,5.620854975790792878e+02,3.555950756789073921e+02,-2.064904219001718673e+02,2.064904219001718673e+02
2.200000000000000011e-01,8.000000000000001554e-02,5.111589679225418958e-01,5.545114626169734038e+02,3.500924187833215910e+02,-2.044190438336516991e+02,2.044190438336516991e+02
2.266666666666666552e-01,8.000000000000001554e-02,5.035656307257488917e-01,5.468959299063994877e+02,3.446252160016306334e+02,-2.022707139047688543e+02,2.022707139047688543e+02
2.333333333333333648e-01,8.000000000000001554e-02,4.960317439632799252e-01,5.392524749022015840e+02,3.392008175326529908e+02,-2.000516573695485647e+02,2.000516573695485647e+02
2.400000000000000189e-01,8.000000000000001554e-02,4.885671895408665311e-01,5.315945401761728135e+02,3.338263383485153213e+02,-1.977682018276574638e+02,1.977682018276574638e+02
2.466666666666666730e-01,8.000000000000001554e-02,4.811814732683061813e-01,5.239353629513287842e+02,3.285086226322719085e+02,-1.954267403190568189e+02,1.954267403190568189e+02
2.533333333333332993e-01,8.000000000000001554e-02,4.738836797224543762e-01,5.162879059936585691e+02,3.232542112792585840e+02,-1.930336947143999851e+02,1.930336947143999851e+02
2.600000000000000089e-01,8.000000000000001554e-02,4.666824317762547358e-01,5.086647925776054535e+02,3.180693127579948509e+02,-1.905954798196105742e+02,1.905954798196105742e+02
2.666666666666667185e-01,8.000000000000001554e-02,4.595858551183628071e-01,5.010782461541260773e+02,3.129597775643126738e+02,-1.881184685898133750e+02,1.881184685898133750e+02
2.733333333333333171e-01,8.000000000000001554e-02,4.526015479986287282e-01,4.935400352537958497e+02,3.079310764381041281e+02,-1.856089588156917216e+02,1.856089588156917216e+02
2.800000000000000266e-01,8.000000000000001554e-02,4.457365563447751589e-01,4.860614240548627549e+02,3.029882824473295386e+02,-1.830731416075332163e+02,1.830731416075332163e+02
2.866666666666667362e-01,8.000000000000001554e-02,4.389973543072622775e-01,4.786531289402366838e+02,2.981360569803202907e+02,-1.805170719599164215e+02,1.805170719599164215e+02
2.933333333333333348e-01,8.000000000000001554e-02,4.323898302046227382e-01,4.713252812608801037e+02,2.933786396264197833e+02,-1.779466416344602919e+02,1.779466416344602919e+02
2.999999999999999889e-01,8.000000000000001554e-02,4.259192777622913262e-01,4.640873964185554428e+02,2.887198418679411702e+02,-1.753675545506142157e+02,1.753675545506142157e+02
-1.000000000000000056e-01,8.666666666666666963e-02,7.800963281689532458e-01,7.162753267345626682e+02,5.440176229266345445e+02,-1.722577038079281238e+02,1.722577038079281238e+02
-9.333333333333333759e-02,8.666666666666666963e-02,7.775126029294496810e-01,7.174522739094902590e+02,5.421573407541918641e+02,-1.752949331552983949e+02,1.752949331552983949e+02
-8.666666666666666963e-02,8.666666666666666963e-02,7.748146034031893059e-01,7.184904008993200932e+02,5.402147810952844793e+02,-1.782756198040356708e+02,1.782756198040356708e+02
-8.000000000000000167e-02,8.666666666666666963e-02,7.719986732915433691e-01,7.193840584235783808e+02,5.381873114148993409e+02,-1.811967470086789831e+02,1.811967470086789831e+02
-7.333333333333333370e-02,8.666666666666666963e-02,7.690611797713045039e-01,7.201275214543852599e+02,5.360723160803274823e+02,-1.840552053740578344e+02,1.840552053740578344e+02
-6.666666666666667962e-02,8.666666666666666963e-02,7.659985302784455552e-01,7.207150056638101887e+02,5.338672084454689184e+02,-1.868477972183412419e+02,1.868477972183412419e+02
-6.000000000000000472e-02,8.666666666666666963e-02,7.628071907308577870e-01,7.211406858952186667e+02,5.315694439712058283e+02,-1.895712419240127815e+02,1.895712419240127815e+02
-5.333333333333333676e-02,8.666666666666666963e-02,7.594837051983118759e-01,7.213987167335654931e+02,5.291765343877727901e+02,-1.922221823457927030e+02,1.922221823457927030e+02
-4.666666666666666879e-02,8.666666666666666963e-02,7.560247170118101767e-01,7.214832552347072578e+02,5.266860628934915667e+02,-1.947971923412156343e+02,1.947971923412156343e+02
-4.000000000000000083e-02,8.666666666666666963e-02,7.524269912861225595e-01,7.213884858557436246e+02,5.240957003709963828e+02,-1.972927854847472418e+02,1.972927854847472418e+02
-3.333333333333333981e-02,8.666666666666666963e-02,7.486874388086044441e-01,7.211086476070015578e+02,5.214032225871833361e+02,-1.997054250198181649e+02,1.997054250198181649e+02
-2.666666666666667185e-02,8.666666666666666963e-02,7.448031412243978355e-01,7.206380634213824123e+02,5.186065283265545531e+02,-2.020315350948278024e+02,2.020315350948278024e+02
-2.000000000000000389e-02,8.666666666666666963e-02,7.407713774229125470e-01,7.199711717083741860e+02,5.157036583894852129e+02,-2.042675133188889163e+02,2.042675133188889163e+02
-1.333333333333333592e-02,8.666666666666666963e-02,7.365896510032411415e-01,7.191025600280690924e+02,5.126928153673218276e+02,-2.064097446607472079e+02,2.064097446607472079e+02
-6.666666666666667962e-03,8.666666666666666963e-02,7.322557186670932694e-01,7.180270007851348737e+02,5.095723840852953117e+02,-2.084546166998395620e+02,2.084546166998395620e+02
0.000000000000000000e+00,8.666666666666666963e-02,7.277676193573117125e-01,7.167394888040853402e+02,5.063409525822526120e+02,-2.103985362218326713e+02,2.103985362218326713e+02
6.666666666666667962e-03,8.666666666666666963e-02,7.231237039284307277e-01,7.152352806056783265e+02,5.029973334734582977e+02,-2.122379471322201141e+02,2.122379471322201141e+02
1.333333333333333592e-02,8.666666666666666963e-02,7.183226651036230814e-01,7.135099351603474815e+02,4.995405855195967888e+02,-2.139693496407506927e+02,2.139693496407506927e+02
2.000000000000000389e-02,8.666666666666666963e-02,7.133635674403508986e-01,7.115593558487853443e+02,4.959700352020408900e+02,-2.155893206467444259e+02,2.155893206467444259e+02
2.666666666666667185e-02,8.666666666666666963e-02,7.082458769958209777e-01,7.093798333129547018e+02,4.922852980819792492e+02,-2.170945352309754242e+02,2.170945352309754242e+02
3.333333333333332593e-02,8.666666666666666963e-02,7.029694903537588857e-01,7.069680888337472879e+02,4.884862996996945412e+02,-2.184817891340527183e+02,2.184817891340527183e+02
4.000000000000000777e-02,8.666666666666666963e-02,6.975347626469586837e-01,7.043213178253181468e+02,4.845732957507983656e+02,-2.197480220745196959e+02,2.197480220745196959e+02
4.666666666666666186e-02,8.666666666666666963e-02,6.919425341864857693e-01,7.014372329919541471e+02,4.805468912592579045e+02,-2.208903417326962142e+02,2.208903417326962142e+02
5.333333333333334370e-02,8.666666666666666963e-02,6.861941552893178198e-01,6.983141066524650569e+02,4.764080584532970306e+02,-2.219060481991680263e+02,2.219060481991680263e+02
5.999999999999999778e-02,8.666666666666666963e-02,6.802915088826267942e-01,6.949508117009193029e+02,4.721581530404794194e+02,-2.227926586604397983e+02,2.227926586604397983e+02
6.666666666666667962e-02,8.666666666666666963e-02,6.742370304558079619e-01,6.913468606424812606e+02,4.677989285731698601e+02,-2.235479320693114005e+02,2.235479320693114005e+02
7.333333333333333370e-02,8.666666666666666963e-02,6.680337249317227499e-01,6.875024421206197758e+02,4.633325485958285981e+02,-2.241698935247911777e+02,2.241698935247911777e+02
8.000000000000001554e-02,8.666666666666666963e-02,6.616851800372596237e-01,6.834184543384290009e+02,4.587615962718150513e+02,-2.246568580666138644e+02,2.246568580666138644e+02
8.666666666666666963e-02,8.666666666666666963e-02,6.551955757709466699e-01,6.790965347735686919e+02,4.540890812000698133e+02,-2.250074535734988501e+02,2.250074535734988501e+02
9.333333333333335147e-02,8.666666666666666963e-02,6.485696895924957239e-01,6.745390855945530575e+02,4.493184431515850292e+02,-2.252206424429679714e+02,2.252206424429679714e+02
1.000000000000000056e-01,8.666666666666666963e-02,6.418128969960881225e-01,6.697492942067392505e+02,4.444535524821716308e+02,-2.252957417245676481e+02,2.252957417245676481e+02
1.066666666666666874e-01,8.666666666666666963e-02,6.349311671759889641e-01,6.647311483900882649e+02,4.394987070117002759e+02,-2.252324413783879038e+02,2.252324413783879038e+02
1.133333333333333415e-01,8.666666666666666963e-02,6.279310535493887180e-01,6.594894455379310330e+02,4.344586252005481128e+02,-2.250308203373829485e+02,2.250308203373829485e+02
1.199999999999999956e-01,8.666666666666666963e-02,6.208196789666535764e-01,6.540297955665480458e+02,4.293384355009786759e+02,-2.246913600655693699e+02,2.246913600655693699e+02
1.266666666666666774e-01,8.666666666666666963e-02,6.136047155124857433e-01,6.483586171389147239e+02,4.241436618139778147e+02,-2.242149553249367671e+02,2.242149553249367671e+02
1.333333333333333315e-01,8.666666666666666963e-02,6.062943588815962181e-01,6.424831269316076714e+02,4.188802050397374614e+02,-2.236029218918702384e+02,2.236029218918702384e+02
1.400000000000000133e-01,8.666666666666666963e-02,5.988972973978087255e-01,6.364113217702520160e+02,4.135543207714104597e+02,-2.228570009988414711e+02,2.228570009988414711e+02
1.466666666666666674e-01,8.666666666666666963e-02,5.914226758342027157e-01,6.301519535642537448e+02,4.081725932456141663e+02,-2.219793603186395217e+02,2.219793603186395217e+02
1.533333333333333492e-01,8.666666666666666963e-02,5.838800542818838313e-01,6.237144970837584879e+02,4.027419057279445269e+02,-2.209725913558139041e+02,2.209725913558139041e+02
1.600000000000000033e-01,8.666666666666666963e-02,5.762793624039832530e-01,6.171091107382243308e+02,3.972694075758561212e+02,-2.198397031623681528e+02,2.198397031623681528e+02
1.666666666666666574e-01,8.666666666666666963e-02,5.686308494971963334e-01,6.103465906339507683e+02,3.917624782829695960e+02,-2.185841123509811723e+02,2.185841123509811723e+02
1.733333333333333670e-01,8.666666666666666963e-02,5.609450308632103477e-01,6.034383183043396457e+02,3.862286888664996241e+02,-2.172096294378399932e+02,2.172096294378399932e+02
1.800000000000000211e-01,8.666666666666666963e-02,5.532326310644537504e-01,5.963962026185129162e+02,3.806757610113948544e+02,-2.157204416071179764e+02,2.157204416071179764e+02
1.866666666666666752e-01,8.666666666666666963e-02,5.455045247006085063e-01,5.892326164781309217e+02,3.751115244294263675e+02,-2.141210920487045257e+02,2.141210920487045257e+02
1.933333333333333293e-01,8.666666666666666963e-02,5.377716753924031146e-01,5.819603290059609435e+02,3.695438729275183505e+02,-2.124164560784425362e+02,2.124164560784425362e+02
2.000000000000000389e-01,8.666666666666666963e-02,5.300450736957980080e-01,5.745924340102687893e+02,3.639807197059626560e+02,-2.106117143043060480e+02,2.106117143043060480e+02
2.066666666666666929e-01,8.666666666666666963e-02,5.223356746916719695e-01,5.671422755742132722e+02,3.584299524229919598e+02,-2.087123231512213408e+02,2.087123231512213408e+02
2.133333333333333470e-01,8.666666666666666963e-02,5.146543360028068559e-01,5.596233716672861647e+02,3.528993885670091117e+02,-2.067239831002769392e+02,2.067239831002769392e+02
2.200000000000000011e-01,8.666666666666666963e-02,5.070117569811599667e-01,5.520493367051801670e+02,3.473967316714233675e+02,-2.046526050337567710e+02,2.046526050337567710e+02
2.266666666666666552e-01,8.666666666666666963e-02,4.994184197843669626e-01,5.444338039946062509e+02,3.419295288897323530e+02,-2.025042751048738978e+02,2.025042751048738978e+02
2.333333333333333648e-01,8.666666666666666963e-02,4.918845330218979961e-01,5.367903489904083472e+02,3.365051304207547673e+02,-2.002852185696536367e+02,2.002852185696536367e+02
2.400000000000000189e-01,8.666666666666666963e-02,4.844199785994846019e-01,5.291324142643795767e+02,3.311306512366170409e+02,-1.980017630277625358e+02,1.980017630277625358e+02
2.466666666666666730e-01,8.666666666666666963e-02,4.770342623269242521e-01,5.214732370395356611e+02,3.258129355203736850e+02,-1.956603015191618908e+02,1.956603015191618908e+02
2.533333333333332993e-01,8.666666666666666963e-02,4.697364687810724471e-01,5.138257800818654459e+02,3.205585241673603605e+02,-1.932672559145050855e+02,1.932672559145050855e+02
2.600000000000000089e-01,8.666666666666666963e-02,4.625352208348728067e-01,5.062026666658122735e+02,3.153736256460965706e+02,-1.908290410197156461e+02,1.908290410197156461e+02
2.666666666666667185e-01,8.666666666666666963e-02,4.554386441769808780e-01,4.986161202423328973e+02,3.102640904524143934e+02,-1.883520297899184470e+02,1.883520297899184470e+02
2.733333333333333171e-01,8.666666666666666963e-02,4.484543370572467991e-01,4.910779093420027266e+02,3.052353893262059046e+02,-1.858425200157967652e+02,1.858425200157967652e+02
2.800000000000000266e-01,8.666666666666666963e-02,4.415893454033932297e-01,4.835992981430695750e+02,3.002925953354313151e+02,-1.833067028076382599e+02,1.833067028076382599e+02
2.866666666666667362e-01,8.666666666666666963e-02,4.348501433658803483e-01,4.761910030284435607e+02,2.954403698684220103e+02,-1.807506331600214935e+02,1.807506331600214935e+02
2.933333333333333348e-01,8.666666666666666963e-02,4.282426192632408091e-01,4.688631553490869237e+02,2.906829525145215598e+02,-1.781802028345653639e+02,1.781802028345653639e+02
2.999999999999999889e-01,8.666666666666666963e-02,4.217720668209093970e-01,4.616252705067622628e+02,2.860241547560429467e+02,-1.756011157507193161e+02,1.756011157507193161e+02
-1.000000000000000056e-01,9.333333333333335147e-02,7.759145582997697410e-01,7.137312899179885335e+02,5.412994725116652717e+02,-1.724318174063232334e+02,1.724318174063232334e+02
-9.333333333333333759e-02,9.333333333333335147e-02,7.733308330602661762e-01,7.149082370929161243e+02,5.394391903392225913e+02,-1.754690467536934761e+02,1.754690467536934761e+02
-8.666666666666666963e-02,9.333333333333335147e-02,7.706328335340058011e-01,7.159463640827459585e+02,5.374966306803152065e+02,-1.784497334024307804e+02,1.784497334024307804e+02
-8.000000000000000167e-02,9.333333333333335147e-02,7.678169034223598644e-01,7.168400216070042461e+02,5.354691609999300681e+02,-1.813708606070740643e+02,1.813708606070740643e+02
-7.333333333333333370e-02,9.333333333333335147e-02,7.648794099021209991e-01,7.175834846378111251e+02,5.333541656653582095e+02,-1.842293189724529157e+02,1.842293189724529157e+02
-6.666666666666667962e-02,9.333333333333335147e-02,7.618167604092620504e-01,7.181709688472360540e+02,5.311490580304996456e+02,-1.870219108167363515e+02,1.870219108167363515e+02
-6.000000000000000472e-02,9.333333333333335147e-02,7.586254208616742822e-01,7.185966490786445320e+02,5.288512935562365556e+02,-1.897453555224078912e+02,1.897453555224078912e+02
-5.333333333333333676e-02,9.333333333333335147e-02,7.553019353291283711e-01,7.188546799169912447e+02,5.264583839728035173e+02,-1.923962959441877842e+02,1.923962959441877842e+02
-4.666666666666666879e-02,9.333333333333335147e-02,7.518429471426266719e-01,7.189392184181330094e+02,5.239679124785222939e+02,-1.949713059396107440e+02,1.949713059396107440e+02
-4.000000000000000083e-02,9.333333333333335147e-02,7.482452214169390547e-01,7.188444490391693762e+02,5.213775499560271101e+02,-1.974668990831423514e+02,1.974668990831423514e+02
-3.333333333333333981e-02,9.333333333333335147e-02,7.445056689394209393e-01,7.185646107904274231e+02,5.186850721722140634e+02,-1.998795386182132745e+02,1.998795386182132745e+02
-2.666666666666667185e-02,9.333333333333335147e-02,7.406213713552143307e-01,7.180940266048082776e+02,5.158883779115852803e+02,-2.022056486932229120e+02,2.022056486932229120e+02
-2.000000000000000389e-02,9.333333333333335147e-02,7.365896075537290422e-01,7.174271348918000513e+02,5.129855079745159401e+02,-2.044416269172839975e+02,2.044416269172839975e+02
-1.333333333333333592e-02,9.333333333333335147e-02,7.324078811340576367e-01,7.165585232114948440e+02,5.099746649523525548e+02,-2.065838582591422892e+02,2.065838582591422892e+02
-6.666666666666667962e-03,9.333333333333335147e-02,7.280739487979097646e-01,7.154829639685606253e+02,5.068542336703260389e+02,-2.086287302982346432e+02,2.086287302982346432e+02
0.000000000000000000e+00,9.333333333333335147e-02,7.235858494881282077e-01,7.141954519875112055e+02,5.036228021672833393e+02,-2.105726498202277526e+02,2.105726498202277526e+02
6.666666666666667962e-03,9.333333333333335147e-02,7.189419340592472230e-01,7.126912437891041918e+02,5.002791830584890249e+02,-2.124120607306152237e+02,2.124120607306152237e+02
1.333333333333333592e-02,9.333333333333335147e-02,7.141408952344395766e-01,7.109658983437732331e+02,4.968224351046275160e+02,-2.141434632391457740e+02,2.141434632391457740e+02
2.000000000000000389e-02,9.333333333333335147e-02,7.091817975711673938e-01,7.090153190322110959e+02,4.932518847870716172e+02,-2.157634342451395355e+02,2.157634342451395355e+02
2.666666666666667185e-02,9.333333333333335147e-02,7.040641071266374729e-01,7.068357964963804534e+02,4.895671476670099764e+02,-2.172686488293705338e+02,2.172686488293705338e+02
3.333333333333332593e-02,9.333333333333335147e-02,6.987877204845753809e-01,7.044240520171731532e+02,4.857681492847252684e+02,-2.186559027324478279e+02,2.186559027324478279e+02
4.000000000000000777e-02,9.333333333333335147e-02,6.933529927777751789e-01,7.017772810087440121e+02,4.818551453358290928e+02,-2.199221356729148056e+02,2.199221356729148056e+02
4.666666666666666186e-02,9.333333333333335147e-02,6.877607643173022645e-01,6.988931961753798987e+02,4.778287408442886317e+02,-2.210644553310913238e+02,2.210644553310913238e+02
5.333333333333334370e-02,9.333333333333335147e-02,6.820123854201343150e-01,6.957700698358908085e+02,4.736899080383277578e+02,-2.220801617975631075e+02,2.220801617975631075e+02
5.999999999999999778e-02,9.333333333333335147e-02,6.761097390134432894e-01,6.924067748843450545e+02,4.694400026255101466e+02,-2.229667722588349079e+02,2.229667722588349079e+02
6.666666666666667962e-02,9.333333333333335147e-02,6.700552605866244571e-01,6.888028238259071259e+02,4.650807781582005873e+02,-2.237220456677064817e+02,2.237220456677064817e+02
7.333333333333333370e-02,9.333333333333335147e-02,6.638519550625392451e-01,6.849584053040455274e+02,4.606143981808593253e+02,-2.243440071231862589e+02,2.243440071231862589e+02
8.000000000000001554e-02,9.333333333333335147e-02,6.575034101680761189e-01,6.808744175218547525e+02,4.560434458568457785e+02,-2.248309716650089740e+02,2.248309716650089740e+02
8.666666666666666963e-02,9.333333333333335147e-02,6.510138059017631651e-01,6.765524979569945572e+02,4.513709307851005406e+02,-2.251815671718939598e+02,2.251815671718939598e+02
9.333333333333335147e-02,9.333333333333335147e-02,6.443879197233122191e-01,6.719950487779788091e+02,4.466002927366157564e+02,-2.253947560413630526e+02,2.253947560413630526e+02
1.000000000000000056e-01,9.333333333333335147e-02,6.376311271269046177e-01,6.672052573901651158e+02,4.417354020672023580e+02,-2.254698553229627578e+02,2.254698553229627578e+02
1.066666666666666874e-01,9.333333333333335147e-02,6.307493973068054594e-01,6.621871115735140165e+02,4.367805565967310031e+02,-2.254065549767830134e+02,2.254065549767830134e+02
1.133333333333333415e-01,9.333333333333335147e-02,6.237492836802052132e-01,6.569454087213568982e+02,4.317404747855788401e+02,-2.252049339357780582e+02,2.252049339357780582e+02
1.199999999999999956e-01,9.333333333333335147e-02,6.166379090974700716e-01,6.514857587499739111e+02,4.266202850860094031e+02,-2.248654736639644511e+02,2.248654736639644511e+02
1.266666666666666774e-01,9.333333333333335147e-02,6.094229456433022385e-01,6.458145803223404755e+02,4.214255113990085420e+02,-2.243890689233318767e+02,2.243890689233318767e+02
1.333333333333333315e-01,9.333333333333335147e-02,6.021125890124127134e-01,6.399390901150334230e+02,4.161620546247681887e+02,-2.237770354902653480e+02,2.237770354902653480e+02
1.400000000000000133e-01,9.333333333333335147e-02,5.947155275286252207e-01,6.338672849536777676e+02,4.108361703564411869e+02,-2.230311145972365807e+02,2.230311145972365807e+02
1.466666666666666674e-01,9.333333333333335147e-02,5.872409059650192109e-01,6.276079167476796101e+02,4.054544428306448935e+02,-2.221534739170346029e+02,2.221534739170346029e+02
1.533333333333333492e-01,9.333333333333335147e-02,5.796982844127003265e-01,6.211704602671843531e+02,4.000237553129752541e+02,-2.211467049542089853e+02,2.211467049542089853e+02
1.600000000000000033e-01,9.333333333333335147e-02,5.720975925347997482e-01,6.145650739216500824e+02,3.945512571608868484e+02,-2.200138167607632340e+02,2.200138167607632340e+02
1.666666666666666574e-01,9.333333333333335147e-02,5.644490796280128286e-01,6.078025538173765199e+02,3.890443278680003232e+02,-2.187582259493762535e+02,2.187582259493762535e+02
1.733333333333333670e-01,9.333333333333335147e-02,5.567632609940268429e-01,6.008942814877655110e+02,3.835105384515303513e+02,-2.173837430362351029e+02,2.173837430362351029e+02
1.800000000000000211e-01,9.333333333333335147e-02,5.490508611952702456e-01,5.938521658019386678e+02,3.779576105964255817e+02,-2.158945552055130861e+02,2.158945552055130861e+02
1.866666666666666752e-01,9.333333333333335147e-02,5.413227548314250015e-01,5.866885796615567870e+02,3.723933740144570947e+02,-2.142952056470996354e+02,2.142952056470996354e+02
1.933333333333333293e-01,9.333333333333335147e-02,5.335899055232196098e-01,5.794162921893866951e+02,3.668257225125490777e+02,-2.125905696768376174e+02,2.125905696768376174e+02
2.000000000000000389e-01,9.333333333333335147e-02,5.258633038266145032e-01,5.720483971936946546e+02,3.612625692909933832e+02,-2.107858279027011577e+02,2.107858279027011577e+02
2.066666666666666929e-01,9.333333333333335147e-02,5.181539048224884647e-01,5.645982387576391375e+02,3.557118020080226870e+02,-2.088864367496164505e+02,2.088864367496164505e+02
2.133333333333333470e-01,9.333333333333335147e-02,5.104725661336233511e-01,5.570793348507119163e+02,3.501812381520398390e+02,-2.068980966986720205e+02,2.068980966986720205e+02
2.200000000000000011e-01,9.333333333333335147e-02,5.028299871119764619e-01,5.495052998886060323e+02,3.446785812564540947e+02,-2.048267186321518807e+02,2.048267186321518807e+02
2.266666666666666552e-01,9.333333333333335147e-02,4.952366499151834578e-01,5.418897671780321161e+02,3.392113784747630802e+02,-2.026783887032690075e+02,2.026783887032690075e+02
2.333333333333333648e-01,9.333333333333335147e-02,4.877027631527144913e-01,5.342463121738342124e+02,3.337869800057854945e+02,-2.004593321680487179e+02,2.004593321680487179e+02
2.400000000000000189e-01,9.333333333333335147e-02,4.802382087303010971e-01,5.265883774478054420e+02,3.284125008216477681e+02,-1.981758766261576170e+02,1.981758766261576170e+02
2.466666666666666730e-01,9.333333333333335147e-02,4.728524924577407473e-01,5.189292002229614127e+02,3.230947851054044122e+02,-1.958344151175570005e+02,1.958344151175570005e+02
2.533333333333332993e-01,9.333333333333335147e-02,4.655546989118889423e-01,5.112817432652912544e+02,3.178403737523910877e+02,-1.934413695129001667e+02,1.934413695129001667e+02
2.600000000000000089e-01,9.333333333333335147e-02,4.583534509656893019e-01,5.036586298492380820e+02,3.126554752311272978e+02,-1.910031546181107274e+02,1.910031546181107274e+02
2.666666666666667185e-01,9.333333333333335147e-02,4.512568743077973732e-01,4.960720834257587057e+02,3.075459400374451207e+02,-1.885261433883135282e+02,1.885261433883135282e+02
2.733333333333333171e-01,9.333333333333335147e-02,4.442725671880632943e-01,4.885338725254284782e+02,3.025172389112366318e+02,-1.860166336141918748e+02,1.860166336141918748e+02
2.800000000000000266e-01,9.333333333333335147e-02,4.374075755342097249e-01,4.810552613264953834e+02,2.975744449204620423e+02,-1.834808164060333695e+02,1.834808164060333695e+02
2.866666666666667362e-01,9.333333333333335147e-02,4.306683734966968435e-01,4.736469662118693122e+02,2.927222194534527375e+02,-1.809247467584165747e+02,1.809247467584165747e+02
2.933333333333333348e-01,9.333333333333335147e-02,4.240608493940573043e-01,4.663191185325127321e+02,2.879648020995522870e+02,-1.783543164329604451e+02,1.783543164329604451e+02
2.999999999999999889e-01,9.333333333333335147e-02,4.175902969517258922e-01,4.590812336901880713e+02,2.833060043410736739e+02,-1.757752293491143973e+02,1.757752293491143973e+02
-1.000000000000000056e-01,1.000000000000000056e-01,7.717014102605358472e-01,7.111078129330070396e+02,5.385609262861631805e+02,-1.725468866468438875e+02,1.725468866468438875e+02
-9.333333333333333759e-02,1.000000000000000056e-01,7.691176850210321714e-01,7.122847601079346305e+02,5.367006441137205002e+02,-1.755841159942141303e+02,1.755841159942141303e+02
-8.666666666666666963e-02,1.000000000000000056e-01,7.664196854947717963e-01,7.133228870977644647e+02,5.347580844548131154e+02,-1.785648026429514346e+02,1.785648026429514346e+02
-8.000000000000000167e-02,1.000000000000000056e-01,7.636037553831258595e-01,7.142165446220227523e+02,5.327306147744279770e+02,-1.814859298475947185e+02,1.814859298475947185e+02
-7.333333333333333370e-02,1.000000000000000056e-01,7.606662618628871053e-01,7.149600076528296313e+02,5.306156194398561183e+02,-1.843443882129735698e+02,1.843443882129735698e+02
-6.666666666666667962e-02,1.000000000000000056e-01,7.576036123700280456e-01,7.155474918622545601e+02,5.284105118049975545e+02,-1.871369800572570057e+02,1.871369800572570057e+02
-6.000000000000000472e-02,1.000000000000000056e-01,7.544122728224403884e-01,7.159731720936630381e+02,5.261127473307344644e+02,-1.898604247629285453e+02,1.898604247629285453e+02
-5.333333333333333676e-02,1.000000000000000056e-01,7.510887872898944773e-01,7.162312029320098645e+02,5.237198377473014261e+02,-1.925113651847084384e+02,1.925113651847084384e+02
-4.666666666666666879e-02,1.000000000000000056e-01,7.476297991033927781e-01,7.163157414331515156e+02,5.212293662530202027e+02,-1.950863751801313981e+02,1.950863751801313981e+02
-4.000000000000000083e-02,1.000000000000000056e-01,7.440320733777050499e-01,7.162209720541879960e+02,5.186390037305250189e+02,-1.975819683236630055e+02,1.975819683236630055e+02
-3.333333333333333981e-02,1.000000000000000056e-01,7.402925209001869344e-01,7.159411338054459293e+02,5.159465259467119722e+02,-1.999946078587339287e+02,1.999946078587339287e+02
-2.666666666666667185e-02,1.000000000000000056e-01,7.364082233159803259e-01,7.154705496198267838e+02,5.131498316860831892e+02,-2.023207179337435662e+02,2.023207179337435662e+02
-2.000000000000000389e-02,1.000000000000000056e-01,7.323764595144951484e-01,7.148036579068185574e+02,5.102469617490138489e+02,-2.045566961578046516e+02,2.045566961578046516e+02
-1.333333333333333592e-02,1.000000000000000056e-01,7.281947330948236319e-01,7.139350462265133501e+02,5.072361187268504636e+02,-2.066989274996629433e+02,2.066989274996629433e+02
-6.666666666666667962e-03,1.000000000000000056e-01,7.238608007586757598e-01,7.128594869835792451e+02,5.041156874448239478e+02,-2.087437995387552974e+02,2.087437995387552974e+02
0.000000000000000000e+00,1.000000000000000056e-01,7.193727014488943139e-01,7.115719750025297117e+02,5.008842559417812481e+02,-2.106877190607484067e+02,2.106877190607484067e+02
6.666666666666667962e-03,1.000000000000000056e-01,7.147287860200132181e-01,7.100677668041226980e+02,4.975406368329869338e+02,-2.125271299711358779e+02,2.125271299711358779e+02
1.333333333333333592e-02,1.000000000000000056e-01,7.099277471952055718e-01,7.083424213587918530e+02,4.940838888791254249e+02,-2.142585324796664281e+02,2.142585324796664281e+02
2.000000000000000389e-02,1.000000000000000056e-01,7.049686495319335000e-01,7.063918420472296020e+02,4.905133385615695261e+02,-2.158785034856601897e+02,2.158785034856601897e+02
2.666666666666667185e-02,1.000000000000000056e-01,6.998509590874034680e-01,7.042123195113990732e+02,4.868286014415078853e+02,-2.173837180698911880e+02,2.173837180698911880e+02
3.333333333333332593e-02,1.000000000000000056e-01,6.945745724453413761e-01,7.018005750321916594e+02,4.830296030592231773e+02,-2.187709719729684821e+02,2.187709719729684821e+02
4.000000000000000777e-02,1.000000000000000056e-01,6.891398447385411741e-01,6.991538040237625182e+02,4.791165991103270017e+02,-2.200372049134354597e+02,2.200372049134354597e+02
4.666666666666666186e-02,1.000000000000000056e-01,6.835476162780682596e-01,6.962697191903985185e+02,4.750901946187865406e+02,-2.211795245716119780e+02,2.211795245716119780e+02
5.333333333333334370e-02,1.000000000000000056e-01,6.777992373809004212e-01,6.931465928509094283e+02,4.709513618128256667e+02,-2.221952310380837616e+02,2.221952310380837616e+02
5.999999999999999778e-02,1.000000000000000056e-01,6.718965909742092846e-01,6.897832978993635606e+02,4.667014564000080554e+02,-2.230818414993555621e+02,2.230818414993555621e+02
6.666666666666667962e-02,1.000000000000000056e-01,6.658421125473904523e-01,6.861793468409256320e+02,4.623422319326984962e+02,-2.238371149082271359e+02,2.238371149082271359e+02
7.333333333333333370e-02,1.000000000000000056e-01,6.596388070233052403e-01,6.823349283190641472e+02,4.578758519553572341e+02,-2.244590763637069131e+02,2.244590763637069131e+02
8.000000000000001554e-02,1.000000000000000056e-01,6.532902621288421141e-01,6.782509405368732587e+02,4.533048996313436874e+02,-2.249460409055296282e+02,2.249460409055296282e+02
8.666666666666666963e-02,1.000000000000000056e-01,6.468006578625292713e-01,6.739290209720130633e+02,4.486323845595984494e+02,-2.252966364124146139e+02,2.252966364124146139e+02
9.333333333333335147e-02,1.000000000000000056e-01,6.401747716840782143e-01,6.693715717929974289e+02,4.438617465111136653e+02,-2.255098252818837068e+02,2.255098252818837068e+02
1.000000000000000056e-01,1.000000000000000056e-01,6.334179790876706129e-01,6.645817804051836220e+02,4.389968558417002669e+02,-2.255849245634834119e+02,2.255849245634834119e+02
1.066666666666666874e-01,1.000000000000000056e-01,6.265362492675715655e-01,6.595636345885325227e+02,4.340420103712289119e+02,-2.255216242173036676e+02,2.255216242173036676e+02
1.133333333333333415e-01,1.000000000000000056e-01,6.195361356409713194e-01,6.543219317363754044e+02,4.290019285600767489e+02,-2.253200031762987123e+02,2.253200031762987123e+02
1.199999999999999956e-01,1.000000000000000056e-01,6.124247610582360668e-01,6.488622817649924173e+02,4.238817388605073120e+02,-2.249805429044851053e+02,2.249805429044851053e+02
1.266666666666666774e-01,1.000000000000000056e-01,6.052097976040682337e-01,6.431911033373589817e+02,4.186869651735064508e+02,-2.245041381638525309e+02,2.245041381638525309e+02
1.333333333333333315e-01,1.000000000000000056e-01,5.978994409731787085e-01,6.373156131300520428e+02,4.134235083992660975e+02,-2.238921047307860022e+02,2.238921047307860022e+02
1.400000000000000133e-01,1.000000000000000056e-01,5.905023794893912159e-01,6.312438079686962737e+02,4.080976241309390957e+02,-2.231461838377572349e+02,2.231461838377572349e+02
1.466666666666666674e-01,1.000000000000000056e-01,5.830277579257853171e-01,6.249844397626981163e+02,4.027158966051428024e+02,-2.222685431575552570e+02,2.222685431575552570e+02
1.533333333333333492e-01,1.000000000000000056e-01,5.754851363734664327e-01,6.185469832822028593e+02,3.972852090874731630e+02,-2.212617741947296395e+02,2.212617741947296395e+02
1.600000000000000033e-01,1.000000000000000056e-01,5.678844444955658544e-01,6.119415969366687023e+02,3.918127109353847572e+02,-2.201288860012838882e+02,2.201288860012838882e+02
1.666666666666666574e-01,1.000000000000000056e-01,5.602359315887789348e-01,6.051790768323951397e+02,3.863057816424982320e+02,-2.188732951898969077e+02,2.188732951898969077e+02
1.733333333333333670e-01,1.000000000000000056e-01,5.525501129547928381e-01,5.982708045027840171e+02,3.807719922260282601e+02,-2.174988122767557570e+02,2.174988122767557570e+02
1.800000000000000211e-01,1.000000000000000056e-01,5.448377131560362407e-01,5.912286888169571739e+02,3.752190643709234905e+02,-2.160096244460337402e+02,2.160096244460337402e+02
1.866666666666666752e-01,1.000000000000000056e-01,5.371096067921911077e-01,5.840651026765752931e+02,3.696548277889550036e+02,-2.144102748876202895e+02,2.144102748876202895e+02
1.933333333333333293e-01,1.000000000000000056e-01,5.293767574839856049e-01,5.767928152044053149e+02,3.640871762870469865e+02,-2.127056389173582716e+02,2.127056389173582716e+02
2.000000000000000389e-01,1.000000000000000056e-01,5.216501557873804984e-01,5.694249202087131607e+02,3.585240230654912921e+02,-2.109008971432218118e+02,2.109008971432218118e+02
2.066666666666666929e-01,1.000000000000000056e-01,5.139407567832544599e-01,5.619747617726576436e+02,3.529732557825205959e+02,-2.090015059901371046e+02,2.090015059901371046e+02
2.133333333333333470e-01,1.000000000000000056e-01,5.062594180943893463e-01,5.544558578657304224e+02,3.474426919265377478e+02,-2.070131659391926746e+02,2.070131659391926746e+02
2.200000000000000011e-01,1.000000000000000056e-01,4.986168390727424571e-01,5.468818229036245384e+02,3.419400350309520036e+02,-2.049417878726725348e+02,2.049417878726725348e+02
2.266666666666666552e-01,1.000000000000000056e-01,4.910235018759494530e-01,5.392662901930506223e+02,3.364728322492609891e+02,-2.027934579437896616e+02,2.027934579437896616e+02
2.333333333333333648e-01,1.000000000000000056e-01,4.834896151134805420e-01,5.316228351888527186e+02,3.310484337802834034e+02,-2.005744014085693721e+02,2.005744014085693721e+02
2.400000000000000189e-01,1.000000000000000056e-01,4.760250606910670923e-01,5.239649004628239481e+02,3.256739545961456770e+02,-1.982909458666782712e+02,1.982909458666782712e+02
2.466666666666666730e-01,1.000000000000000056e-01,4.686393444185067980e-01,5.163057232379799188e+02,3.203562388799023211e+02,-1.959494843580776546e+02,1.959494843580776546e+02
2.533333333333332993e-01,1.000000000000000056e-01,4.613415508726549930e-01,5.086582662803098174e+02,3.151018275268889965e+02,-1.935564387534208208e+02,1.935564387534208208e+02
2.600000000000000089e-01,1.000000000000000056e-01,4.541403029264553526e-01,5.010351528642565881e+02,3.099169290056252066e+02,-1.911182238586313815e+02,1.911182238586313815e+02
2.666666666666667185e-01,1.000000000000000056e-01,4.470437262685634239e-01,4.934486064407772119e+02,3.048073938119430295e+02,-1.886412126288341824e+02,1.886412126288341824e+02
2.733333333333333171e-01,1.000000000000000056e-01,4.400594191488293450e-01,4.859103955404470412e+02,2.997786926857345406e+02,-1.861317028547125290e+02,1.861317028547125290e+02
2.800000000000000266e-01,1.000000000000000056e-01,4.331944274949757201e-01,4.784317843415138896e+02,2.948358986949599512e+02,-1.835958856465540237e+02,1.835958856465540237e+02
2.866666666666667362e-01,1.000000000000000056e-01,4.264552254574628387e-01,4.710234892268878752e+02,2.899836732279506464e+02,-1.810398159989372289e+02,1.810398159989372289e+02
2.933333333333333348e-01,1.000000000000000056e-01,4.198477013548232994e-01,4.636956415475312951e+02,2.852262558740501959e+02,-1.784693856734810993e+02,1.784693856734810993e+02
2.999999999999999889e-01,1.000000000000000056e-01,4.133771489124918874e-01,4.564577567052066343e+02,2.805674581155715828e+02,-1.758902985896350515e+02,1.758902985896350515e+02
-1.000000000000000056e-01,1.066666666666666874e-01,7.674601666752174367e-01,7.084075403618851396e+02,5.358041179557062605e+02,-1.726034224061789075e+02,1.726034224061789075e+02
-9.333333333333333759e-02,1.066666666666666874e-01,7.648764414357137609e-01,7.095844875368127305e+02,5.339438357832635802e+02,-1.756406517535491503e+02,1.756406517535491503e+02
-8.666666666666666963e-02,1.066666666666666874e-01,7.621784419094533858e-01,7.106226145266425647e+02,5.320012761243560817e+02,-1.786213384022864545e+02,1.786213384022864545e+02
-8.000000000000000167e-02,1.066666666666666874e-01,7.593625117978074490e-01,7.115162720509008523e+02,5.299738064439710570e+02,-1.815424656069297384e+02,1.815424656069297384e+02
-7.333333333333333370e-02,1.066666666666666874e-01,7.564250182775686948e-01,7.122597350817077313e+02,5.278588111093990847e+02,-1.844009239723085898e+02,1.844009239723085898e+02
-6.666666666666667962e-02,1.066666666666666874e-01,7.533623687847096351e-01,7.128472192911326601e+02,5.256537034745406345e+02,-1.871935158165920257e+02,1.871935158165920257e+02
-6.000000000000000472e-02,1.066666666666666874e-01,7.501710292371219779e-01,7.132728995225411381e+02,5.233559390002774308e+02,-1.899169605222635653e+02,1.899169605222635653e+02
-5.333333333333333676e-02,1.066666666666666874e-01,7.468475437045760668e-01,7.135309303608879645e+02,5.209630294168443925e+02,-1.925679009440434584e+02,1.925679009440434584e+02
-4.666666666666666879e-02,1.066666666666666874e-01,7.433885555180743676e-01,7.136154688620296156e+02,5.184725579225632828e+02,-1.951429109394664181e+02,1.951429109394664181e+02
-4.000000000000000083e-02,1.066666666666666874e-01,7.397908297923866394e-01,7.135206994830660960e+02,5.158821954000679852e+02,-1.976385040829980255e+02,1.976385040829980255e+02
-3.333333333333333981e-02,1.066666666666666874e-01,7.360512773148686350e-01,7.132408612343240293e+02,5.131897176162550522e+02,-2.000511436180689486e+02,2.000511436180689486e+02
-2.666666666666667185e-02,1.066666666666666874e-01,7.321669797306619154e-01,7.127702770487048838e+02,5.103930233556262692e+02,-2.023772536930785861e+02,2.023772536930785861e+02
-2.000000000000000389e-02,1.066666666666666874e-01,7.281352159291767379e-01,7.121033853356966574e+02,5.074901534185569290e+02,-2.046132319171396716e+02,2.046132319171396716e+02
-1.333333333333333592e-02,1.066666666666666874e-01,7.239534895095052214e-01,7.112347736553914501e+02,5.044793103963934868e+02,-2.067554632589979633e+02,2.067554632589979633e+02
-6.666666666666667962e-03,1.066666666666666874e-01,7.196195571733573493e-01,7.101592144124573451e+02,5.013588791143669710e+02,-2.088003352980903173e+02,2.088003352980903173e+02
0.000000000000000000e+00,1.066666666666666874e-01,7.151314578635759034e-01,7.088717024314078117e+02,4.981274476113243281e+02,-2.107442548200834267e+02,2.107442548200834267e+02
6.666666666666667962e-03,1.066666666666666874e-01,7.104875424346948076e-01,7.073674942330007980e+02,4.947838285025299569e+02,-2.125836657304708979e+02,2.125836657304708979e+02
1.333333333333333592e-02,1.066666666666666874e-01,7.056865036098871613e-01,7.056421487876699530e+02,4.913270805486684480e+02,-2.143150682390014481e+02,2.143150682390014481e+02
2.000000000000000389e-02,1.066666666666666874e-01,7.007274059466150895e-01,7.036915694761077020e+02,4.877565302311125492e+02,-2.159350392449952096e+02,2.159350392449952096e+02
2.666666666666667185e-02,1.066666666666666874e-01,6.956097155020850575e-01,7.015120469402771732e+02,4.840717931110509653e+02,-2.174402538292262079e+02,2.174402538292262079e+02
3.333333333333332593e-02,1.066666666666666874e-01,6.903333288600229656e-01,6.991003024610697594e+02,4.802727947287662005e+02,-2.188275077323035021e+02,2.188275077323035021e+02
4.000000000000000777e-02,1.066666666666666874e-01,6.848986011532227636e-01,6.964535314526406182e+02,4.763597907798700817e+02,-2.200937406727704797e+02,2.200937406727704797e+02
4.666666666666666186e-02,1.066666666666666874e-01,6.793063726927499602e-01,6.935694466192766185e+02,4.723333862883296206e+02,-2.212360603309469980e+02,2.212360603309469980e+02
5.333333333333334370e-02,1.066666666666666874e-01,6.735579937955820107e-01,6.904463202797875283e+02,4.681945534823687467e+02,-2.222517667974187816e+02,2.222517667974187816e+02
5.999999999999999778e-02,1.066666666666666874e-01,6.676553473888908741e-01,6.870830253282416606e+02,4.639446480695511354e+02,-2.231383772586905820e+02,2.231383772586905820e+02
6.666666666666667962e-02,1.066666666666666874e-01,6.616008689620720418e-01,6.834790742698037320e+02,4.595854236022415762e+02,-2.238936506675621558e+02,2.238936506675621558e+02
7.333333333333333370e-02,1.066666666666666874e-01,6.553975634379869408e-01,6.796346557479422472e+02,4.551190436249002573e+02,-2.245156121230419330e+02,2.245156121230419330e+02
8.000000000000001554e-02,1.066666666666666874e-01,6.490490185435237036e-01,6.755506679657513587e+02,4.505480913008867674e+02,-2.250025766648646481e+02,2.250025766648646481e+02
8.666666666666666963e-02,1.066666666666666874e-01,6.425594142772108608e-01,6.712287484008911633e+02,4.458755762291414726e+02,-2.253531721717496339e+02,2.253531721717496339e+02
9.333333333333335147e-02,1.066666666666666874e-01,6.359335280987598038e-01,6.666712992218755289e+02,4.411049381806567453e+02,-2.255663610412187268e+02,2.255663610412187268e+02
1.000000000000000056e-01,1.066666666666666874e-01,6.291767355023522024e-01,6.618815078340617220e+02,4.362400475112432900e+02,-2.256414603228184319e+02,2.256414603228184319e+02
1.066666666666666874e-01,1.066666666666666874e-01,6.222950056822531550e-01,6.568633620174106227e+02,4.312852020407719351e+02,-2.255781599766386876e+02,2.255781599766386876e+02
1.133333333333333415e-01,1.066666666666666874e-01,6.152948920556529089e-01,6.516216591652535044e+02,4.262451202296197721e+02,-2.253765389356337323e+02,2.253765389356337323e+02
1.199999999999999956e-01,1.066666666666666874e-01,6.081835174729176563e-01,6.461620091938705173e+02,4.211249305300503920e+02,-2.250370786638201253e+02,2.250370786638201253e+02
1.266666666666666774e-01,1.066666666666666874e-01,6.009685540187498232e-01,6.404908307662370817e+02,4.159301568430495308e+02,-2.245606739231875508e+02,2.245606739231875508e+02
1.333333333333333315e-01,1.066666666666666874e-01,5.936581973878602980e-01,6.346153405589301428e+02,4.106667000688091207e+02,-2.239486404901210221e+02,2.239486404901210221e+02
1.400000000000000133e-01,1.066666666666666874e-01,5.862611359040728054e-01,6.285435353975743737e+02,4.053408158004821189e+02,-2.232027195970922548e+02,2.232027195970922548e+02
1.466666666666666674e-01,1.066666666666666874e-01,5.787865143404669066e-01,6.222841671915762163e+02,3.999590882746858824e+02,-2.223250789168902770e+02,2.223250789168902770e+02
1.533333333333333492e-01,1.066666666666666874e-01,5.712438927881480222e-01,6.158467107110809593e+02,3.945284007570162430e+02,-2.213183099540646595e+02,2.213183099540646595e+02
1.600000000000000033e-01,1.066666666666666874e-01,5.636432009102474439e-01,6.092413243655468023e+02,3.890559026049278373e+02,-2.201854217606189081e+02,2.201854217606189081e+02
1.666666666666666574e-01,1.066666666666666874e-01,5.559946880034605243e-01,6.024788042612732397e+02,3.835489733120412552e+02,-2.189298309492319277e+02,2.189298309492319277e+02
1.733333333333333670e-01,1.066666666666666874e-01,5.483088693694744276e-01,5.955705319316621171e+02,3.780151838955713401e+02,-2.175553480360907770e+02,2.175553480360907770e+02
1.800000000000000211e-01,1.066666666666666874e-01,5.405964695707179413e-01,5.885284162458352739e+02,3.724622560404665137e+02,-2.160661602053687602e+02,2.160661602053687602e+02
1.866666666666666752e-01,1.066666666666666874e-01,5.328683632068726972e-01,5.813648301054533931e+02,3.668980194584980268e+02,-2.144668106469553095e+02,2.144668106469553095e+02
1.933333333333333293e-01,1.066666666666666874e-01,5.251355138986671944e-01,5.740925426332834149e+02,3.613303679565900666e+02,-2.127621746766932915e+02,2.127621746766932915e+02
2.000000000000000389e-01,1.066666666666666874e-01,5.174089122020620879e-01,5.667246476375912607e+02,3.557672147350343721e+02,-2.109574329025568318e+02,2.109574329025568318e+02
2.066666666666666929e-01,1.066666666666666874e-01,5.096995131979360494e-01,5.592744892015357436e+02,3.502164474520636759e+02,-2.090580417494721246e+02,2.090580417494721246e+02
2.133333333333333470e-01,1.066666666666666874e-01,5.020181745090710468e-01,5.517555852946085224e+02,3.446858835960807710e+02,-2.070697016985276946e+02,2.070697016985276946e+02
2.200000000000000011e-01,1.066666666666666874e-01,4.943755954874241021e-01,5.441815503325026384e+02,3.391832267004950268e+02,-2.049983236320075548e+02,2.049983236320075548e+02
2.266666666666666552e-01,1.066666666666666874e-01,4.867822582906310425e-01,5.365660176219287223e+02,3.337160239188040123e+02,-2.028499937031246816e+02,2.028499937031246816e+02
2.333333333333333648e-01,1.066666666666666874e-01,4.792483715281621315e-01,5.289225626177308186e+02,3.282916254498264266e+02,-2.006309371679043920e+02,2.006309371679043920e+02
2.400000000000000189e-01,1.066666666666666874e-01,4.717838171057486818e-01,5.212646278917020481e+02,3.229171462656887570e+02,-1.983474816260132911e+02,1.983474816260132911e+02
2.466666666666666730e-01,1.066666666666666874e-01,4.643981008331884430e-01,5.136054506668580188e+02,3.175994305494453442e+02,-1.960060201174126746e+02,1.960060201174126746e+02
2.533333333333332993e-01,1.066666666666666874e-01,4.571003072873366380e-01,5.059579937091879174e+02,3.123450191964320766e+02,-1.936129745127558408e+02,1.936129745127558408e+02
2.600000000000000089e-01,1.066666666666666874e-01,4.498990593411369421e-01,4.983348802931346881e+02,3.071601206751682867e+02,-1.911747596179664015e+02,1.911747596179664015e+02
2.666666666666667185e-01,1.066666666666666874e-01,4.428024826832450689e-01,4.907483338696553119e+02,3.020505854814861095e+02,-1.886977483881692024e+02,1.886977483881692024e+02
2.733333333333333171e-01,1.066666666666666874e-01,4.358181755635109900e-01,4.832101229693251412e+02,2.970218843552775638e+02,-1.861882386140475489e+02,1.861882386140475489e+02
2.800000000000000266e-01,1.066666666666666874e-01,4.289531839096573096e-01,4.757315117703919896e+02,2.920790903645029744e+02,-1.836524214058890436e+02,1.836524214058890436e+02
2.866666666666667362e-01,1.066666666666666874e-01,4.222139818721444282e-01,4.683232166557659752e+02,2.872268648974936696e+02,-1.810963517582722488e+02,1.810963517582722488e+02
2.933333333333333348e-01,1.066666666666666874e-01,4.156064577695049445e-01,4.609953689764093951e+02,2.824694475435932191e+02,-1.785259214328161192e+02,1.785259214328161192e+02
2.999999999999999889e-01,1.066666666666666874e-01,4.091359053271735324e-01,4.537574841340847343e+02,2.778106497851146059e+02,-1.759468343489700715e+02,1.759468343489700715e+02
-1.000000000000000056e-01,1.133333333333333415e-01,7.631942023623168314e-01,7.056332841451923059e+02,5.330312411523209448e+02,-1.726020429928714748e+02,1.726020429928714748e+02
-9.333333333333333759e-02,1.133333333333333415e-01,7.606104771228131556e-01,7.068102313201198967e+02,5.311709589798781508e+02,-1.756392723402417175e+02,1.756392723402417175e+02
-8.666666666666666963e-02,1.133333333333333415e-01,7.579124775965527805e-01,7.078483583099497309e+02,5.292283993209707660e+02,-1.786199589889790218e+02,1.786199589889790218e+02
-8.000000000000000167e-02,1.133333333333333415e-01,7.550965474849068437e-01,7.087420158342080185e+02,5.272009296405856276e+02,-1.815410861936223057e+02,1.815410861936223057e+02
-7.333333333333333370e-02,1.133333333333333415e-01,7.521590539646680895e-01,7.094854788650148976e+02,5.250859343060137689e+02,-1.843995445590011286e+02,1.843995445590011286e+02
-6.666666666666667962e-02,1.133333333333333415e-01,7.490964044718090298e-01,7.100729630744398264e+02,5.228808266711553188e+02,-1.871921364032845645e+02,1.871921364032845645e+02
-6.000000000000000472e-02,1.133333333333333415e-01,7.459050649242213726e-01,7.104986433058483044e+02,5.205830621968921150e+02,-1.899155811089561325e+02,1.899155811089561325e+02
-5.333333333333333676e-02,1.133333333333333415e-01,7.425815793916754615e-01,7.107566741441951308e+02,5.181901526134590767e+02,-1.925665215307359972e+02,1.925665215307359972e+02
-4.666666666666666879e-02,1.133333333333333415e-01,7.391225912051737623e-01,7.108412126453367819e+02,5.156996811191778534e+02,-1.951415315261589853e+02,1.951415315261589853e+02
-4.000000000000000083e-02,1.133333333333333415e-01,7.355248654794860341e-01,7.107464432663732623e+02,5.131093185966826695e+02,-1.976371246696905928e+02,1.976371246696905928e+02
-3.333333333333333981e-02,1.133333333333333415e-01,7.317853130019680297e-01,7.104666050176311956e+02,5.104168408128696797e+02,-2.000497642047615159e+02,2.000497642047615159e+02
-2.666666666666667185e-02,1.133333333333333415e-01,7.279010154177613101e-01,7.099960208320120501e+02,5.076201465522408967e+02,-2.023758742797711534e+02,2.023758742797711534e+02
-2.000000000000000389e-02,1.133333333333333415e-01,7.238692516162761326e-01,7.093291291190038237e+02,5.047172766151715564e+02,-2.046118525038322105e+02,2.046118525038322105e+02
-1.333333333333333592e-02,1.133333333333333415e-01,7.196875251966046161e-01,7.084605174386986164e+02,5.017064335930081143e+02,-2.067540838456905306e+02,2.067540838456905306e+02
-6.666666666666667962e-03,1.133333333333333415e-01,7.153535928604567440e-01,7.073849581957645114e+02,4.985860023109815984e+02,-2.087989558847828846e+02,2.087989558847828846e+02
0.000000000000000000e+00,1.133333333333333415e-01,7.108654935506752981e-01,7.060974462147149779e+02,4.953545708079389556e+02,-2.107428754067759940e+02,2.107428754067759940e+02
6.666666666666667962e-03,1.133333333333333415e-01,7.062215781217942023e-01,7.045932380163079642e+02,4.920109516991445844e+02,-2.125822863171634367e+02,2.125822863171634367e+02
1.333333333333333592e-02,1.133333333333333415e-01,7.014205392969865560e-01,7.028678925709771192e+02,4.885542037452830755e+02,-2.143136888256940153e+02,2.143136888256940153e+02
2.000000000000000389e-02,1.133333333333333415e-01,6.964614416337144842e-01,7.009173132594148683e+02,4.849836534277271767e+02,-2.159336598316877485e+02,2.159336598316877485e+02
2.666666666666667185e-02,1.133333333333333415e-01,6.913437511891844522e-01,6.987377907235843395e+02,4.812989163076655927e+02,-2.174388744159187468e+02,2.174388744159187468e+02
3.333333333333332593e-02,1.133333333333333415e-01,6.860673645471223603e-01,6.963260462443769256e+02,4.774999179253808279e+02,-2.188261283189960409e+02,2.188261283189960409e+02
4.000000000000000777e-02,1.133333333333333415e-01,6.806326368403221583e-01,6.936792752359477845e+02,4.735869139764847091e+02,-2.200923612594630185e+02,2.200923612594630185e+02
4.666666666666666186e-02,1.133333333333333415e-01,6.750404083798493549e-01,6.907951904025837848e+02,4.695605094849442480e+02,-2.212346809176395368e+02,2.212346809176395368e+02
5.333333333333334370e-02,1.133333333333333415e-01,6.692920294826814054e-01,6.876720640630946946e+02,4.654216766789833741e+02,-2.222503873841113489e+02,2.222503873841113489e+02
5.999999999999999778e-02,1.133333333333333415e-01,6.633893830759902688e-01,6.843087691115488269e+02,4.611717712661657629e+02,-2.231369978453831209e+02,2.231369978453831209e+02
6.666666666666667962e-02,1.133333333333333415e-01,6.573349046491714365e-01,6.807048180531108983e+02,4.568125467988562036e+02,-2.238922712542547231e+02,2.238922712542547231e+02
7.333333333333333370e-02,1.133333333333333415e-01,6.511315991250863355e-01,6.768603995312494135e+02,4.523461668215148848e+02,-2.245142327097345003e+02,2.245142327097345003e+02
8.000000000000001554e-02,1.133333333333333415e-01,6.447830542306230983e-01,6.727764117490585249e+02,4.477752144975013948e+02,-2.250011972515571870e+02,2.250011972515571870e+02
8.666666666666666963e-02,1.133333333333333415e-01,6.382934499643102555e-01,6.684544921841983296e+02,4.431026994257561000e+02,-2.253517927584421727e+02,2.253517927584421727e+02
9.333333333333335147e-02,1.133333333333333415e-01,6.316675637858591985e-01,6.638970430051826952e+02,4.383320613772713727e+02,-2.255649816279112940e+02,2.255649816279112940e+02
1.000000000000000056e-01,1.133333333333333415e-01,6.249107711894515971e-01,6.591072516173688882e+02,4.334671707078579175e+02,-2.256400809095109707e+02,2.256400809095109707e+02
1.066666666666666874e-01,1.133333333333333415e-01,6.180290413693525498e-01,6.540891058007177890e+02,4.285123252373865625e+02,-2.255767805633312264e+02,2.255767805633312264e+02
1.133333333333333415e-01,1.133333333333333415e-01,6.110289277427523036e-01,6.488474029485606707e+02,4.234722434262343995e+02,-2.253751595223262711e+02,2.253751595223262711e+02
1.199999999999999956e-01,1.133333333333333415e-01,6.039175531600170510e-01,6.433877529771776835e+02,4.183520537266650194e+02,-2.250356992505126925e+02,2.250356992505126925e+02
1.266666666666666774e-01,1.133333333333333415e-01,5.967025897058492179e-01,6.377165745495442479e+02,4.131572800396641583e+02,-2.245592945098800897e+02,2.245592945098800897e+02
1.333333333333333315e-01,1.133333333333333415e-01,5.893922330749596927e-01,6.318410843422373091e+02,4.078938232654237481e+02,-2.239472610768135610e+02,2.239472610768135610e+02
1.400000000000000133e-01,1.133333333333333415e-01,5.819951715911722001e-01,6.257692791808815400e+02,4.025679389970968032e+02,-2.232013401837847937e+02,2.232013401837847937e+02
1.466666666666666674e-01,1.133333333333333415e-01,5.745205500275663013e-01,6.195099109748833826e+02,3.971862114713004530e+02,-2.223236995035828443e+02,2.223236995035828443e+02
1.533333333333333492e-01,1.133333333333333415e-01,5.669779284752474169e-01,6.130724544943881256e+02,3.917555239536308704e+02,-2.213169305407572267e+02,2.213169305407572267e+02
1.600000000000000033e-01,1.133333333333333415e-01,5.593772365973468386e-01,6.064670681488539685e+02,3.862830258015424647e+02,-2.201840423473114754e+02,2.201840423473114754e+02
1.666666666666666574e-01,1.133333333333333415e-01,5.517287236905599190e-01,5.997045480445804060e+02,3.807760965086558826e+02,-2.189284515359244949e+02,2.189284515359244949e+02
1.733333333333333670e-01,1.133333333333333415e-01,5.440429050565738223e-01,5.927962757149692834e+02,3.752423070921859107e+02,-2.175539686227833158e+02,2.175539686227833158e+02
1.800000000000000211e-01,1.133333333333333415e-01,5.363305052578173360e-01,5.857541600291424402e+02,3.696893792370811980e+02,-2.160647807920612991e+02,2.160647807920612991e+02
1.866666666666666752e-01,1.133333333333333415e-01,5.286023988939720919e-01,5.785905738887605594e+02,3.641251426551126542e+02,-2.144654312336478483e+02,2.144654312336478483e+02
1.933333333333333293e-01,1.133333333333333415e-01,5.208695495857665891e-01,5.713182864165905812e+02,3.585574911532046940e+02,-2.127607952633858588e+02,2.127607952633858588e+02
2.000000000000000389e-01,1.133333333333333415e-01,5.131429478891614826e-01,5.639503914208984270e+02,3.529943379316489995e+02,-2.109560534892493706e+02,2.109560534892493706e+02
2.066666666666666929e-01,1.133333333333333415e-01,5.054335488850354441e-01,5.565002329848429099e+02,3.474435706486783033e+02,-2.090566623361646634e+02,2.090566623361646634e+02
2.133333333333333470e-01,1.133333333333333415e-01,4.977522101961703860e-01,5.489813290779156887e+02,3.419130067926954553e+02,-2.070683222852202618e+02,2.070683222852202618e+02
2.200000000000000011e-01,1.133333333333333415e-01,4.901096311745234968e-01,5.414072941158098047e+02,3.364103498971096542e+02,-2.049969442187000936e+02,2.049969442187000936e+02
2.266666666666666552e-01,1.133333333333333415e-01,4.825162939777304372e-01,5.337917614052358886e+02,3.309431471154186966e+02,-2.028486142898172488e+02,2.028486142898172488e+02
2.333333333333333648e-01,1.133333333333333415e-01,4.749824072152615262e-01,5.261483064010379849e+02,3.255187486464410540e+02,-2.006295577545969593e+02,2.006295577545969593e+02
2.400000000000000189e-01,1.133333333333333415e-01,4.675178527928480765e-01,5.184903716750092144e+02,3.201442694623033844e+02,-1.983461022127058584e+02,1.983461022127058584e+02
2.466666666666666730e-01,1.133333333333333415e-01,4.601321365202878377e-01,5.108311944501651851e+02,3.148265537460599717e+02,-1.960046407041052134e+02,1.960046407041052134e+02
2.533333333333332993e-01,1.133333333333333415e-01,4.528343429744360327e-01,5.031837374924950836e+02,3.095721423930466472e+02,-1.936115950994483796e+02,1.936115950994483796e+02
2.600000000000000089e-01,1.133333333333333415e-01,4.456330950282363368e-01,4.955606240764418544e+02,3.043872438717829141e+02,-1.911733802046589688e+02,1.911733802046589688e+02
2.666666666666667185e-01,1.133333333333333415e-01,4.385365183703444636e-01,4.879740776529624782e+02,2.992777086781007370e+02,-1.886963689748617696e+02,1.886963689748617696e+02
2.733333333333333171e-01,1.133333333333333415e-01,4.315522112506103847e-01,4.804358667526323075e+02,2.942490075518921913e+02,-1.861868592007401162e+02,1.861868592007401162e+02
2.800000000000000266e-01,1.133333333333333415e-01,4.246872195967567043e-01,4.729572555536991558e+02,2.893062135611176018e+02,-1.836510419925816109e+02,1.836510419925816109e+02
2.866666666666667362e-01,1.133333333333333415e-01,4.179480175592438229e-01,4.655489604390731415e+02,2.844539880941083538e+02,-1.810949723449648161e+02,1.810949723449648161e+02
2.933333333333333348e-01,1.133333333333333415e-01,4.113404934566043392e-01,4.582211127597165614e+02,2.796965707402078465e+02,-1.785245420195086865e+02,1.785245420195086865e+02
2.999999999999999889e-01,1.133333333333333415e-01,4.048699410142729271e-01,4.509832279173919005e+02,2.750377729817292334e+02,-1.759454549356626103e+02,1.759454549356626103e+02
-1.000000000000000056e-01,1.199999999999999956e-01,7.589069740302140099e-01,7.027880161299024167e+02,5.302445427364540365e+02,-1.725434733934484370e+02,1.725434733934484370e+02
-9.333333333333333759e-02,1.199999999999999956e-01,7.563232487907103341e-01,7.039649633048300075e+02,5.283842605640113561e+02,-1.755807027408186798e+02,1.755807027408186798e+02
-8.666666666666666963e-02,1.199999999999999956e-01,7.536252492644499590e-01,7.050030902946598417e+02,5.264417009051039713e+02,-1.785613893895559841e+02,1.785613893895559841e+02
-8.000000000000000167e-02,1.199999999999999956e-01,7.508093191528040222e-01,7.058967478189181293e+02,5.244142312247188329e+02,-1.814825165941992680e+02,1.814825165941992680e+02
-7.333333333333333370e-02,1.199999999999999956e-01,7.478718256325652680e-01,7.066402108497250083e+02,5.222992358901469743e+02,-1.843409749595780909e+02,1.843409749595780909e+02
-6.666666666666667962e-02,1.199999999999999956e-01,7.448091761397062083e-01,7.072276950591499372e+02,5.200941282552884104e+02,-1.871335668038615268e+02,1.871335668038615268e+02
-6.000000000000000472e-02,1.199999999999999956e-01,7.416178365921185511e-01,7.076533752905584151e+02,5.177963637810253203e+02,-1.898570115095330948e+02,1.898570115095330948e+02
-5.333333333333333676e-02,1.199999999999999956e-01,7.382943510595726400e-01,7.079114061289052415e+02,5.154034541975922821e+02,-1.925079519313129595e+02,1.925079519313129595e+02
-4.666666666666666879e-02,1.199999999999999956e-01,7.348353628730709408e-01,7.079959446300468926e+02,5.129129827033109450e+02,-1.950829619267359476e+02,1.950829619267359476e+02
-4.000000000000000083e-02,1.199999999999999956e-01,7.312376371473832126e-01,7.079011752510833730e+02,5.103226201808158180e+02,-1.975785550702675550e+02,1.975785550702675550e+02
-3.333333333333333981e-02,1.199999999999999956e-01,7.274980846698650971e-01,7.076213370023413063e+02,5.076301423970028281e+02,-1.999911946053384781e+02,1.999911946053384781e+02
-2.666666666666667185e-02,1.199999999999999956e-01,7.236137870856584886e-01,7.071507528167221608e+02,5.048334481363740451e+02,-2.023173046803481157e+02,2.023173046803481157e+02
-2.000000000000000389e-02,1.199999999999999956e-01,7.195820232841733111e-01,7.064838611037139344e+02,5.019305781993047049e+02,-2.045532829044091727e+02,2.045532829044091727e+02
-1.333333333333333592e-02,1.199999999999999956e-01,7.154002968645019056e-01,7.056152494234087271e+02,4.989197351771412627e+02,-2.066955142462674928e+02,2.066955142462674928e+02
-6.666666666666667962e-03,1.199999999999999956e-01,7.110663645283539225e-01,7.045396901804746221e+02,4.957993038951147469e+02,-2.087403862853598469e+02,2.087403862853598469e+02
0.000000000000000000e+00,1.199999999999999956e-01,7.065782652185724766e-01,7.032521781994250887e+02,4.925678723920721040e+02,-2.106843058073529562e+02,2.106843058073529562e+02
6.666666666666667962e-03,1.199999999999999956e-01,7.019343497896914918e-01,7.017479700010180750e+02,4.892242532832777329e+02,-2.125237167177403990e+02,2.125237167177403990e+02
1.333333333333333592e-02,1.199999999999999956e-01,6.971333109648838455e-01,7.000226245556872300e+02,4.857675053294162240e+02,-2.142551192262709776e+02,2.142551192262709776e+02
2.000000000000000389e-02,1.199999999999999956e-01,6.921742133016116627e-01,6.980720452441249790e+02,4.821969550118603252e+02,-2.158750902322647107e+02,2.158750902322647107e+02
2.666666666666667185e-02,1.199999999999999956e-01,6.870565228570817418e-01,6.958925227082944502e+02,4.785122178917987412e+02,-2.173803048164957090e+02,2.173803048164957090e+02
3.333333333333332593e-02,1.199999999999999956e-01,6.817801362150195388e-01,6.934807782290870364e+02,4.747132195095139764e+02,-2.187675587195730031e+02,2.187675587195730031e+02
4.000000000000000777e-02,1.199999999999999956e-01,6.763454085082194478e-01,6.908340072206578952e+02,4.708002155606178576e+02,-2.200337916600399808e+02,2.200337916600399808e+02
4.666666666666666186e-02,1.199999999999999956e-01,6.707531800477464223e-01,6.879499223872938956e+02,4.667738110690773965e+02,-2.211761113182164991e+02,2.211761113182164991e+02
5.333333333333334370e-02,1.199999999999999956e-01,6.650048011505785839e-01,6.848267960478048053e+02,4.626349782631165226e+02,-2.221918177846883111e+02,2.221918177846883111e+02
5.999999999999999778e-02,1.199999999999999956e-01,6.591021547438875583e-01,6.814635010962589377e+02,4.583850728502989114e+02,-2.230784282459600831e+02,2.230784282459600831e+02
6.666666666666667962e-02,1.199999999999999956e-01,6.530476763170687260e-01,6.778595500378210090e+02,4.540258483829893521e+02,-2.238337016548316853e+02,2.238337016548316853e+02
7.333333333333333370e-02,1.199999999999999956e-01,6.468443707929834030e-01,6.740151315159595242e+02,4.495594684056480332e+02,-2.244556631103114626e+02,2.244556631103114626e+02
8.000000000000001554e-02,1.199999999999999956e-01,6.404958258985202768e-01,6.699311437337686357e+02,4.449885160816345433e+02,-2.249426276521341492e+02,2.249426276521341492e+02
8.666666666666666963e-02,1.199999999999999956e-01,6.340062216322074340e-01,6.656092241689084403e+02,4.403160010098892485e+02,-2.252932231590191350e+02,2.252932231590191350e+02
9.333333333333335147e-02,1.199999999999999956e-01,6.273803354537563770e-01,6.610517749898928059e+02,4.355453629614045212e+02,-2.255064120284882563e+02,2.255064120284882563e+02
1.000000000000000056e-01,1.199999999999999956e-01,6.206235428573487756e-01,6.562619836020789990e+02,4.306804722919910660e+02,-2.255815113100879330e+02,2.255815113100879330e+02
1.066666666666666874e-01,1.199999999999999956e-01,6.137418130372497282e-01,6.512438377854278997e+02,4.257256268215197110e+02,-2.255182109639081887e+02,2.255182109639081887e+02
1.133333333333333415e-01,1.199999999999999956e-01,6.067416994106494821e-01,6.460021349332707814e+02,4.206855450103675480e+02,-2.253165899229032334e+02,2.253165899229032334e+02
1.199999999999999956e-01,1.199999999999999956e-01,5.996303248279142295e-01,6.405424849618877943e+02,4.155653553107981679e+02,-2.249771296510896548e+02,2.249771296510896548e+02
1.266666666666666774e-01,1.199999999999999956e-01,5.924153613737463964e-01,6.348713065342543587e+02,4.103705816237973067e+02,-2.245007249104570519e+02,2.245007249104570519e+02
1.333333333333333315e-01,1.199999999999999956e-01,5.851050047428569822e-01,6.289958163269474198e+02,4.051071248495568966e+02,-2.238886914773905232e+02,2.238886914773905232e+02
1.400000000000000133e-01,1.199999999999999956e-01,5.777079432590694896e-01,6.229240111655916508e+02,3.997812405812298948e+02,-2.231427705843617559e+02,2.231427705843617559e+02
1.466666666666666674e-01,1.199999999999999956e-01,5.702333216954634798e-01,6.166646429595934933e+02,3.943995130554336583e+02,-2.222651299041598065e+02,2.222651299041598065e+02
1.533333333333333492e-01,1.199999999999999956e-01,5.626907001431445954e-01,6.102271864790982363e+02,3.889688255377640189e+02,-2.212583609413341890e+02,2.212583609413341890e+02
1.600000000000000033e-01,1.199999999999999956e-01,5.550900082652440171e-01,6.036218001335640793e+02,3.834963273856756132e+02,-2.201254727478884377e+02,2.201254727478884377e+02
1.666666666666666574e-01,1.199999999999999956e-01,5.474414953584570975e-01,5.968592800292905167e+02,3.779893980927890311e+02,-2.188698819365014572e+02,2.188698819365014572e+02
1.733333333333333670e-01,1.199999999999999956e-01,5.397556767244711118e-01,5.899510076996793941e+02,3.724556086763191161e+02,-2.174953990233602781e+02,2.174953990233602781e+02
1.800000000000000211e-01,1.199999999999999956e-01,5.320432769257144034e-01,5.829088920138525509e+02,3.669026808212142896e+02,-2.160062111926382613e+02,2.160062111926382613e+02
1.866666666666666752e-01,1.199999999999999956e-01,5.243151705618692704e-01,5.757453058734706701e+02,3.613384442392458027e+02,-2.144068616342248106e+02,2.144068616342248106e+02
1.933333333333333293e-01,1.199999999999999956e-01,5.165823212536637676e-01,5.684730184013006919e+02,3.557707927373378425e+02,-2.127022256639628210e+02,2.127022256639628210e+02
2.000000000000000389e-01,1.199999999999999956e-01,5.088557195570586611e-01,5.611051234056085377e+02,3.502076395157821480e+02,-2.108974838898263329e+02,2.108974838898263329e+02
2.066666666666666929e-01,1.199999999999999956e-01,5.011463205529327336e-01,5.536549649695530206e+02,3.446568722328114518e+02,-2.089980927367416257e+02,2.089980927367416257e+02
2.133333333333333470e-01,1.199999999999999956e-01,4.934649818640675645e-01,5.461360610626257994e+02,3.391263083768285469e+02,-2.070097526857972241e+02,2.070097526857972241e+02
2.200000000000000011e-01,1.199999999999999956e-01,4.858224028424206753e-01,5.385620261005199154e+02,3.336236514812428027e+02,-2.049383746192770559e+02,2.049383746192770559e+02
2.266666666666666552e-01,1.199999999999999956e-01,4.782290656456276157e-01,5.309464933899459993e+02,3.281564486995517882e+02,-2.027900446903942111e+02,2.027900446903942111e+02
2.333333333333333648e-01,1.199999999999999956e-01,4.706951788831587047e-01,5.233030383857480956e+02,3.227320502305742025e+02,-2.005709881551739215e+02,2.005709881551739215e+02
2.400000000000000189e-01,1.199999999999999956e-01,4.632306244607452550e-01,5.156451036597193252e+02,3.173575710464365329e+02,-1.982875326132828206e+02,1.982875326132828206e+02
2.466666666666666730e-01,1.199999999999999956e-01,4.558449081881850162e-01,5.079859264348752959e+02,3.120398553301931202e+02,-1.959460711046821757e+02,1.959460711046821757e+02
2.533333333333332993e-01,1.199999999999999956e-01,4.485471146423332112e-01,5.003384694772051944e+02,3.067854439771798525e+02,-1.935530255000253419e+02,1.935530255000253419e+02
2.600000000000000089e-01,1.199999999999999956e-01,4.413458666961335153e-01,4.927153560611519652e+02,3.016005454559160626e+02,-1.911148106052359310e+02,1.911148106052359310e+02
2.666666666666667185e-01,1.199999999999999956e-01,4.342492900382416421e-01,4.851288096376725889e+02,2.964910102622338854e+02,-1.886377993754387319e+02,1.886377993754387319e+02
2.733333333333333171e-01,1.199999999999999956e-01,4.272649829185075632e-01,4.775905987373424182e+02,2.914623091360253397e+02,-1.861282896013170784e+02,1.861282896013170784e+02
2.800000000000000266e-01,1.199999999999999956e-01,4.203999912646538828e-01,4.701119875384092666e+02,2.865195151452507503e+02,-1.835924723931585731e+02,1.835924723931585731e+02
2.866666666666667362e-01,1.199999999999999956e-01,4.136607892271410014e-01,4.627036924237832523e+02,2.816672896782414455e+02,-1.810364027455417784e+02,1.810364027455417784e+02
2.933333333333333348e-01,1.199999999999999956e-01,4.070532651245015177e-01,4.553758447444266722e+02,2.769098723243409950e+02,-1.784659724200856488e+02,1.784659724200856488e+02
2.999999999999999889e-01,1.199999999999999956e-01,4.005827126821701056e-01,4.481379599021020113e+02,2.722510745658623819e+02,-1.758868853362395726e+02,1.758868853362395726e+02
-1.000000000000000056e-01,1.266666666666666774e-01,7.546020094028953462e-01,6.998748596900190933e+02,5.274463157286968453e+02,-1.724285439613222763e+02,1.724285439613222763e+02
-9.333333333333333759e-02,1.266666666666666774e-01,7.520182841633916704e-01,7.010518068649466841e+02,5.255860335562542787e+02,-1.754657733086925191e+02,1.754657733086925191e+02
-8.666666666666666963e-02,1.266666666666666774e-01,7.493202846371312953e-01,7.020899338547765183e+02,5.236434738973467802e+02,-1.784464599574298234e+02,1.784464599574298234e+02
-8.000000000000000167e-02,1.266666666666666774e-01,7.465043545254853585e-01,7.029835913790348059e+02,5.216160042169617554e+02,-1.813675871620731073e+02,1.813675871620731073e+02
-7.333333333333333370e-02,1.266666666666666774e-01,7.435668610052466043e-01,7.037270544098416849e+02,5.195010088823897831e+02,-1.842260455274519586e+02,1.842260455274519586e+02
-6.666666666666667962e-02,1.266666666666666774e-01,7.405042115123875446e-01,7.043145386192666138e+02,5.172959012475312193e+02,-1.870186373717353945e+02,1.870186373717353945e+02
-6.000000000000000472e-02,1.266666666666666774e-01,7.373128719647998874e-01,7.047402188506750917e+02,5.149981367732681292e+02,-1.897420820774069341e+02,1.897420820774069341e+02
-5.333333333333333676e-02,1.266666666666666774e-01,7.339893864322539763e-01,7.049982496890219181e+02,5.126052271898350909e+02,-1.923930224991868272e+02,1.923930224991868272e+02
-4.666666666666666879e-02,1.266666666666666774e-01,7.305303982457522771e-01,7.050827881901636829e+02,5.101147556955538676e+02,-1.949680324946097869e+02,1.949680324946097869e+02
-4.000000000000000083e-02,1.266666666666666774e-01,7.269326725200645489e-01,7.049880188112000496e+02,5.075243931730586837e+02,-1.974636256381413943e+02,1.974636256381413943e+02
-3.333333333333333981e-02,1.266666666666666774e-01,7.231931200425464334e-01,7.047081805624579829e+02,5.048319153892456939e+02,-1.998762651732123174e+02,1.998762651732123174e+02
-2.666666666666667185e-02,1.266666666666666774e-01,7.193088224583398249e-01,7.042375963768388374e+02,5.020352211286169108e+02,-2.022023752482219550e+02,2.022023752482219550e+02
-2.000000000000000389e-02,1.266666666666666774e-01,7.152770586568546474e-01,7.035707046638306110e+02,4.991323511915475706e+02,-2.044383534722830404e+02,2.044383534722830404e+02
-1.333333333333333592e-02,1.266666666666666774e-01,7.110953322371831309e-01,7.027020929835255174e+02,4.961215081693841285e+02,-2.065805848141413321e+02,2.065805848141413321e+02
-6.666666666666667962e-03,1.266666666666666774e-01,7.067613999010352588e-01,7.016265337405912987e+02,4.930010768873576126e+02,-2.086254568532336862e+02,2.086254568532336862e+02
0.000000000000000000e+00,1.266666666666666774e-01,7.022733005912538129e-01,7.003390217595417653e+02,4.897696453843149698e+02,-2.105693763752267955e+02,2.105693763752267955e+02
6.666666666666667962e-03,1.266666666666666774e-01,6.976293851623727171e-01,6.988348135611347516e+02,4.864260262755205986e+02,-2.124087872856142667e+02,2.124087872856142667e+02
1.333333333333333592e-02,1.266666666666666774e-01,6.928283463375650708e-01,6.971094681158039066e+02,4.829692783216590897e+02,-2.141401897941448169e+02,2.141401897941448169e+02
2.000000000000000389e-02,1.266666666666666774e-01,6.878692486742929990e-01,6.951588888042417693e+02,4.793987280041031909e+02,-2.157601608001385785e+02,2.157601608001385785e+02
2.666666666666667185e-02,1.266666666666666774e-01,6.827515582297629670e-01,6.929793662684111268e+02,4.757139908840416069e+02,-2.172653753843695768e+02,2.172653753843695768e+02
3.333333333333332593e-02,1.266666666666666774e-01,6.774751715877008751e-01,6.905676217892037130e+02,4.719149925017568421e+02,-2.186526292874468709e+02,2.186526292874468709e+02
4.000000000000000777e-02,1.266666666666666774e-01,6.720404438809006731e-01,6.879208507807745718e+02,4.680019885528607233e+02,-2.199188622279138485e+02,2.199188622279138485e+02
4.666666666666666186e-02,1.266666666666666774e-01,6.664482154204277586e-01,6.850367659474105722e+02,4.639755840613202622e+02,-2.210611818860903668e+02,2.210611818860903668e+02
5.333333333333334370e-02,1.266666666666666774e-01,6.606998365232599202e-01,6.819136396079214819e+02,4.598367512553593883e+02,-2.220768883525621504e+02,2.220768883525621504e+02
5.999999999999999778e-02,1.266666666666666774e-01,6.547971901165687836e-01,6.785503446563757279e+02,4.555868458425417771e+02,-2.229634988138339509e+02,2.229634988138339509e+02
6.666666666666667962e-02,1.266666666666666774e-01,6.487427116897499513e-01,6.749463935979376856e+02,4.512276213752322178e+02,-2.237187722227055247e+02,2.237187722227055247e+02
7.333333333333333370e-02,1.266666666666666774e-01,6.425394061656647393e-01,6.711019750760762008e+02,4.467612413978908990e+02,-2.243407336781853019e+02,2.243407336781853019e+02
8.000000000000001554e-02,1.266666666666666774e-01,6.361908612712016131e-01,6.670179872938854260e+02,4.421902890738774090e+02,-2.248276982200080170e+02,2.248276982200080170e+02
8.666666666666666963e-02,1.266666666666666774e-01,6.297012570048887703e-01,6.626960677290251169e+02,4.375177740021321142e+02,-2.251782937268930027e+02,2.251782937268930027e+02
9.333333333333335147e-02,1.266666666666666774e-01,6.230753708264377133e-01,6.581386185500094825e+02,4.327471359536473869e+02,-2.253914825963620956e+02,2.253914825963620956e+02
1.000000000000000056e-01,1.266666666666666774e-01,6.163185782300301119e-01,6.533488271621956756e+02,4.278822452842339317e+02,-2.254665818779618007e+02,2.254665818779618007e+02
1.066666666666666874e-01,1.266666666666666774e-01,6.094368484099310646e-01,6.483306813455446900e+02,4.229273998137625767e+02,-2.254032815317820564e+02,2.254032815317820564e+02
1.133333333333333415e-01,1.266666666666666774e-01,6.024367347833308184e-01,6.430889784933874580e+02,4.178873180026104137e+02,-2.252016604907771011e+02,2.252016604907771011e+02
1.199999999999999956e-01,1.266666666666666774e-01,5.953253602005955658e-01,6.376293285220044709e+02,4.127671283030410336e+02,-2.248622002189634941e+02,2.248622002189634941e+02
1.266666666666666774e-01,1.266666666666666774e-01,5.881103967464277327e-01,6.319581500943711490e+02,4.075723546160401725e+02,-2.243857954783309197e+02,2.243857954783309197e+02
1.333333333333333315e-01,1.266666666666666774e-01,5.808000401155382075e-01,6.260826598870640964e+02,4.023088978417997623e+02,-2.237737620452643910e+02,2.237737620452643910e+02
1.400000000000000133e-01,1.266666666666666774e-01,5.734029786317507149e-01,6.200108547257084410e+02,3.969830135734728174e+02,-2.230278411522356237e+02,2.230278411522356237e+02
1.466666666666666674e-01,1.266666666666666774e-01,5.659283570681448161e-01,6.137514865197101699e+02,3.916012860476764672e+02,-2.221502004720336458e+02,2.221502004720336458e+02
1.533333333333333492e-01,1.266666666666666774e-01,5.583857355158259317e-01,6.073140300392149129e+02,3.861705985300068846e+02,-2.211434315092080283e+02,2.211434315092080283e+02
1.600000000000000033e-01,1.266666666666666774e-01,5.507850436379253534e-01,6.007086436936807559e+02,3.806981003779184789e+02,-2.200105433157622770e+02,2.200105433157622770e+02
1.666666666666666574e-01,1.266666666666666774e-01,5.431365307311384338e-01,5.939461235894071933e+02,3.751911710850318968e+02,-2.187549525043752965e+02,2.187549525043752965e+02
1.733333333333333670e-01,1.266666666666666774e-01,5.354507120971523371e-01,5.870378512597960707e+02,3.696573816685619249e+02,-2.173804695912341458e+02,2.173804695912341458e+02
1.800000000000000211e-01,1.266666666666666774e-01,5.277383122983957398e-01,5.799957355739693412e+02,3.641044538134572122e+02,-2.158912817605121290e+02,2.158912817605121290e+02
1.866666666666666752e-01,1.266666666666666774e-01,5.200102059345506067e-01,5.728321494335873467e+02,3.585402172314886684e+02,-2.142919322020986783e+02,2.142919322020986783e+02
1.933333333333333293e-01,1.266666666666666774e-01,5.122773566263451039e-01,5.655598619614173685e+02,3.529725657295807082e+02,-2.125872962318366604e+02,2.125872962318366604e+02
2.000000000000000389e-01,1.266666666666666774e-01,5.045507549297399974e-01,5.581919669657252143e+02,3.474094125080250137e+02,-2.107825544577002006e+02,2.107825544577002006e+02
2.066666666666666929e-01,1.266666666666666774e-01,4.968413559256139589e-01,5.507418085296696972e+02,3.418586452250543175e+02,-2.088831633046154934e+02,2.088831633046154934e+02
2.133333333333333470e-01,1.266666666666666774e-01,4.891600172367488453e-01,5.432229046227425897e+02,3.363280813690714695e+02,-2.068948232536710634e+02,2.068948232536710634e+02
2.200000000000000011e-01,1.266666666666666774e-01,4.815174382151019561e-01,5.356488696606365920e+02,3.308254244734856684e+02,-2.048234451871509236e+02,2.048234451871509236e+02
2.266666666666666552e-01,1.266666666666666774e-01,4.739241010183089520e-01,5.280333369500626759e+02,3.253582216917947108e+02,-2.026751152582680504e+02,2.026751152582680504e+02
2.333333333333333648e-01,1.266666666666666774e-01,4.663902142558400410e-01,5.203898819458647722e+02,3.199338232228170682e+02,-2.004560587230477609e+02,2.004560587230477609e+02
2.400000000000000189e-01,1.266666666666666774e-01,4.589256598334265913e-01,5.127319472198360018e+02,3.145593440386793986e+02,-1.981726031811566600e+02,1.981726031811566600e+02
2.466666666666666730e-01,1.266666666666666774e-01,4.515399435608662970e-01,5.050727699949920293e+02,3.092416283224359859e+02,-1.958311416725560434e+02,1.958311416725560434e+02
2.533333333333332993e-01,1.266666666666666774e-01,4.442421500150144920e-01,4.974253130373218710e+02,3.039872169694226614e+02,-1.934380960678992096e+02,1.934380960678992096e+02
2.600000000000000089e-01,1.266666666666666774e-01,4.370409020688148516e-01,4.898021996212686986e+02,2.988023184481589283e+02,-1.909998811731097703e+02,1.909998811731097703e+02
2.666666666666667185e-01,1.266666666666666774e-01,4.299443254109229229e-01,4.822156531977893223e+02,2.936927832544767512e+02,-1.885228699433125712e+02,1.885228699433125712e+02
2.733333333333333171e-01,1.266666666666666774e-01,4.229600182911888440e-01,4.746774422974591516e+02,2.886640821282682055e+02,-1.860133601691909178e+02,1.860133601691909178e+02
2.800000000000000266e-01,1.266666666666666774e-01,4.160950266373352191e-01,4.671988310985260000e+02,2.837212881374936160e+02,-1.834775429610324124e+02,1.834775429610324124e+02
2.866666666666667362e-01,1.266666666666666774e-01,4.093558245998223377e-01,4.597905359838999857e+02,2.788690626704843680e+02,-1.809214733134156177e+02,1.809214733134156177e+02
2.933333333333333348e-01,1.266666666666666774e-01,4.027483004971827985e-01,4.524626883045433487e+02,2.741116453165838607e+02,-1.783510429879594881e+02,1.783510429879594881e+02
2.999999999999999889e-01,1.266666666666666774e-01,3.962777480548513864e-01,4.452248034622186879e+02,2.694528475581052476e+02,-1.757719559041134403e+02,1.757719559041134403e+02
-1.000000000000000056e-01,1.333333333333333315e-01,7.502828958461474906e-01,6.968970804662246792e+02,5.246388919168108487e+02,-1.722581885494138589e+02,1.722581885494138589e+02
-9.333333333333333759e-02,1.333333333333333315e-01,7.476991706066438148e-01,6.980740276411522700e+02,5.227786097443681683e+02,-1.752954178967841017e+02,1.752954178967841017e+02
-8.666666666666666963e-02,1.333333333333333315e-01,7.450011710803834397e-01,6.991121546309821042e+02,5.208360500854606698e+02,-1.782761045455214060e+02,1.782761045455214060e+02
-8.000000000000000167e-02,1.333333333333333315e-01,7.421852409687375030e-01,7.000058121552402781e+02,5.188085804050756451e+02,-1.811972317501646899e+02,1.811972317501646899e+02
-7.333333333333333370e-02,1.333333333333333315e-01,7.392477474484987487e-01,7.007492751860472708e+02,5.166935850705036728e+02,-1.840556901155435412e+02,1.840556901155435412e+02
-6.666666666666667962e-02,1.333333333333333315e-01,7.361850979556396890e-01,7.013367593954720860e+02,5.144884774356452226e+02,-1.868482819598269771e+02,1.868482819598269771e+02
-6.000000000000000472e-02,1.333333333333333315e-01,7.329937584080520319e-01,7.017624396268805640e+02,5.121907129613820189e+02,-1.895717266654985167e+02,1.895717266654985167e+02
-5.333333333333333676e-02,1.333333333333333315e-01,7.296702728755061207e-01,7.020204704652273904e+02,5.097978033779489806e+02,-1.922226670872784098e+02,1.922226670872784098e+02
-4.666666666666666879e-02,1.333333333333333315e-01,7.262112846890044215e-01,7.021050089663691551e+02,5.073073318836677572e+02,-1.947976770827013695e+02,1.947976770827013695e+02
-4.000000000000000083e-02,1.333333333333333315e-01,7.226135589633166934e-01,7.020102395874055219e+02,5.047169693611725734e+02,-1.972932702262329769e+02,1.972932702262329769e+02
-3.333333333333333981e-02,1.333333333333333315e-01,7.188740064857985779e-01,7.017304013386634551e+02,5.020244915773596404e+02,-1.997059097613039000e+02,1.997059097613039000e+02
-2.666666666666667185e-02,1.333333333333333315e-01,7.149897089015919693e-01,7.012598171530443096e+02,4.992277973167308573e+02,-2.020320198363135376e+02,2.020320198363135376e+02
-2.000000000000000389e-02,1.333333333333333315e-01,7.109579451001067918e-01,7.005929254400360833e+02,4.963249273796615171e+02,-2.042679980603746230e+02,2.042679980603746230e+02
-1.333333333333333592e-02,1.333333333333333315e-01,7.067762186804353863e-01,6.997243137597309897e+02,4.933140843574980181e+02,-2.064102294022329147e+02,2.064102294022329147e+02
-6.666666666666667962e-03,1.333333333333333315e-01,7.024422863442874032e-01,6.986487545167967710e+02,4.901936530754715022e+02,-2.084551014413252688e+02,2.084551014413252688e+02
0.000000000000000000e+00,1.333333333333333315e-01,6.979541870345059573e-01,6.973612425357472375e+02,4.869622215724289163e+02,-2.103990209633183781e+02,2.103990209633183781e+02
6.666666666666667962e-03,1.333333333333333315e-01,6.933102716056249726e-01,6.958570343373403375e+02,4.836186024636344882e+02,-2.122384318737058493e+02,2.122384318737058493e+02
1.333333333333333592e-02,1.333333333333333315e-01,6.885092327808173263e-01,6.941316888920093788e+02,4.801618545097729793e+02,-2.139698343822363995e+02,2.139698343822363995e+02
2.000000000000000389e-02,1.333333333333333315e-01,6.835501351175451434e-01,6.921811095804472416e+02,4.765913041922170805e+02,-2.155898053882301610e+02,2.155898053882301610e+02
2.666666666666667185e-02,1.333333333333333315e-01,6.784324446730152225e-01,6.900015870446165991e+02,4.729065670721555534e+02,-2.170950199724611593e+02,2.170950199724611593e+02
3.333333333333332593e-02,1.333333333333333315e-01,6.731560580309530195e-01,6.875898425654091852e+02,4.691075686898707318e+02,-2.184822738755384535e+02,2.184822738755384535e+02
4.000000000000000777e-02,1.333333333333333315e-01,6.677213303241529285e-01,6.849430715569800441e+02,4.651945647409746698e+02,-2.197485068160054311e+02,2.197485068160054311e+02
4.666666666666666186e-02,1.333333333333333315e-01,6.621291018636799031e-01,6.820589867236160444e+02,4.611681602494342087e+02,-2.208908264741819494e+02,2.208908264741819494e+02
5.333333333333334370e-02,1.333333333333333315e-01,6.563807229665120646e-01,6.789358603841269542e+02,4.570293274434733348e+02,-2.219065329406537330e+02,2.219065329406537330e+02
5.999999999999999778e-02,1.333333333333333315e-01,6.504780765598210390e-01,6.755725654325812002e+02,4.527794220306557236e+02,-2.227931434019255335e+02,2.227931434019255335e+02
6.666666666666667962e-02,1.333333333333333315e-01,6.444235981330022067e-01,6.719686143741432716e+02,4.484201975633461643e+02,-2.235484168107971072e+02,2.235484168107971072e+02
7.333333333333333370e-02,1.333333333333333315e-01,6.382202926089168837e-01,6.681241958522816731e+02,4.439538175860047886e+02,-2.241703782662768845e+02,2.241703782662768845e+02
8.000000000000001554e-02,1.333333333333333315e-01,6.318717477144537575e-01,6.640402080700908982e+02,4.393828652619913555e+02,-2.246573428080995996e+02,2.246573428080995996e+02
8.666666666666666963e-02,1.333333333333333315e-01,6.253821434481409147e-01,6.597182885052305892e+02,4.347103501902460039e+02,-2.250079383149845853e+02,2.250079383149845853e+02
9.333333333333335147e-02,1.333333333333333315e-01,6.187562572696898577e-01,6.551608393262149548e+02,4.299397121417613334e+02,-2.252211271844536782e+02,2.252211271844536782e+02
1.000000000000000056e-01,1.333333333333333315e-01,6.119994646732822563e-01,6.503710479384011478e+02,4.250748214723478213e+02,-2.252962264660533833e+02,2.252962264660533833e+02
1.066666666666666874e-01,1.333333333333333315e-01,6.051177348531832090e-01,6.453529021217501622e+02,4.201199760018764664e+02,-2.252329261198736390e+02,2.252329261198736390e+02
1.133333333333333415e-01,1.333333333333333315e-01,5.981176212265829628e-01,6.401111992695929302e+02,4.150798941907243034e+02,-2.250313050788686837e+02,2.250313050788686837e+02
1.199999999999999956e-01,1.333333333333333315e-01,5.910062466438477102e-01,6.346515492982100568e+02,4.099597044911549801e+02,-2.246918448070550767e+02,2.246918448070550767e+02
1.266666666666666774e-01,1.333333333333333315e-01,5.837912831896798771e-01,6.289803708705766212e+02,4.047649308041541190e+02,-2.242154400664225022e+02,2.242154400664225022e+02
1.333333333333333315e-01,1.333333333333333315e-01,5.764809265587904630e-01,6.231048806632695687e+02,3.995014740299136520e+02,-2.236034066333559736e+02,2.236034066333559736e+02
1.400000000000000133e-01,1.333333333333333315e-01,5.690838650750029704e-01,6.170330755019139133e+02,3.941755897615867070e+02,-2.228574857403272063e+02,2.228574857403272063e+02
1.466666666666666674e-01,1.333333333333333315e-01,5.616092435113969605e-01,6.107737072959156421e+02,3.887938622357904137e+02,-2.219798450601252284e+02,2.219798450601252284e+02
1.533333333333333492e-01,1.333333333333333315e-01,5.540666219590780761e-01,6.043362508154203852e+02,3.833631747181208311e+02,-2.209730760972996109e+02,2.209730760972996109e+02
1.600000000000000033e-01,1.333333333333333315e-01,5.464659300811774978e-01,5.977308644698862281e+02,3.778906765660324254e+02,-2.198401879038538596e+02,2.198401879038538596e+02
1.666666666666666574e-01,1.333333333333333315e-01,5.388174171743905783e-01,5.909683443656126656e+02,3.723837472731457865e+02,-2.185845970924668791e+02,2.185845970924668791e+02
1.733333333333333670e-01,1.333333333333333315e-01,5.311315985404045925e-01,5.840600720360015430e+02,3.668499578566758714e+02,-2.172101141793257284e+02,2.172101141793257284e+02
1.800000000000000211e-01,1.333333333333333315e-01,5.234191987416478842e-01,5.770179563501748135e+02,3.612970300015711018e+02,-2.157209263486037116e+02,2.157209263486037116e+02
1.866666666666666752e-01,1.333333333333333315e-01,5.156910923778027511e-01,5.698543702097928190e+02,3.557327934196025581e+02,-2.141215767901902609e+02,2.141215767901902609e+02
1.933333333333333293e-01,1.333333333333333315e-01,5.079582430695972484e-01,5.625820827376228408e+02,3.501651419176946547e+02,-2.124169408199282429e+02,2.124169408199282429e+02
2.000000000000000389e-01,1.333333333333333315e-01,5.002316413729921418e-01,5.552141877419306866e+02,3.446019886961389602e+02,-2.106121990457917832e+02,2.106121990457917832e+02
2.066666666666666929e-01,1.333333333333333315e-01,4.925222423688661588e-01,5.477640293058752832e+02,3.390512214131682640e+02,-2.087128078927070760e+02,2.087128078927070760e+02
2.133333333333333470e-01,1.333333333333333315e-01,4.848409036800010452e-01,5.402451253989480620e+02,3.335206575571853591e+02,-2.067244678417626460e+02,2.067244678417626460e+02
2.200000000000000011e-01,1.333333333333333315e-01,4.771983246583541560e-01,5.326710904368420643e+02,3.280180006615995580e+02,-2.046530897752425062e+02,2.046530897752425062e+02
2.266666666666666552e-01,1.333333333333333315e-01,4.696049874615610964e-01,5.250555577262682618e+02,3.225507978799086004e+02,-2.025047598463596330e+02,2.025047598463596330e+02
2.333333333333333648e-01,1.333333333333333315e-01,4.620711006990921854e-01,5.174121027220703581e+02,3.171263994109309579e+02,-2.002857033111393434e+02,2.002857033111393434e+02
2.400000000000000189e-01,1.333333333333333315e-01,4.546065462766787357e-01,5.097541679960415877e+02,3.117519202267933451e+02,-1.980022477692482425e+02,1.980022477692482425e+02
2.466666666666666730e-01,1.333333333333333315e-01,4.472208300041184970e-01,5.020949907711975584e+02,3.064342045105498755e+02,-1.956607862606476260e+02,1.956607862606476260e+02
2.533333333333332993e-01,1.333333333333333315e-01,4.399230364582666919e-01,4.944475338135273432e+02,3.011797931575366079e+02,-1.932677406559907922e+02,1.932677406559907922e+02
2.600000000000000089e-01,1.333333333333333315e-01,4.327217885120669960e-01,4.868244203974742277e+02,2.959948946362728748e+02,-1.908295257612013529e+02,1.908295257612013529e+02
2.666666666666667185e-01,1.333333333333333315e-01,4.256252118541751228e-01,4.792378739739948514e+02,2.908853594425906977e+02,-1.883525145314041538e+02,1.883525145314041538e+02
2.733333333333333171e-01,1.333333333333333315e-01,4.186409047344410439e-01,4.716996630736646239e+02,2.858566583163820951e+02,-1.858430047572825003e+02,1.858430047572825003e+02
2.800000000000000266e-01,1.333333333333333315e-01,4.117759130805873635e-01,4.642210518747315291e+02,2.809138643256075056e+02,-1.833071875491239950e+02,1.833071875491239950e+02
2.866666666666667362e-01,1.333333333333333315e-01,4.050367110430744821e-01,4.568127567601054579e+02,2.760616388585982577e+02,-1.807511179015072003e+02,1.807511179015072003e+02
2.933333333333333348e-01,1.333333333333333315e-01,3.984291869404349984e-01,4.494849090807488210e+02,2.713042215046978072e+02,-1.781806875760510707e+02,1.781806875760510707e+02
2.999999999999999889e-01,1.333333333333333315e-01,3.919586344981035864e-01,4.422470242384241601e+02,2.666454237462191941e+02,-1.756016004922050229e+02,1.756016004922050229e+02
-1.000000000000000056e-01,1.400000000000000133e-01,7.459532685702701116e-01,6.938580762803335347e+02,5.218246341874904601e+02,-1.720334420928431314e+02,1.720334420928431314e+02
-9.333333333333333759e-02,1.400000000000000133e-01,7.433695433307664358e-01,6.950350234552611255e+02,5.199643520150477798e+02,-1.750706714402133741e+02,1.750706714402133741e+02
-8.666666666666666963e-02,1.400000000000000133e-01,7.406715438045060607e-01,6.960731504450909597e+02,5.180217923561403950e+02,-1.780513580889506784e+02,1.780513580889506784e+02
-8.000000000000000167e-02,1.400000000000000133e-01,7.378556136928601239e-01,6.969668079693492473e+02,5.159943226757552566e+02,-1.809724852935939623e+02,1.809724852935939623e+02
-7.333333333333333370e-02,1.400000000000000133e-01,7.349181201726213697e-01,6.977102710001561263e+02,5.138793273411833979e+02,-1.838309436589727852e+02,1.838309436589727852e+02
-6.666666666666667962e-02,1.400000000000000133e-01,7.318554706797623099e-01,6.982977552095810552e+02,5.116742197063248341e+02,-1.866235355032562211e+02,1.866235355032562211e+02
-6.000000000000000472e-02,1.400000000000000133e-01,7.286641311321746528e-01,6.987234354409895332e+02,5.093764552320617440e+02,-1.893469802089277891e+02,1.893469802089277891e+02
-5.333333333333333676e-02,1.400000000000000133e-01,7.253406455996287416e-01,6.989814662793363595e+02,5.069835456486287057e+02,-1.919979206307076538e+02,1.919979206307076538e+02
-4.666666666666666879e-02,1.400000000000000133e-01,7.218816574131270425e-01,6.990660047804781243e+02,5.044930741543474824e+02,-1.945729306261306419e+02,1.945729306261306419e+02
-4.000000000000000083e-02,1.400000000000000133e-01,7.182839316874393143e-01,6.989712354015144911e+02,5.019027116318522985e+02,-1.970685237696622494e+02,1.970685237696622494e+02
-3.333333333333333981e-02,1.400000000000000133e-01,7.145443792099211988e-01,6.986913971527724243e+02,4.992102338480392518e+02,-1.994811633047331725e+02,1.994811633047331725e+02
-2.666666666666667185e-02,1.400000000000000133e-01,7.106600816257145903e-01,6.982208129671532788e+02,4.964135395874104688e+02,-2.018072733797428100e+02,2.018072733797428100e+02
-2.000000000000000389e-02,1.400000000000000133e-01,7.066283178242294127e-01,6.975539212541450524e+02,4.935106696503411285e+02,-2.040432516038038671e+02,2.040432516038038671e+02
-1.333333333333333592e-02,1.400000000000000133e-01,7.024465914045578963e-01,6.966853095738399588e+02,4.904998266281777433e+02,-2.061854829456621871e+02,2.061854829456621871e+02
-6.666666666666667962e-03,1.400000000000000133e-01,6.981126590684100242e-01,6.956097503309057402e+02,4.873793953461512274e+02,-2.082303549847545412e+02,2.082303549847545412e+02
0.000000000000000000e+00,1.400000000000000133e-01,6.936245597586285783e-01,6.943222383498562067e+02,4.841479638431085277e+02,-2.101742745067476505e+02,2.101742745067476505e+02
6.666666666666667962e-03,1.400000000000000133e-01,6.889806443297474825e-01,6.928180301514491930e+02,4.808043447343142134e+02,-2.120136854171350933e+02,2.120136854171350933e+02
1.333333333333333592e-02,1.400000000000000133e-01,6.841796055049398362e-01,6.910926847061183480e+02,4.773475967804527045e+02,-2.137450879256656719e+02,2.137450879256656719e+02
2.000000000000000389e-02,1.400000000000000133e-01,6.792205078416677644e-01,6.891421053945562107e+02,4.737770464628968057e+02,-2.153650589316594051e+02,2.153650589316594051e+02
2.666666666666667185e-02,1.400000000000000133e-01,6.741028173971377324e-01,6.869625828587255683e+02,4.700923093428351649e+02,-2.168702735158904034e+02,2.168702735158904034e+02
3.333333333333332593e-02,1.400000000000000133e-01,6.688264307550756405e-01,6.845508383795181544e+02,4.662933109605504569e+02,-2.182575274189676975e+02,2.182575274189676975e+02
4.000000000000000777e-02,1.400000000000000133e-01,6.633917030482754384e-01,6.819040673710890132e+02,4.623803070116542813e+02,-2.195237603594346751e+02,2.195237603594346751e+02
4.666666666666666186e-02,1.400000000000000133e-01,6.577994745878025240e-01,6.790199825377250136e+02,4.583539025201138202e+02,-2.206660800176111934e+02,2.206660800176111934e+02
5.333333333333334370e-02,1.400000000000000133e-01,6.520510956906346856e-01,6.758968561982359233e+02,4.542150697141529463e+02,-2.216817864840830055e+02,2.216817864840830055e+02
5.999999999999999778e-02,1.400000000000000133e-01,6.461484492839435489e-01,6.725335612466901694e+02,4.499651643013353350e+02,-2.225683969453547775e+02,2.225683969453547775e+02
6.666666666666667962e-02,1.400000000000000133e-01,6.400939708571247166e-01,6.689296101882521270e+02,4.456059398340257758e+02,-2.233236703542263797e+02,2.233236703542263797e+02
7.333333333333333370e-02,1.400000000000000133e-01,6.338906653330395047e-01,6.650851916663906422e+02,4.411395598566845138e+02,-2.239456318097061569e+02,2.239456318097061569e+02
8.000000000000001554e-02,1.400000000000000133e-01,6.275421204385763785e-01,6.610012038841998674e+02,4.365686075326709670e+02,-2.244325963515288436e+02,2.244325963515288436e+02
8.666666666666666963e-02,1.400000000000000133e-01,6.210525161722635357e-01,6.566792843193395584e+02,4.318960924609257290e+02,-2.247831918584138293e+02,2.247831918584138293e+02
9.333333333333335147e-02,1.400000000000000133e-01,6.144266299938124787e-01,6.521218351403239240e+02,4.271254544124409449e+02,-2.249963807278829506e+02,2.249963807278829506e+02
1.000000000000000056e-01,1.400000000000000133e-01,6.076698373974048772e-01,6.473320437525101170e+02,4.222605637430275465e+02,-2.250714800094826273e+02,2.250714800094826273e+02
1.066666666666666874e-01,1.400000000000000133e-01,6.007881075773058299e-01,6.423138979358591314e+02,4.173057182725561916e+02,-2.250081796633028830e+02,2.250081796633028830e+02
1.133333333333333415e-01,1.400000000000000133e-01,5.937879939507055838e-01,6.370721950837018994e+02,4.122656364614040285e+02,-2.248065586222979277e+02,2.248065586222979277e+02
1.199999999999999956e-01,1.400000000000000133e-01,5.866766193679703312e-01,6.316125451123189123e+02,4.071454467618345916e+02,-2.244670983504843491e+02,2.244670983504843491e+02
1.266666666666666774e-01,1.400000000000000133e-01,5.794616559138024980e-01,6.259413666846855904e+02,4.019506730748337304e+02,-2.239906936098517463e+02,2.239906936098517463e+02
1.333333333333333315e-01,1.400000000000000133e-01,5.721512992829129729e-01,6.200658764773785379e+02,3.966872163005933771e+02,-2.233786601767852176e+02,2.233786601767852176e+02
1.400000000000000133e-01,1.400000000000000133e-01,5.647542377991254803e-01,6.139940713160228825e+02,3.913613320322663753e+02,-2.226327392837564503e+02,2.226327392837564503e+02
1.466666666666666674e-01,1.400000000000000133e-01,5.572796162355195815e-01,6.077347031100246113e+02,3.859796045064700820e+02,-2.217550986035545009e+02,2.217550986035545009e+02
1.533333333333333492e-01,1.400000000000000133e-01,5.497369946832006971e-01,6.012972466295293543e+02,3.805489169888004426e+02,-2.207483296407288833e+02,2.207483296407288833e+02
1.600000000000000033e-01,1.400000000000000133e-01,5.421363028053001187e-01,5.946918602839951973e+02,3.750764188367120369e+02,-2.196154414472831320e+02,2.196154414472831320e+02
1.666666666666666574e-01,1.400000000000000133e-01,5.344877898985131992e-01,5.879293401797216347e+02,3.695694895438255116e+02,-2.183598506358961515e+02,2.183598506358961515e+02
1.733333333333333670e-01,1.400000000000000133e-01,5.268019712645271024e-01,5.810210678501105122e+02,3.640357001273555397e+02,-2.169853677227549724e+02,2.169853677227549724e+02
1.800000000000000211e-01,1.400000000000000133e-01,5.190895714657705051e-01,5.739789521642837826e+02,3.584827722722507701e+02,-2.154961798920329556e+02,2.154961798920329556e+02
1.866666666666666752e-01,1.400000000000000133e-01,5.113614651019253721e-01,5.668153660239017881e+02,3.529185356902822832e+02,-2.138968303336195049e+02,2.138968303336195049e+02
1.933333333333333293e-01,1.400000000000000133e-01,5.036286157937198693e-01,5.595430785517318100e+02,3.473508841883742662e+02,-2.121921943633575154e+02,2.121921943633575154e+02
2.000000000000000389e-01,1.400000000000000133e-01,4.959020140971147628e-01,5.521751835560396557e+02,3.417877309668185717e+02,-2.103874525892210272e+02,2.103874525892210272e+02
2.066666666666666929e-01,1.400000000000000133e-01,4.881926150929887243e-01,5.447250251199841387e+02,3.362369636838478755e+02,-2.084880614361363200e+02,2.084880614361363200e+02
2.133333333333333470e-01,1.400000000000000133e-01,4.805112764041236106e-01,5.372061212130570311e+02,3.307063998278650274e+02,-2.064997213851919184e+02,2.064997213851919184e+02
2.200000000000000011e-01,1.400000000000000133e-01,4.728686973824767215e-01,5.296320862509510334e+02,3.252037429322792832e+02,-2.044283433186717502e+02,2.044283433186717502e+02
2.266666666666666552e-01,1.400000000000000133e-01,4.652753601856837173e-01,5.220165535403771173e+02,3.197365401505882687e+02,-2.022800133897889054e+02,2.022800133897889054e+02
2.333333333333333648e-01,1.400000000000000133e-01,4.577414734232148064e-01,5.143730985361792136e+02,3.143121416816106830e+02,-2.000609568545686159e+02,2.000609568545686159e+02
2.400000000000000189e-01,1.400000000000000133e-01,4.502769190008013567e-01,5.067151638101505000e+02,3.089376624974729566e+02,-1.977775013126775150e+02,1.977775013126775150e+02
2.466666666666666730e-01,1.400000000000000133e-01,4.428912027282410624e-01,4.990559865853064707e+02,3.036199467812296007e+02,-1.954360398040768700e+02,1.954360398040768700e+02
2.533333333333332993e-01,1.400000000000000133e-01,4.355934091823892573e-01,4.914085296276363124e+02,2.983655354282162762e+02,-1.930429941994200362e+02,1.930429941994200362e+02
2.600000000000000089e-01,1.400000000000000133e-01,4.283921612361896170e-01,4.837854162115831400e+02,2.931806369069524862e+02,-1.906047793046306253e+02,1.906047793046306253e+02
2.666666666666667185e-01,1.400000000000000133e-01,4.212955845782976882e-01,4.761988697881037638e+02,2.880711017132703091e+02,-1.881277680748334262e+02,1.881277680748334262e+02
2.733333333333333171e-01,1.400000000000000133e-01,4.143112774585636093e-01,4.686606588877735931e+02,2.830424005870618203e+02,-1.856182583007117728e+02,1.856182583007117728e+02
2.800000000000000266e-01,1.400000000000000133e-01,4.074462858047099845e-01,4.611820476888404414e+02,2.780996065962872308e+02,-1.830824410925532675e+02,1.830824410925532675e+02
2.866666666666667362e-01,1.400000000000000133e-01,4.007070837671971031e-01,4.537737525742144271e+02,2.732473811292779260e+02,-1.805263714449364727e+02,1.805263714449364727e+02
2.933333333333333348e-01,1.400000000000000133e-01,3.940995596645575638e-01,4.464459048948577902e+02,2.684899637753774755e+02,-1.779559411194803431e+02,1.779559411194803431e+02
2.999999999999999889e-01,1.400000000000000133e-01,3.876290072222261518e-01,4.392080200525331293e+02,2.638311660168988624e+02,-1.753768540356342669e+02,1.753768540356342669e+02
-1.000000000000000056e-01,1.466666666666666674e-01,7.416167984904846744e-01,6.907613662890753403e+02,5.190059286356299708e+02,-1.717554376534454263e+02,1.717554376534454263e+02
-9.333333333333333759e-02,1.466666666666666674e-01,7.390330732509809986e-01,6.919383134640029311e+02,5.171456464631872905e+02,-1.747926670008156691e+02,1.747926670008156691e+02
-8.666666666666666963e-02,1.466666666666666674e-01,7.363350737247206235e-01,6.929764404538327653e+02,5.152030868042797920e+02,-1.777733536495529734e+02,1.777733536495529734e+02
-8.000000000000000167e-02,1.466666666666666674e-01,7.335191436130746867e-01,6.938700979780910529e+02,5.131756171238947672e+02,-1.806944808541962573e+02,1.806944808541962573e+02
-7.333333333333333370e-02,1.466666666666666674e-01,7.305816500928359325e-01,6.946135610088979320e+02,5.110606217893228518e+02,-1.835529392195750802e+02,1.835529392195750802e+02
-6.666666666666667962e-02,1.466666666666666674e-01,7.275190005999768728e-01,6.952010452183228608e+02,5.088555141544643448e+02,-1.863455310638585161e+02,1.863455310638585161e+02
-6.000000000000000472e-02,1.466666666666666674e-01,7.243276610523892156e-01,6.956267254497313388e+02,5.065577496802011979e+02,-1.890689757695300841e+02,1.890689757695300841e+02
-5.333333333333333676e-02,1.466666666666666674e-01,7.210041755198433044e-01,6.958847562880780515e+02,5.041648400967681596e+02,-1.917199161913099488e+02,1.917199161913099488e+02
-4.666666666666666879e-02,1.466666666666666674e-01,7.175451873333416053e-01,6.959692947892198163e+02,5.016743686024869362e+02,-1.942949261867329369e+02,1.942949261867329369e+02
-4.000000000000000083e-02,1.466666666666666674e-01,7.139474616076538771e-01,6.958745254102561830e+02,4.990840060799917524e+02,-1.967905193302645444e+02,1.967905193302645444e+02
-3.333333333333333981e-02,1.466666666666666674e-01,7.102079091301357616e-01,6.955946871615142300e+02,4.963915282961787625e+02,-1.992031588653354675e+02,1.992031588653354675e+02
-2.666666666666667185e-02,1.466666666666666674e-01,7.063236115459291531e-01,6.951241029758950845e+02,4.935948340355499795e+02,-2.015292689403451050e+02,2.015292689403451050e+02
-2.000000000000000389e-02,1.466666666666666674e-01,7.022918477444439755e-01,6.944572112628868581e+02,4.906919640984806392e+02,-2.037652471644061620e+02,2.037652471644061620e+02
-1.333333333333333592e-02,1.466666666666666674e-01,6.981101213247724591e-01,6.935885995825816508e+02,4.876811210763171971e+02,-2.059074785062644821e+02,2.059074785062644821e+02
-6.666666666666667962e-03,1.466666666666666674e-01,6.937761889886245870e-01,6.925130403396474321e+02,4.845606897942906812e+02,-2.079523505453568362e+02,2.079523505453568362e+02
0.000000000000000000e+00,1.466666666666666674e-01,6.892880896788431411e-01,6.912255283585980123e+02,4.813292582912480384e+02,-2.098962700673499455e+02,2.098962700673499455e+02
6.666666666666667962e-03,1.466666666666666674e-01,6.846441742499620453e-01,6.897213201601909986e+02,4.779856391824536672e+02,-2.117356809777373883e+02,2.117356809777373883e+02
1.333333333333333592e-02,1.466666666666666674e-01,6.798431354251543990e-01,6.879959747148600400e+02,4.745288912285921583e+02,-2.134670834862679669e+02,2.134670834862679669e+02
2.000000000000000389e-02,1.466666666666666674e-01,6.748840377618823272e-01,6.860453954032979027e+02,4.709583409110362595e+02,-2.150870544922617000e+02,2.150870544922617000e+02
2.666666666666667185e-02,1.466666666666666674e-01,6.697663473173522952e-01,6.838658728674672602e+02,4.672736037909746756e+02,-2.165922690764926983e+02,2.165922690764926983e+02
3.333333333333332593e-02,1.466666666666666674e-01,6.644899606752902033e-01,6.814541283882599600e+02,4.634746054086899107e+02,-2.179795229795699925e+02,2.179795229795699925e+02
4.000000000000000777e-02,1.466666666666666674e-01,6.590552329684900013e-01,6.788073573798308189e+02,4.595616014597937919e+02,-2.192457559200369701e+02,2.192457559200369701e+02
4.666666666666666186e-02,1.466666666666666674e-01,6.534630045080170868e-01,6.759232725464667055e+02,4.555351969682533309e+02,-2.203880755782134884e+02,2.203880755782134884e+02
5.333333333333334370e-02,1.466666666666666674e-01,6.477146256108492484e-01,6.728001462069776153e+02,4.513963641622924570e+02,-2.214037820446853004e+02,2.214037820446853004e+02
5.999999999999999778e-02,1.466666666666666674e-01,6.418119792041581118e-01,6.694368512554318613e+02,4.471464587494748457e+02,-2.222903925059570724e+02,2.222903925059570724e+02
6.666666666666667962e-02,1.466666666666666674e-01,6.357575007773392795e-01,6.658329001969939327e+02,4.427872342821652865e+02,-2.230456659148286747e+02,2.230456659148286747e+02
7.333333333333333370e-02,1.466666666666666674e-01,6.295541952532540675e-01,6.619884816751323342e+02,4.383208543048239676e+02,-2.236676273703084519e+02,2.236676273703084519e+02
8.000000000000001554e-02,1.466666666666666674e-01,6.232056503587909413e-01,6.579044938929415594e+02,4.337499019808104777e+02,-2.241545919121311385e+02,2.241545919121311385e+02
8.666666666666666963e-02,1.466666666666666674e-01,6.167160460924780985e-01,6.535825743280813640e+02,4.290773869090651829e+02,-2.245051874190161243e+02,2.245051874190161243e+02
9.333333333333335147e-02,1.466666666666666674e-01,6.100901599140270415e-01,6.490251251490656159e+02,4.243067488605804556e+02,-2.247183762884852456e+02,2.247183762884852456e+02
1.000000000000000056e-01,1.466666666666666674e-01,6.033333673176194401e-01,6.442353337612519226e+02,4.194418581911670003e+02,-2.247934755700849223e+02,2.247934755700849223e+02
1.066666666666666874e-01,1.466666666666666674e-01,5.964516374975203927e-01,6.392171879446008234e+02,4.144870127206956454e+02,-2.247301752239051780e+02,2.247301752239051780e+02
1.133333333333333415e-01,1.466666666666666674e-01,5.894515238709201466e-01,6.339754850924437051e+02,4.094469309095434824e+02,-2.245285541829002227e+02,2.245285541829002227e+02
1.199999999999999956e-01,1.466666666666666674e-01,5.823401492881848940e-01,6.285158351210607179e+02,4.043267412099741023e+02,-2.241890939110866441e+02,2.241890939110866441e+02
1.266666666666666774e-01,1.466666666666666674e-01,5.751251858340170608e-01,6.228446566934272823e+02,3.991319675229732411e+02,-2.237126891704540412e+02,2.237126891704540412e+02
1.333333333333333315e-01,1.466666666666666674e-01,5.678148292031275357e-01,6.169691664861202298e+02,3.938685107487328310e+02,-2.231006557373875125e+02,2.231006557373875125e+02
1.400000000000000133e-01,1.466666666666666674e-01,5.604177677193400431e-01,6.108973613247645744e+02,3.885426264804058292e+02,-2.223547348443587452e+02,2.223547348443587452e+02
1.466666666666666674e-01,1.466666666666666674e-01,5.529431461557341443e-01,6.046379931187664170e+02,3.831608989546095927e+02,-2.214770941641567958e+02,2.214770941641567958e+02
1.533333333333333492e-01,1.466666666666666674e-01,5.454005246034152599e-01,5.982005366382711600e+02,3.777302114369399533e+02,-2.204703252013311783e+02,2.204703252013311783e+02
1.600000000000000033e-01,1.466666666666666674e-01,5.377998327255146815e-01,5.915951502927368892e+02,3.722577132848515475e+02,-2.193374370078854270e+02,2.193374370078854270e+02
1.666666666666666574e-01,1.466666666666666674e-01,5.301513198187277620e-01,5.848326301884633267e+02,3.667507839919649655e+02,-2.180818461964984465e+02,2.180818461964984465e+02
1.733333333333333670e-01,1.466666666666666674e-01,5.224655011847416652e-01,5.779243578588523178e+02,3.612169945754950504e+02,-2.167073632833572674e+02,2.167073632833572674e+02
1.800000000000000211e-01,1.466666666666666674e-01,5.147531013859850679e-01,5.708822421730254746e+02,3.556640667203902240e+02,-2.152181754526352506e+02,2.152181754526352506e+02
1.866666666666666752e-01,1.466666666666666674e-01,5.070249950221399349e-01,5.637186560326435938e+02,3.500998301384217370e+02,-2.136188258942217999e+02,2.136188258942217999e+02
1.933333333333333293e-01,1.466666666666666674e-01,4.992921457139344321e-01,5.564463685604735019e+02,3.445321786365137768e+02,-2.119141899239598104e+02,2.119141899239598104e+02
2.000000000000000389e-01,1.466666666666666674e-01,4.915655440173293256e-01,5.490784735647814614e+02,3.389690254149580824e+02,-2.101094481498233222e+02,2.101094481498233222e+02
2.066666666666666929e-01,1.466666666666666674e-01,4.838561450132032871e-01,5.416283151287259443e+02,3.334182581319873862e+02,-2.082100569967386150e+02,2.082100569967386150e+02
2.133333333333333470e-01,1.466666666666666674e-01,4.761748063243381734e-01,5.341094112217987231e+02,3.278876942760044813e+02,-2.062217169457942134e+02,2.062217169457942134e+02
2.200000000000000011e-01,1.466666666666666674e-01,4.685322273026912843e-01,5.265353762596928391e+02,3.223850373804187370e+02,-2.041503388792740452e+02,2.041503388792740452e+02
2.266666666666666552e-01,1.466666666666666674e-01,4.609388901058982801e-01,5.189198435491189230e+02,3.169178345987277226e+02,-2.020020089503912004e+02,2.020020089503912004e+02
2.333333333333333648e-01,1.466666666666666674e-01,4.534050033434293692e-01,5.112763885449210193e+02,3.114934361297501368e+02,-1.997829524151709109e+02,1.997829524151709109e+02
2.400000000000000189e-01,1.466666666666666674e-01,4.459404489210159195e-01,5.036184538188922488e+02,3.061189569456124673e+02,-1.974994968732798100e+02,1.974994968732798100e+02
2.466666666666666730e-01,1.466666666666666674e-01,4.385547326484556252e-01,4.959592765940482195e+02,3.008012412293690545e+02,-1.951580353646791650e+02,1.951580353646791650e+02
2.533333333333332993e-01,1.466666666666666674e-01,4.312569391026038201e-01,4.883118196363780612e+02,2.955468298763557868e+02,-1.927649897600223312e+02,1.927649897600223312e+02
2.600000000000000089e-01,1.466666666666666674e-01,4.240556911564041798e-01,4.806887062203248888e+02,2.903619313550919969e+02,-1.903267748652329203e+02,1.903267748652329203e+02
2.666666666666667185e-01,1.466666666666666674e-01,4.169591144985122511e-01,4.731021597968455126e+02,2.852523961614098198e+02,-1.878497636354357212e+02,1.878497636354357212e+02
2.733333333333333171e-01,1.466666666666666674e-01,4.099748073787781721e-01,4.655639488965152850e+02,2.802236950352012741e+02,-1.853402538613140678e+02,1.853402538613140678e+02
2.800000000000000266e-01,1.466666666666666674e-01,4.031098157249245473e-01,4.580853376975821902e+02,2.752809010444266846e+02,-1.828044366531555625e+02,1.828044366531555625e+02
2.866666666666667362e-01,1.466666666666666674e-01,3.963706136874116659e-01,4.506770425829561191e+02,2.704286755774173798e+02,-1.802483670055387677e+02,1.802483670055387677e+02
2.933333333333333348e-01,1.466666666666666674e-01,3.897630895847721266e-01,4.433491949035995390e+02,2.656712582235169293e+02,-1.776779366800826381e+02,1.776779366800826381e+02
2.999999999999999889e-01,1.466666666666666674e-01,3.832925371424407146e-01,4.361113100612748781e+02,2.610124604650383162e+02,-1.750988495962365619e+02,1.750988495962365619e+02
-1.000000000000000056e-01,1.533333333333333492e-01,7.372771798304006419e-01,6.876105794497832449e+02,5.161851765065753170e+02,-1.714254029432079278e+02,1.714254029432079278e+02
-9.333333333333333759e-02,1.533333333333333492e-01,7.346934545908969660e-01,6.887875266247108357e+02,5.143248943341326367e+02,-1.744626322905781990e+02,1.744626322905781990e+02
-8.666666666666666963e-02,1.533333333333333492e-01,7.319954550646365909e-01,6.898256536145406699e+02,5.123823346752252519e+02,-1.774433189393154748e+02,1.774433189393154748e+02
-8.000000000000000167e-02,1.533333333333333492e-01,7.291795249529906542e-01,6.907193111387989575e+02,5.103548649948401135e+02,-1.803644461439587872e+02,1.803644461439587872e+02
-7.333333333333333370e-02,1.533333333333333492e-01,7.262420314327519000e-01,6.914627741696058365e+02,5.082398696602682548e+02,-1.832229045093376385e+02,1.832229045093376385e+02
-6.666666666666667962e-02,1.533333333333333492e-01,7.231793819398928402e-01,6.920502583790307654e+02,5.060347620254096910e+02,-1.860154963536210460e+02,1.860154963536210460e+02
-6.000000000000000472e-02,1.533333333333333492e-01,7.199880423923051831e-01,6.924759386104392433e+02,5.037369975511466009e+02,-1.887389410592925856e+02,1.887389410592925856e+02
-5.333333333333333676e-02,1.533333333333333492e-01,7.166645568597592719e-01,6.927339694487860697e+02,5.013440879677135626e+02,-1.913898814810725071e+02,1.913898814810725071e+02
-4.666666666666666879e-02,1.533333333333333492e-01,7.132055686732575728e-01,6.928185079499277208e+02,4.988536164734323393e+02,-1.939648914764954384e+02,1.939648914764954384e+02
-4.000000000000000083e-02,1.533333333333333492e-01,7.096078429475698446e-01,6.927237385709642012e+02,4.962632539509371554e+02,-1.964604846200270458e+02,1.964604846200270458e+02
-3.333333333333333981e-02,1.533333333333333492e-01,7.058682904700517291e-01,6.924439003222221345e+02,4.935707761671241087e+02,-1.988731241550979689e+02,1.988731241550979689e+02
-2.666666666666667185e-02,1.533333333333333492e-01,7.019839928858451206e-01,6.919733161366029890e+02,4.907740819064953257e+02,-2.011992342301076064e+02,2.011992342301076064e+02
-2.000000000000000389e-02,1.533333333333333492e-01,6.979522290843599430e-01,6.913064244235947626e+02,4.878712119694259854e+02,-2.034352124541687203e+02,2.034352124541687203e+02
-1.333333333333333592e-02,1.533333333333333492e-01,6.937705026646885376e-01,6.904378127432895553e+02,4.848603689472626002e+02,-2.055774437960270120e+02,2.055774437960270120e+02
-6.666666666666667962e-03,1.533333333333333492e-01,6.894365703285405544e-01,6.893622535003554503e+02,4.817399376652360843e+02,-2.076223158351193661e+02,2.076223158351193661e+02
0.000000000000000000e+00,1.533333333333333492e-01,6.849484710187591086e-01,6.880747415193059169e+02,4.785085061621933846e+02,-2.095662353571124754e+02,2.095662353571124754e+02
6.666666666666667962e-03,1.533333333333333492e-01,6.803045555898781238e-01,6.865705333208989032e+02,4.751648870533990703e+02,-2.114056462674999182e+02,2.114056462674999182e+02
1.333333333333333592e-02,1.533333333333333492e-01,6.755035167650704775e-01,6.848451878755680582e+02,4.717081390995375614e+02,-2.131370487760304968e+02,2.131370487760304968e+02
2.000000000000000389e-02,1.533333333333333492e-01,6.705444191017982947e-01,6.828946085640058072e+02,4.681375887819816626e+02,-2.147570197820242299e+02,2.147570197820242299e+02
2.666666666666667185e-02,1.533333333333333492e-01,6.654267286572683737e-01,6.807150860281752784e+02,4.644528516619200218e+02,-2.162622343662552282e+02,2.162622343662552282e+02
3.333333333333332593e-02,1.533333333333333492e-01,6.601503420152061707e-01,6.783033415489678646e+02,4.606538532796353138e+02,-2.176494882693325223e+02,2.176494882693325223e+02
4.000000000000000777e-02,1.533333333333333492e-01,6.547156143084060798e-01,6.756565705405387234e+02,4.567408493307391382e+02,-2.189157212097995000e+02,2.189157212097995000e+02
4.666666666666666186e-02,1.533333333333333492e-01,6.491233858479330543e-01,6.727724857071747238e+02,4.527144448391986771e+02,-2.200580408679760183e+02,2.200580408679760183e+02
5.333333333333334370e-02,1.533333333333333492e-01,6.433750069507652158e-01,6.696493593676856335e+02,4.485756120332378032e+02,-2.210737473344478303e+02,2.210737473344478303e+02
5.999999999999999778e-02,1.533333333333333492e-01,6.374723605440741903e-01,6.662860644161397659e+02,4.443257066204201919e+02,-2.219603577957196023e+02,2.219603577957196023e+02
6.666666666666667962e-02,1.533333333333333492e-01,6.314178821172553580e-01,6.626821133577018372e+02,4.399664821531106327e+02,-2.227156312045912046e+02,2.227156312045912046e+02
7.333333333333333370e-02,1.533333333333333492e-01,6.252145765931700350e-01,6.588376948358403524e+02,4.355001021757693707e+02,-2.233375926600709818e+02,2.233375926600709818e+02
8.000000000000001554e-02,1.533333333333333492e-01,6.188660316987069088e-01,6.547537070536494639e+02,4.309291498517558239e+02,-2.238245572018936684e+02,2.238245572018936684e+02
8.666666666666666963e-02,1.533333333333333492e-01,6.123764274323940660e-01,6.504317874887892685e+02,4.262566347800105859e+02,-2.241751527087786542e+02,2.241751527087786542e+02
9.333333333333335147e-02,1.533333333333333492e-01,6.057505412539430090e-01,6.458743383097736341e+02,4.214859967315258018e+02,-2.243883415782477755e+02,2.243883415782477755e+02
1.000000000000000056e-01,1.533333333333333492e-01,5.989937486575354075e-01,6.410845469219598272e+02,4.166211060621124034e+02,-2.244634408598474522e+02,2.244634408598474522e+02
1.066666666666666874e-01,1.533333333333333492e-01,5.921120188374363602e-01,6.360664011053087279e+02,4.116662605916410484e+02,-2.244001405136677079e+02,2.244001405136677079e+02
1.133333333333333415e-01,1.533333333333333492e-01,5.851119052108361140e-01,6.308246982531516096e+02,4.066261787804888854e+02,-2.241985194726627526e+02,2.241985194726627526e+02
1.199999999999999956e-01,1.533333333333333492e-01,5.780005306281008615e-01,6.253650482817686225e+02,4.015059890809194485e+02,-2.238590592008491740e+02,2.238590592008491740e+02
1.266666666666666774e-01,1.533333333333333492e-01,5.707855671739330283e-01,6.196938698541351869e+02,3.963112153939185873e+02,-2.233826544602165711e+02,2.233826544602165711e+02
1.333333333333333315e-01,1.533333333333333492e-01,5.634752105430436142e-01,6.138183796468282480e+02,3.910477586196782340e+02,-2.227706210271500424e+02,2.227706210271500424e+02
1.400000000000000133e-01,1.533333333333333492e-01,5.560781490592561216e-01,6.077465744854724790e+02,3.857218743513512322e+02,-2.220247001341212751e+02,2.220247001341212751e+02
1.466666666666666674e-01,1.533333333333333492e-01,5.486035274956501118e-01,6.014872062794743215e+02,3.803401468255549389e+02,-2.211470594539193257e+02,2.211470594539193257e+02
1.533333333333333492e-01,1.533333333333333492e-01,5.410609059433312273e-01,5.950497497989790645e+02,3.749094593078852995e+02,-2.201402904910937082e+02,2.201402904910937082e+02
1.600000000000000033e-01,1.533333333333333492e-01,5.334602140654306490e-01,5.884443634534449075e+02,3.694369611557968938e+02,-2.190074022976479569e+02,2.190074022976479569e+02
1.666666666666666574e-01,1.533333333333333492e-01,5.258117011586437295e-01,5.816818433491713449e+02,3.639300318629103685e+02,-2.177518114862609764e+02,2.177518114862609764e+02
1.733333333333333670e-01,1.533333333333333492e-01,5.181258825246577437e-01,5.747735710195602223e+02,3.583962424464403966e+02,-2.163773285731197973e+02,2.163773285731197973e+02
1.800000000000000211e-01,1.533333333333333492e-01,5.104134827259010354e-01,5.677314553337333791e+02,3.528433145913356270e+02,-2.148881407423977805e+02,2.148881407423977805e+02
1.866666666666666752e-01,1.533333333333333492e-01,5.026853763620559024e-01,5.605678691933514983e+02,3.472790780093671401e+02,-2.132887911839843298e+02,2.132887911839843298e+02
1.933333333333333293e-01,1.533333333333333492e-01,4.949525270538503996e-01,5.532955817211815202e+02,3.417114265074591231e+02,-2.115841552137223402e+02,2.115841552137223402e+02
2.000000000000000389e-01,1.533333333333333492e-01,4.872259253572452931e-01,5.459276867254893659e+02,3.361482732859034286e+02,-2.097794134395858521e+02,2.097794134395858521e+02
2.066666666666666929e-01,1.533333333333333492e-01,4.795165263531193101e-01,5.384775282894338488e+02,3.305975060029327324e+02,-2.078800222865011449e+02,2.078800222865011449e+02
2.133333333333333470e-01,1.533333333333333492e-01,4.718351876642541964e-01,5.309586243825066276e+02,3.250669421469498843e+02,-2.058916822355567433e+02,2.058916822355567433e+02
2.200000000000000011e-01,1.533333333333333492e-01,4.641926086426073073e-01,5.233845894204007436e+02,3.195642852513641401e+02,-2.038203041690365751e+02,2.038203041690365751e+02
2.266666666666666552e-01,1.533333333333333492e-01,4.565992714458142476e-01,5.157690567098268275e+02,3.140970824696731256e+02,-2.016719742401537019e+02,2.016719742401537019e+02
2.333333333333333648e-01,1.533333333333333492e-01,4.490653846833453366e-01,5.081256017056289238e+02,3.086726840006955399e+02,-1.994529177049334407e+02,1.994529177049334407e+02
2.400000000000000189e-01,1.533333333333333492e-01,4.416008302609318870e-01,5.004676669796001534e+02,3.032982048165578135e+02,-1.971694621630423399e+02,1.971694621630423399e+02
2.466666666666666730e-01,1.533333333333333492e-01,4.342151139883716482e-01,4.928084897547561241e+02,2.979804891003144576e+02,-1.948280006544416949e+02,1.948280006544416949e+02
2.533333333333332993e-01,1.533333333333333492e-01,4.269173204425198431e-01,4.851610327970860226e+02,2.927260777473011331e+02,-1.924349550497848895e+02,1.924349550497848895e+02
2.600000000000000089e-01,1.533333333333333492e-01,4.197160724963201472e-01,4.775379193810327934e+02,2.875411792260373431e+02,-1.899967401549954502e+02,1.899967401549954502e+02
2.666666666666667185e-01,1.533333333333333492e-01,4.126194958384282740e-01,4.699513729575534171e+02,2.824316440323551660e+02,-1.875197289251982511e+02,1.875197289251982511e+02
2.733333333333333171e-01,1.533333333333333492e-01,4.056351887186941951e-01,4.624131620572232464e+02,2.774029429061466772e+02,-1.850102191510765692e+02,1.850102191510765692e+02
2.800000000000000266e-01,1.533333333333333492e-01,3.987701970648405148e-01,4.549345508582900948e+02,2.724601489153720877e+02,-1.824744019429180639e+02,1.824744019429180639e+02
2.866666666666667362e-01,1.533333333333333492e-01,3.920309950273276334e-01,4.475262557436640805e+02,2.676079234483627829e+02,-1.799183322953012976e+02,1.799183322953012976e+02
2.933333333333333348e-01,1.533333333333333492e-01,3.854234709246881496e-01,4.401984080643075004e+02,2.628505060944623324e+02,-1.773479019698451680e+02,1.773479019698451680e+02
2.999999999999999889e-01,1.533333333333333492e-01,3.789529184823567376e-01,4.329605232219828395e+02,2.581917083359837193e+02,-1.747688148859991202e+02,1.747688148859991202e+02
-1.000000000000000056e-01,1.600000000000000033e-01,7.329381175570631735e-01,6.844094423778037708e+02,5.133647860289059963e+02,-1.710446563488978313e+02,1.710446563488978313e+02
-9.333333333333333759e-02,1.600000000000000033e-01,7.303543923175594976e-01,6.855863895527313616e+02,5.115045038564633160e+02,-1.740818856962680741e+02,1.740818856962680741e+02
-8.666666666666666963e-02,1.600000000000000033e-01,7.276563927912991225e-01,6.866245165425611958e+02,5.095619441975559312e+02,-1.770625723450053783e+02,1.770625723450053783e+02
-8.000000000000000167e-02,1.600000000000000033e-01,7.248404626796531858e-01,6.875181740668194834e+02,5.075344745171707928e+02,-1.799836995496486622e+02,1.799836995496486622e+02
-7.333333333333333370e-02,1.600000000000000033e-01,7.219029691594144316e-01,6.882616370976263624e+02,5.054194791825989341e+02,-1.828421579150274852e+02,1.828421579150274852e+02
-6.666666666666667962e-02,1.600000000000000033e-01,7.188403196665553718e-01,6.888491213070512913e+02,5.032143715477403703e+02,-1.856347497593109210e+02,1.856347497593109210e+02
-6.000000000000000472e-02,1.600000000000000033e-01,7.156489801189677147e-01,6.892748015384597693e+02,5.009166070734772802e+02,-1.883581944649824891e+02,1.883581944649824891e+02
-5.333333333333333676e-02,1.600000000000000033e-01,7.123254945864218035e-01,6.895328323768065957e+02,4.985236974900442419e+02,-1.910091348867623537e+02,1.910091348867623537e+02
-4.666666666666666879e-02,1.600000000000000033e-01,7.088665063999201044e-01,6.896173708779483604e+02,4.960332259957630185e+02,-1.935841448821853419e+02,1.935841448821853419e+02
-4.000000000000000083e-02,1.600000000000000033e-01,7.052687806742323762e-01,6.895226014989847272e+02,4.934428634732678347e+02,-1.960797380257169493e+02,1.960797380257169493e+02
-3.333333333333333981e-02,1.600000000000000033e-01,7.015292281967143717e-01,6.892427632502426604e+02,4.907503856894547880e+02,-1.984923775607878724e+02,1.984923775607878724e+02
-2.666666666666667185e-02,1.600000000000000033e-01,6.976449306125076522e-01,6.887721790646235149e+02,4.879536914288260050e+02,-2.008184876357975099e+02,2.008184876357975099e+02
-2.000000000000000389e-02,1.600000000000000033e-01,6.936131668110224746e-01,6.881052873516152886e+02,4.850508214917566647e+02,-2.030544658598585670e+02,2.030544658598585670e+02
-1.333333333333333592e-02,1.600000000000000033e-01,6.894314403913510692e-01,6.872366756713101950e+02,4.820399784695932794e+02,-2.051966972017168871e+02,2.051966972017168871e+02
-6.666666666666667962e-03,1.600000000000000033e-01,6.850975080552030860e-01,6.861611164283759763e+02,4.789195471875667636e+02,-2.072415692408092411e+02,2.072415692408092411e+02
0.000000000000000000e+00,1.600000000000000033e-01,6.806094087454216401e-01,6.848736044473264428e+02,4.756881156845240639e+02,-2.091854887628023505e+02,2.091854887628023505e+02
6.666666666666667962e-03,1.600000000000000033e-01,6.759654933165406554e-01,6.833693962489194291e+02,4.723444965757297496e+02,-2.110248996731897932e+02,2.110248996731897932e+02
1.333333333333333592e-02,1.600000000000000033e-01,6.711644544917330091e-01,6.816440508035885841e+02,4.688877486218682407e+02,-2.127563021817203719e+02,2.127563021817203719e+02
2.000000000000000389e-02,1.600000000000000033e-01,6.662053568284608263e-01,6.796934714920264469e+02,4.653171983043123419e+02,-2.143762731877141050e+02,2.143762731877141050e+02
2.666666666666667185e-02,1.600000000000000033e-01,6.610876663839309053e-01,6.775139489561958044e+02,4.616324611842507011e+02,-2.158814877719451033e+02,2.158814877719451033e+02
3.333333333333332593e-02,1.600000000000000033e-01,6.558112797418687023e-01,6.751022044769883905e+02,4.578334628019659931e+02,-2.172687416750223974e+02,2.172687416750223974e+02
4.000000000000000777e-02,1.600000000000000033e-01,6.503765520350686113e-01,6.724554334685592494e+02,4.539204588530698175e+02,-2.185349746154893751e+02,2.185349746154893751e+02
4.666666666666666186e-02,1.600000000000000033e-01,6.447843235745956969e-01,6.695713486351952497e+02,4.498940543615293564e+02,-2.196772942736658933e+02,2.196772942736658933e+02
5.333333333333334370e-02,1.600000000000000033e-01,6.390359446774277474e-01,6.664482222957061595e+02,4.457552215555684825e+02,-2.206930007401377054e+02,2.206930007401377054e+02
5.999999999999999778e-02,1.600000000000000033e-01,6.331332982707367218e-01,6.630849273441604055e+02,4.415053161427508712e+02,-2.215796112014094774e+02,2.215796112014094774e+02
6.666666666666667962e-02,1.600000000000000033e-01,6.270788198439178895e-01,6.594809762857223632e+02,4.371460916754413120e+02,-2.223348846102810796e+02,2.223348846102810796e+02
7.333333333333333370e-02,1.600000000000000033e-01,6.208755143198326776e-01,6.556365577638608784e+02,4.326797116981000499e+02,-2.229568460657608568e+02,2.229568460657608568e+02
8.000000000000001554e-02,1.600000000000000033e-01,6.145269694253694404e-01,6.515525699816701035e+02,4.281087593740865032e+02,-2.234438106075835435e+02,2.234438106075835435e+02
8.666666666666666963e-02,1.600000000000000033e-01,6.080373651590565975e-01,6.472306504168097945e+02,4.234362443023412652e+02,-2.237944061144685293e+02,2.237944061144685293e+02
9.333333333333335147e-02,1.600000000000000033e-01,6.014114789806055406e-01,6.426732012377941601e+02,4.186656062538564811e+02,-2.240075949839376506e+02,2.240075949839376506e+02
1.000000000000000056e-01,1.600000000000000033e-01,5.946546863841979391e-01,6.378834098499803531e+02,4.138007155844430827e+02,-2.240826942655373273e+02,2.240826942655373273e+02
1.066666666666666874e-01,1.600000000000000033e-01,5.877729565640988918e-01,6.328652640333293675e+02,4.088458701139717277e+02,-2.240193939193575829e+02,2.240193939193575829e+02
1.133333333333333415e-01,1.600000000000000033e-01,5.807728429374986456e-01,6.276235611811721355e+02,4.038057883028195647e+02,-2.238177728783526277e+02,2.238177728783526277e+02
1.199999999999999956e-01,1.600000000000000033e-01,5.736614683547633931e-01,6.221639112097891484e+02,3.986855986032501278e+02,-2.234783126065390491e+02,2.234783126065390491e+02
1.266666666666666774e-01,1.600000000000000033e-01,5.664465049005955599e-01,6.164927327821558265e+02,3.934908249162492666e+02,-2.230019078659064462e+02,2.230019078659064462e+02
1.333333333333333315e-01,1.600000000000000033e-01,5.591361482697061458e-01,6.106172425748487740e+02,3.882273681420089133e+02,-2.223898744328399175e+02,2.223898744328399175e+02
1.400000000000000133e-01,1.600000000000000033e-01,5.517390867859186532e-01,6.045454374134931186e+02,3.829014838736819115e+02,-2.216439535398111502e+02,2.216439535398111502e+02
1.466666666666666674e-01,1.600000000000000033e-01,5.442644652223126434e-01,5.982860692074948474e+02,3.775197563478856182e+02,-2.207663128596092008e+02,2.207663128596092008e+02
1.533333333333333492e-01,1.600000000000000033e-01,5.367218436699937589e-01,5.918486127269995904e+02,3.720890688302159788e+02,-2.197595438967835832e+02,2.197595438967835832e+02
1.600000000000000033e-01,1.600000000000000033e-01,5.291211517920931806e-01,5.852432263814654334e+02,3.666165706781275730e+02,-2.186266557033378319e+02,2.186266557033378319e+02
1.666666666666666574e-01,1.600000000000000033e-01,5.214726388853062611e-01,5.784807062771918709e+02,3.611096413852410478e+02,-2.173710648919508515e+02,2.173710648919508515e+02
1.733333333333333670e-01,1.600000000000000033e-01,5.137868202513202753e-01,5.715724339475807483e+02,3.555758519687710759e+02,-2.159965819788096724e+02,2.159965819788096724e+02
1.800000000000000211e-01,1.600000000000000033e-01,5.060744204525636780e-01,5.645303182617540187e+02,3.500229241136663063e+02,-2.145073941480876556e+02,2.145073941480876556e+02
1.866666666666666752e-01,1.600000000000000033e-01,4.983463140887184339e-01,5.573667321213720243e+02,3.444586875316978194e+02,-2.129080445896742049e+02,2.129080445896742049e+02
1.933333333333333293e-01,1.600000000000000033e-01,4.906134647805129312e-01,5.500944446492020461e+02,3.388910360297898023e+02,-2.112034086194122153e+02,2.112034086194122153e+02
2.000000000000000389e-01,1.600000000000000033e-01,4.828868630839078246e-01,5.427265496535098919e+02,3.333278828082341079e+02,-2.093986668452757272e+02,2.093986668452757272e+02
2.066666666666666929e-01,1.600000000000000033e-01,4.751774640797818972e-01,5.352763912174543748e+02,3.277771155252634117e+02,-2.074992756921910200e+02,2.074992756921910200e+02
2.133333333333333470e-01,1.600000000000000033e-01,4.674961253909167835e-01,5.277574873105272673e+02,3.222465516692805636e+02,-2.055109356412466184e+02,2.055109356412466184e+02
2.200000000000000011e-01,1.600000000000000033e-01,4.598535463692698944e-01,5.201834523484212696e+02,3.167438947736948194e+02,-2.034395575747264502e+02,2.034395575747264502e+02
2.266666666666666552e-01,1.600000000000000033e-01,4.522602091724768347e-01,5.125679196378473534e+02,3.112766919920038049e+02,-2.012912276458436054e+02,2.012912276458436054e+02
2.333333333333333648e-01,1.600000000000000033e-01,4.447263224100078682e-01,5.049244646336495066e+02,3.058522935230262192e+02,-1.990721711106233158e+02,1.990721711106233158e+02
2.400000000000000189e-01,1.600000000000000033e-01,4.372617679875944741e-01,4.972665299076207361e+02,3.004778143388884928e+02,-1.967887155687322149e+02,1.967887155687322149e+02
2.466666666666666730e-01,1.600000000000000033e-01,4.298760517150341798e-01,4.896073526827767068e+02,2.951600986226451369e+02,-1.944472540601315700e+02,1.944472540601315700e+02
2.533333333333332993e-01,1.600000000000000033e-01,4.225782581691823747e-01,4.819598957251065485e+02,2.899056872696318123e+02,-1.920542084554747362e+02,1.920542084554747362e+02
2.600000000000000089e-01,1.600000000000000033e-01,4.153770102229826788e-01,4.743367823090533761e+02,2.847207887483680224e+02,-1.896159935606853253e+02,1.896159935606853253e+02
2.666666666666667185e-01,1.600000000000000033e-01,4.082804335650908056e-01,4.667502358855739999e+02,2.796112535546858453e+02,-1.871389823308881262e+02,1.871389823308881262e+02
2.733333333333333171e-01,1.600000000000000033e-01,4.012961264453567267e-01,4.592120249852438292e+02,2.745825524284773564e+02,-1.846294725567664727e+02,1.846294725567664727e+02
2.800000000000000266e-01,1.600000000000000033e-01,3.944311347915031019e-01,4.517334137863106776e+02,2.696397584377027670e+02,-1.820936553486079674e+02,1.820936553486079674e+02
2.866666666666667362e-01,1.600000000000000033e-01,3.876919327539902205e-01,4.443251186716846632e+02,2.647875329706934622e+02,-1.795375857009911726e+02,1.795375857009911726e+02
2.933333333333333348e-01,1.600000000000000033e-01,3.810844086513507367e-01,4.369972709923280263e+02,2.600301156167930117e+02,-1.769671553755350430e+02,1.769671553755350430e+02
2.999999999999999889e-01,1.600000000000000033e-01,3.746138562090193247e-01,4.297593861500033654e+02,2.553713178583143986e+02,-1.743880682916889668e+02,1.743880682916889668e+02
-1.000000000000000056e-01,1.666666666666666574e-01,7.286033147381910657e-01,6.811617666817348891e+02,5.105471641966391871e+02,-1.706146024850958156e+02,1.706146024850958156e+02
-9.333333333333333759e-02,1.666666666666666574e-01,7.260195894986873899e-01,6.823387138566624799e+02,5.086868820241965068e+02,-1.736518318324660868e+02,1.736518318324660868e+02
-8.666666666666666963e-02,1.666666666666666574e-01,7.233215899724270148e-01,6.833768408464923141e+02,5.067443223652890083e+02,-1.766325184812033626e+02,1.766325184812033626e+02
-8.000000000000000167e-02,1.666666666666666574e-01,7.205056598607810781e-01,6.842704983707506017e+02,5.047168526849039836e+02,-1.795536456858466750e+02,1.795536456858466750e+02
-7.333333333333333370e-02,1.666666666666666574e-01,7.175681663405423238e-01,6.850139614015574807e+02,5.026018573503320113e+02,-1.824121040512254979e+02,1.824121040512254979e+02
-6.666666666666667962e-02,1.666666666666666574e-01,7.145055168476832641e-01,6.856014456109824096e+02,5.003967497154735611e+02,-1.852046958955089053e+02,1.852046958955089053e+02
-6.000000000000000472e-02,1.666666666666666574e-01,7.113141773000956070e-01,6.860271258423908876e+02,4.980989852412103573e+02,-1.879281406011804734e+02,1.879281406011804734e+02
-5.333333333333333676e-02,1.666666666666666574e-01,7.079906917675496958e-01,6.862851566807377139e+02,4.957060756577773191e+02,-1.905790810229603665e+02,1.905790810229603665e+02
-4.666666666666666879e-02,1.666666666666666574e-01,7.045317035810479966e-01,6.863696951818794787e+02,4.932156041634960957e+02,-1.931540910183833262e+02,1.931540910183833262e+02
-4.000000000000000083e-02,1.666666666666666574e-01,7.009339778553602684e-01,6.862749258029158455e+02,4.906252416410009118e+02,-1.956496841619149336e+02,1.956496841619149336e+02
-3.333333333333333981e-02,1.666666666666666574e-01,6.971944253778422640e-01,6.859950875541737787e+02,4.879327638571879788e+02,-1.980623236969858567e+02,1.980623236969858567e+02
-2.666666666666667185e-02,1.666666666666666574e-01,6.933101277936355444e-01,6.855245033685546332e+02,4.851360695965591958e+02,-2.003884337719954942e+02,2.003884337719954942e+02
-2.000000000000000389e-02,1.666666666666666574e-01,6.892783639921503669e-01,6.848576116555464068e+02,4.822331996594898555e+02,-2.026244119960565797e+02,2.026244119960565797e+02
-1.333333333333333592e-02,1.666666666666666574e-01,6.850966375724789614e-01,6.839889999752413132e+02,4.792223566373263566e+02,-2.047666433379148998e+02,2.047666433379148998e+02
-6.666666666666667962e-03,1.666666666666666574e-01,6.807627052363309783e-01,6.829134407323070945e+02,4.761019253552998407e+02,-2.068115153770072538e+02,2.068115153770072538e+02
0.000000000000000000e+00,1.666666666666666574e-01,6.762746059265495324e-01,6.816259287512575611e+02,4.728704938522572547e+02,-2.087554348990003632e+02,2.087554348990003632e+02
6.666666666666667962e-03,1.666666666666666574e-01,6.716306904976685477e-01,6.801217205528505474e+02,4.695268747434628267e+02,-2.105948458093877775e+02,2.105948458093877775e+02
1.333333333333333592e-02,1.666666666666666574e-01,6.668296516728609014e-01,6.783963751075197024e+02,4.660701267896013178e+02,-2.123262483179183846e+02,2.123262483179183846e+02
2.000000000000000389e-02,1.666666666666666574e-01,6.618705540095887185e-01,6.764457957959575651e+02,4.624995764720454190e+02,-2.139462193239120893e+02,2.139462193239120893e+02
2.666666666666667185e-02,1.666666666666666574e-01,6.567528635650587976e-01,6.742662732601269227e+02,4.588148393519838919e+02,-2.154514339081430876e+02,2.154514339081430876e+02
3.333333333333332593e-02,1.666666666666666574e-01,6.514764769229965946e-01,6.718545287809195088e+02,4.550158409696990702e+02,-2.168386878112203817e+02,2.168386878112203817e+02
4.000000000000000777e-02,1.666666666666666574e-01,6.460417492161965036e-01,6.692077577724903676e+02,4.511028370208030083e+02,-2.181049207516873594e+02,2.181049207516873594e+02
4.666666666666666186e-02,1.666666666666666574e-01,6.404495207557235892e-01,6.663236729391263680e+02,4.470764325292625472e+02,-2.192472404098638776e+02,2.192472404098638776e+02
5.333333333333334370e-02,1.666666666666666574e-01,6.347011418585556397e-01,6.632005465996372777e+02,4.429375997233016733e+02,-2.202629468763357181e+02,2.202629468763357181e+02
5.999999999999999778e-02,1.666666666666666574e-01,6.287984954518646141e-01,6.598372516480915237e+02,4.386876943104840620e+02,-2.211495573376074617e+02,2.211495573376074617e+02
6.666666666666667962e-02,1.666666666666666574e-01,6.227440170250457818e-01,6.562333005896534814e+02,4.343284698431745028e+02,-2.219048307464790923e+02,2.219048307464790923e+02
7.333333333333333370e-02,1.666666666666666574e-01,6.165407115009605699e-01,6.523888820677919966e+02,4.298620898658331271e+02,-2.225267922019588696e+02,2.225267922019588696e+02
8.000000000000001554e-02,1.666666666666666574e-01,6.101921666064973326e-01,6.483048942856012218e+02,4.252911375418196940e+02,-2.230137567437815278e+02,2.230137567437815278e+02
8.666666666666666963e-02,1.666666666666666574e-01,6.037025623401844898e-01,6.439829747207409127e+02,4.206186224700743423e+02,-2.233643522506665136e+02,2.233643522506665136e+02
9.333333333333335147e-02,1.666666666666666574e-01,5.970766761617334328e-01,6.394255255417252783e+02,4.158479844215896719e+02,-2.235775411201356633e+02,2.235775411201356633e+02
1.000000000000000056e-01,1.666666666666666574e-01,5.903198835653258314e-01,6.346357341539114714e+02,4.109830937521761598e+02,-2.236526404017353116e+02,2.236526404017353116e+02
1.066666666666666874e-01,1.666666666666666574e-01,5.834381537452267841e-01,6.296175883372604858e+02,4.060282482817048049e+02,-2.235893400555555672e+02,2.235893400555555672e+02
1.133333333333333415e-01,1.666666666666666574e-01,5.764380401186265379e-01,6.243758854851032538e+02,4.009881664705526418e+02,-2.233877190145506120e+02,2.233877190145506120e+02
1.199999999999999956e-01,1.666666666666666574e-01,5.693266655358912853e-01,6.189162355137202667e+02,3.958679767709833186e+02,-2.230482587427370618e+02,2.230482587427370618e+02
1.266666666666666774e-01,1.666666666666666574e-01,5.621117020817234522e-01,6.132450570860869448e+02,3.906732030839824574e+02,-2.225718540021044305e+02,2.225718540021044305e+02
1.333333333333333315e-01,1.666666666666666574e-01,5.548013454508340381e-01,6.073695668787798922e+02,3.854097463097419904e+02,-2.219598205690379018e+02,2.219598205690379018e+02
1.400000000000000133e-01,1.666666666666666574e-01,5.474042839670465455e-01,6.012977617174242368e+02,3.800838620414150455e+02,-2.212138996760091345e+02,2.212138996760091345e+02
1.466666666666666674e-01,1.666666666666666574e-01,5.399296624034405356e-01,5.950383935114259657e+02,3.747021345156187522e+02,-2.203362589958072135e+02,2.203362589958072135e+02
1.533333333333333492e-01,1.666666666666666574e-01,5.323870408511216512e-01,5.886009370309307087e+02,3.692714469979491696e+02,-2.193294900329815960e+02,2.193294900329815960e+02
1.600000000000000033e-01,1.666666666666666574e-01,5.247863489732210729e-01,5.819955506853965517e+02,3.637989488458607639e+02,-2.181966018395358446e+02,2.181966018395358446e+02
1.666666666666666574e-01,1.666666666666666574e-01,5.171378360664341534e-01,5.752330305811229891e+02,3.582920195529741250e+02,-2.169410110281488642e+02,2.169410110281488642e+02
1.733333333333333670e-01,1.666666666666666574e-01,5.094520174324481676e-01,5.683247582515118665e+02,3.527582301365042099e+02,-2.155665281150076567e+02,2.155665281150076567e+02
1.800000000000000211e-01,1.666666666666666574e-01,5.017396176336915703e-01,5.612826425656851370e+02,3.472053022813994403e+02,-2.140773402842856399e+02,2.140773402842856399e+02
1.866666666666666752e-01,1.666666666666666574e-01,4.940115112698463262e-01,5.541190564253031425e+02,3.416410656994308965e+02,-2.124779907258721892e+02,2.124779907258721892e+02
1.933333333333333293e-01,1.666666666666666574e-01,4.862786619616408235e-01,5.468467689531331644e+02,3.360734141975229932e+02,-2.107733547556102280e+02,2.107733547556102280e+02
2.000000000000000389e-01,1.666666666666666574e-01,4.785520602650357169e-01,5.394788739574410101e+02,3.305102609759672987e+02,-2.089686129814737114e+02,2.089686129814737114e+02
2.066666666666666929e-01,1.666666666666666574e-01,4.708426612609097894e-01,5.320287155213854930e+02,3.249594936929966025e+02,-2.070692218283890043e+02,2.070692218283890043e+02
2.133333333333333470e-01,1.666666666666666574e-01,4.631613225720446758e-01,5.245098116144583855e+02,3.194289298370136976e+02,-2.050808817774446311e+02,2.050808817774446311e+02
2.200000000000000011e-01,1.666666666666666574e-01,4.555187435503977866e-01,5.169357766523523878e+02,3.139262729414278965e+02,-2.030095037109244345e+02,2.030095037109244345e+02
2.266666666666666552e-01,1.666666666666666574e-01,4.479254063536047270e-01,5.093202439417785286e+02,3.084590701597369389e+02,-2.008611737820415897e+02,2.008611737820415897e+02
2.333333333333333648e-01,1.666666666666666574e-01,4.403915195911357605e-01,5.016767889375806249e+02,3.030346716907592963e+02,-1.986421172468213285e+02,1.986421172468213285e+02
2.400000000000000189e-01,1.666666666666666574e-01,4.329269651687223663e-01,4.940188542115518544e+02,2.976601925066216836e+02,-1.963586617049302276e+02,1.963586617049302276e+02
2.466666666666666730e-01,1.666666666666666574e-01,4.255412488961620721e-01,4.863596769867078251e+02,2.923424767903782140e+02,-1.940172001963295543e+02,1.940172001963295543e+02
2.533333333333332993e-01,1.666666666666666574e-01,4.182434553503102670e-01,4.787122200290376668e+02,2.870880654373649463e+02,-1.916241545916727489e+02,1.916241545916727489e+02
2.600000000000000089e-01,1.666666666666666574e-01,4.110422074041105711e-01,4.710891066129844944e+02,2.819031669161012132e+02,-1.891859396968833380e+02,1.891859396968833380e+02
2.666666666666667185e-01,1.666666666666666574e-01,4.039456307462186979e-01,4.635025601895051182e+02,2.767936317224190361e+02,-1.867089284670861389e+02,1.867089284670861389e+02
2.733333333333333171e-01,1.666666666666666574e-01,3.969613236264846190e-01,4.559643492891749474e+02,2.717649305962104336e+02,-1.841994186929644570e+02,1.841994186929644570e+02
2.800000000000000266e-01,1.666666666666666574e-01,3.900963319726309941e-01,4.484857380902417958e+02,2.668221366054358441e+02,-1.816636014848059517e+02,1.816636014848059517e+02
2.866666666666667362e-01,1.666666666666666574e-01,3.833571299351181128e-01,4.410774429756157815e+02,2.619699111384265962e+02,-1.791075318371891854e+02,1.791075318371891854e+02
2.933333333333333348e-01,1.666666666666666574e-01,3.767496058324786290e-01,4.337495952962591446e+02,2.572124937845261456e+02,-1.765371015117330558e+02,1.765371015117330558e+02
2.999999999999999889e-01,1.666666666666666574e-01,3.702790533901472170e-01,4.265117104539344837e+02,2.525536960260475325e+02,-1.739580144278869795e+02,1.739580144278869795e+02
-1.000000000000000056e-01,1.733333333333333670e-01,7.242764599131783498e-01,6.778714358678508916e+02,5.077347085603808523e+02,-1.701367273074700108e+02,1.701367273074700108e+02
-9.333333333333333759e-02,1.733333333333333670e-01,7.216927346736746740e-01,6.790483830427784824e+02,5.058744263879381720e+02,-1.731739566548402536e+02,1.731739566548402536e+02
-8.666666666666666963e-02,1.733333333333333670e-01,7.189947351474142989e-01,6.800865100326083166e+02,5.039318667290307303e+02,-1.761546433035775578e+02,1.761546433035775578e+02
-8.000000000000000167e-02,1.733333333333333670e-01,7.161788050357683622e-01,6.809801675568664905e+02,5.019043970486456487e+02,-1.790757705082208417e+02,1.790757705082208417e+02
-7.333333333333333370e-02,1.733333333333333670e-01,7.132413115155296079e-01,6.817236305876734832e+02,4.997894017140737333e+02,-1.819342288735996931e+02,1.819342288735996931e+02
-6.666666666666667962e-02,1.733333333333333670e-01,7.101786620226705482e-01,6.823111147970982984e+02,4.975842940792152262e+02,-1.847268207178831290e+02,1.847268207178831290e+02
-6.000000000000000472e-02,1.733333333333333670e-01,7.069873224750828911e-01,6.827367950285067764e+02,4.952865296049520794e+02,-1.874502654235546686e+02,1.874502654235546686e+02
-5.333333333333333676e-02,1.733333333333333670e-01,7.036638369425369799e-01,6.829948258668536027e+02,4.928936200215190411e+02,-1.901012058453345617e+02,1.901012058453345617e+02
-4.666666666666666879e-02,1.733333333333333670e-01,7.002048487560352807e-01,6.830793643679953675e+02,4.904031485272378177e+02,-1.926762158407575214e+02,1.926762158407575214e+02
-4.000000000000000083e-02,1.733333333333333670e-01,6.966071230303475526e-01,6.829845949890317343e+02,4.878127860047426338e+02,-1.951718089842891288e+02,1.951718089842891288e+02
-3.333333333333333981e-02,1.733333333333333670e-01,6.928675705528295481e-01,6.827047567402896675e+02,4.851203082209296440e+02,-1.975844485193600519e+02,1.975844485193600519e+02
-2.666666666666667185e-02,1.733333333333333670e-01,6.889832729686228285e-01,6.822341725546705220e+02,4.823236139603008610e+02,-1.999105585943696894e+02,1.999105585943696894e+02
-2.000000000000000389e-02,1.733333333333333670e-01,6.849515091671376510e-01,6.815672808416622956e+02,4.794207440232315207e+02,-2.021465368184307749e+02,2.021465368184307749e+02
-1.333333333333333592e-02,1.733333333333333670e-01,6.807697827474661345e-01,6.806986691613572020e+02,4.764099010010680786e+02,-2.042887681602890666e+02,2.042887681602890666e+02
-6.666666666666667962e-03,1.733333333333333670e-01,6.764358504113182624e-01,6.796231099184229834e+02,4.732894697190415627e+02,-2.063336401993814206e+02,2.063336401993814206e+02
0.000000000000000000e+00,1.733333333333333670e-01,6.719477511015368165e-01,6.783355979373734499e+02,4.700580382159989199e+02,-2.082775597213745300e+02,2.082775597213745300e+02
6.666666666666667962e-03,1.733333333333333670e-01,6.673038356726557208e-01,6.768313897389665499e+02,4.667144191072045487e+02,-2.101169706317620012e+02,2.101169706317620012e+02
1.333333333333333592e-02,1.733333333333333670e-01,6.625027968478480744e-01,6.751060442936355912e+02,4.632576711533430398e+02,-2.118483731402925514e+02,2.118483731402925514e+02
2.000000000000000389e-02,1.733333333333333670e-01,6.575436991845760026e-01,6.731554649820734539e+02,4.596871208357871410e+02,-2.134683441462863129e+02,2.134683441462863129e+02
2.666666666666667185e-02,1.733333333333333670e-01,6.524260087400459707e-01,6.709759424462428115e+02,4.560023837157255571e+02,-2.149735587305173112e+02,2.149735587305173112e+02
3.333333333333332593e-02,1.733333333333333670e-01,6.471496220979838787e-01,6.685641979670353976e+02,4.522033853334407922e+02,-2.163608126335946054e+02,2.163608126335946054e+02
4.000000000000000777e-02,1.733333333333333670e-01,6.417148943911836767e-01,6.659174269586062564e+02,4.482903813845446734e+02,-2.176270455740615830e+02,2.176270455740615830e+02
4.666666666666666186e-02,1.733333333333333670e-01,6.361226659307108733e-01,6.630333421252422568e+02,4.442639768930042123e+02,-2.187693652322381013e+02,2.187693652322381013e+02
5.333333333333334370e-02,1.733333333333333670e-01,6.303742870335429238e-01,6.599102157857531665e+02,4.401251440870433385e+02,-2.197850716987098849e+02,2.197850716987098849e+02
5.999999999999999778e-02,1.733333333333333670e-01,6.244716406268517872e-01,6.565469208342074126e+02,4.358752386742257272e+02,-2.206716821599816853e+02,2.206716821599816853e+02
6.666666666666667962e-02,1.733333333333333670e-01,6.184171622000329549e-01,6.529429697757694839e+02,4.315160142069161680e+02,-2.214269555688532591e+02,2.214269555688532591e+02
7.333333333333333370e-02,1.733333333333333670e-01,6.122138566759478540e-01,6.490985512539078854e+02,4.270496342295748491e+02,-2.220489170243330364e+02,2.220489170243330364e+02
8.000000000000001554e-02,1.733333333333333670e-01,6.058653117814846167e-01,6.450145634717171106e+02,4.224786819055613591e+02,-2.225358815661557514e+02,2.225358815661557514e+02
8.666666666666666963e-02,1.733333333333333670e-01,5.993757075151717739e-01,6.406926439068568016e+02,4.178061668338160644e+02,-2.228864770730407372e+02,2.228864770730407372e+02
9.333333333333335147e-02,1.733333333333333670e-01,5.927498213367207169e-01,6.361351947278411672e+02,4.130355287853313371e+02,-2.230996659425098301e+02,2.230996659425098301e+02
1.000000000000000056e-01,1.733333333333333670e-01,5.859930287403131155e-01,6.313454033400273602e+02,4.081706381159178818e+02,-2.231747652241095352e+02,2.231747652241095352e+02
1.066666666666666874e-01,1.733333333333333670e-01,5.791112989202140682e-01,6.263272575233763746e+02,4.032157926454465269e+02,-2.231114648779297909e+02,2.231114648779297909e+02
1.133333333333333415e-01,1.733333333333333670e-01,5.721111852936138220e-01,6.210855546712191426e+02,3.981757108342943638e+02,-2.229098438369248356e+02,2.229098438369248356e+02
1.199999999999999956e-01,1.733333333333333670e-01,5.649998107108785694e-01,6.156259046998362692e+02,3.930555211347249838e+02,-2.225703835651112286e+02,2.225703835651112286e+02
1.266666666666666774e-01,1.733333333333333670e-01,5.577848472567107363e-01,6.099547262722028336e+02,3.878607474477241226e+02,-2.220939788244786541e+02,2.220939788244786541e+02
1.333333333333333315e-01,1.733333333333333670e-01,5.504744906258212112e-01,6.040792360648957811e+02,3.825972906734837125e+02,-2.214819453914121254e+02,2.214819453914121254e+02
1.400000000000000133e-01,1.733333333333333670e-01,5.430774291420337185e-01,5.980074309035401257e+02,3.772714064051567675e+02,-2.207360244983833582e+02,2.207360244983833582e+02
1.466666666666666674e-01,1.733333333333333670e-01,5.356028075784278197e-01,5.917480626975418545e+02,3.718896788793604742e+02,-2.198583838181813803e+02,2.198583838181813803e+02
1.533333333333333492e-01,1.733333333333333670e-01,5.280601860261089353e-01,5.853106062170465975e+02,3.664589913616908348e+02,-2.188516148553557628e+02,2.188516148553557628e+02
1.600000000000000033e-01,1.733333333333333670e-01,5.204594941482083570e-01,5.787052198715124405e+02,3.609864932096024290e+02,-2.177187266619100114e+02,2.177187266619100114e+02
1.666666666666666574e-01,1.733333333333333670e-01,5.128109812414214375e-01,5.719426997672388779e+02,3.554795639167158470e+02,-2.164631358505230310e+02,2.164631358505230310e+02
1.733333333333333670e-01,1.733333333333333670e-01,5.051251626074353407e-01,5.650344274376277554e+02,3.499457745002459319e+02,-2.150886529373818803e+02,2.150886529373818803e+02
1.800000000000000211e-01,1.733333333333333670e-01,4.974127628086787989e-01,5.579923117518010258e+02,3.443928466451411623e+02,-2.135994651066598635e+02,2.135994651066598635e+02
1.866666666666666752e-01,1.733333333333333670e-01,4.896846564448336103e-01,5.508287256114190313e+02,3.388286100631726185e+02,-2.120001155482464128e+02,2.120001155482464128e+02
1.933333333333333293e-01,1.733333333333333670e-01,4.819518071366281076e-01,5.435564381392490532e+02,3.332609585612646583e+02,-2.102954795779843948e+02,2.102954795779843948e+02
2.000000000000000389e-01,1.733333333333333670e-01,4.742252054400230010e-01,5.361885431435568989e+02,3.276978053397089639e+02,-2.084907378038479351e+02,2.084907378038479351e+02
2.066666666666666929e-01,1.733333333333333670e-01,4.665158064358970180e-01,5.287383847075014955e+02,3.221470380567382676e+02,-2.065913466507632279e+02,2.065913466507632279e+02
2.133333333333333470e-01,1.733333333333333670e-01,4.588344677470319044e-01,5.212194808005742743e+02,3.166164742007554196e+02,-2.046030065998187979e+02,2.046030065998187979e+02
2.200000000000000011e-01,1.733333333333333670e-01,4.511918887253850152e-01,5.136454458384682766e+02,3.111138173051696185e+02,-2.025316285332986581e+02,2.025316285332986581e+02
2.266666666666666552e-01,1.733333333333333670e-01,4.435985515285919556e-01,5.060299131278944742e+02,3.056466145234786609e+02,-2.003832986044157849e+02,2.003832986044157849e+02
2.333333333333333648e-01,1.733333333333333670e-01,4.360646647661230446e-01,4.983864581236965705e+02,3.002222160545010183e+02,-1.981642420691954953e+02,1.981642420691954953e+02
2.400000000000000189e-01,1.733333333333333670e-01,4.286001103437095949e-01,4.907285233976678001e+02,2.948477368703633488e+02,-1.958807865273043944e+02,1.958807865273043944e+02
2.466666666666666730e-01,1.733333333333333670e-01,4.212143940711493562e-01,4.830693461728237708e+02,2.895300211541199360e+02,-1.935393250187037779e+02,1.935393250187037779e+02
2.533333333333332993e-01,1.733333333333333670e-01,4.139166005252975511e-01,4.754218892151535556e+02,2.842756098011066683e+02,-1.911462794140469441e+02,1.911462794140469441e+02
2.600000000000000089e-01,1.733333333333333670e-01,4.067153525790978552e-01,4.677987757991004401e+02,2.790907112798428784e+02,-1.887080645192575048e+02,1.887080645192575048e+02
2.666666666666667185e-01,1.733333333333333670e-01,3.996187759212059820e-01,4.602122293756210638e+02,2.739811760861607013e+02,-1.862310532894603057e+02,1.862310532894603057e+02
2.733333333333333171e-01,1.733333333333333670e-01,3.926344688014719031e-01,4.526740184752908362e+02,2.689524749599521556e+02,-1.837215435153386522e+02,1.837215435153386522e+02
2.800000000000000266e-01,1.733333333333333670e-01,3.857694771476182227e-01,4.451954072763577415e+02,2.640096809691775661e+02,-1.811857263071801469e+02,1.811857263071801469e+02
2.866666666666667362e-01,1.733333333333333670e-01,3.790302751101053413e-01,4.377871121617316703e+02,2.591574555021683182e+02,-1.786296566595633522e+02,1.786296566595633522e+02
2.933333333333333348e-01,1.733333333333333670e-01,3.724227510074658576e-01,4.304592644823750334e+02,2.544000381482678392e+02,-1.760592263341072226e+02,1.760592263341072226e+02
2.999999999999999889e-01,1.733333333333333670e-01,3.659521985651344456e-01,4.232213796400503725e+02,2.497412403897892261e+02,-1.734801392502611748e+02,1.734801392502611748e+02
-1.000000000000000056e-01,1.800000000000000211e-01,7.199612145692645404e-01,6.745423919091931566e+02,5.049297990868369084e+02,-1.696125928223562198e+02,1.696125928223562198e+02
-9.333333333333333759e-02,1.800000000000000211e-01,7.173774893297608646e-01,6.757193390841207474e+02,5.030695169143942280e+02,-1.726498221697264626e+02,1.726498221697264626e+02
-8.666666666666666963e-02,1.800000000000000211e-01,7.146794898035004895e-01,6.767574660739505816e+02,5.011269572554867864e+02,-1.756305088184637668e+02,1.756305088184637668e+02
-8.000000000000000167e-02,1.800000000000000211e-01,7.118635596918545527e-01,6.776511235982087555e+02,4.990994875751017048e+02,-1.785516360231070507e+02,1.785516360231070507e+02
-7.333333333333333370e-02,1.800000000000000211e-01,7.089260661716157985e-01,6.783945866290157483e+02,4.969844922405297893e+02,-1.814100943884859021e+02,1.814100943884859021e+02
-6.666666666666667962e-02,1.800000000000000211e-01,7.058634166787567388e-01,6.789820708384405634e+02,4.947793846056712823e+02,-1.842026862327693379e+02,1.842026862327693379e+02
-6.000000000000000472e-02,1.800000000000000211e-01,7.026720771311690816e-01,6.794077510698490414e+02,4.924816201314081354e+02,-1.869261309384408776e+02,1.869261309384408776e+02
-5.333333333333333676e-02,1.800000000000000211e-01,6.993485915986231705e-01,6.796657819081958678e+02,4.900887105479750971e+02,-1.895770713602207707e+02,1.895770713602207707e+02
-4.666666666666666879e-02,1.800000000000000211e-01,6.958896034121214713e-01,6.797503204093376326e+02,4.875982390536938738e+02,-1.921520813556437304e+02,1.921520813556437304e+02
-4.000000000000000083e-02,1.800000000000000211e-01,6.922918776864337431e-01,6.796555510303739993e+02,4.850078765311986899e+02,-1.946476744991753378e+02,1.946476744991753378e+02
-3.333333333333333981e-02,1.800000000000000211e-01,6.885523252089157387e-01,6.793757127816319326e+02,4.823153987473857001e+02,-1.970603140342462609e+02,1.970603140342462609e+02
-2.666666666666667185e-02,1.800000000000000211e-01,6.846680276247090191e-01,6.789051285960127871e+02,4.795187044867569170e+02,-1.993864241092558984e+02,1.993864241092558984e+02
-2.000000000000000389e-02,1.800000000000000211e-01,6.806362638232238416e-01,6.782382368830045607e+02,4.766158345496875768e+02,-2.016224023333169839e+02,2.016224023333169839e+02
-1.333333333333333592e-02,1.800000000000000211e-01,6.764545374035524361e-01,6.773696252026994671e+02,4.736049915275241347e+02,-2.037646336751752756e+02,2.037646336751752756e+02
-6.666666666666667962e-03,1.800000000000000211e-01,6.721206050674044530e-01,6.762940659597652484e+02,4.704845602454976188e+02,-2.058095057142676296e+02,2.058095057142676296e+02
0.000000000000000000e+00,1.800000000000000211e-01,6.676325057576230071e-01,6.750065539787157149e+02,4.672531287424549760e+02,-2.077534252362607390e+02,2.077534252362607390e+02
6.666666666666667962e-03,1.800000000000000211e-01,6.629885903287420224e-01,6.735023457803088149e+02,4.639095096336606048e+02,-2.095928361466482102e+02,2.095928361466482102e+02
1.333333333333333592e-02,1.800000000000000211e-01,6.581875515039343760e-01,6.717770003349778563e+02,4.604527616797990959e+02,-2.113242386551787604e+02,2.113242386551787604e+02
2.000000000000000389e-02,1.800000000000000211e-01,6.532284538406621932e-01,6.698264210234157190e+02,4.568822113622431971e+02,-2.129442096611725219e+02,2.129442096611725219e+02
2.666666666666667185e-02,1.800000000000000211e-01,6.481107633961322723e-01,6.676468984875850765e+02,4.531974742421816131e+02,-2.144494242454035202e+02,2.144494242454035202e+02
3.333333333333332593e-02,1.800000000000000211e-01,6.428343767540700693e-01,6.652351540083776626e+02,4.493984758598968483e+02,-2.158366781484808143e+02,2.158366781484808143e+02
4.000000000000000777e-02,1.800000000000000211e-01,6.373996490472699783e-01,6.625883829999485215e+02,4.454854719110007295e+02,-2.171029110889477920e+02,2.171029110889477920e+02
4.666666666666666186e-02,1.800000000000000211e-01,6.318074205867970639e-01,6.597042981665845218e+02,4.414590674194602684e+02,-2.182452307471243103e+02,2.182452307471243103e+02
5.333333333333334370e-02,1.800000000000000211e-01,6.260590416896291144e-01,6.565811718270954316e+02,4.373202346134993945e+02,-2.192609372135960939e+02,2.192609372135960939e+02
5.999999999999999778e-02,1.800000000000000211e-01,6.201563952829380888e-01,6.532178768755496776e+02,4.330703292006817833e+02,-2.201475476748678943e+02,2.201475476748678943e+02
6.666666666666667962e-02,1.800000000000000211e-01,6.141019168561192565e-01,6.496139258171117490e+02,4.287111047333722240e+02,-2.209028210837394681e+02,2.209028210837394681e+02
7.333333333333333370e-02,1.800000000000000211e-01,6.078986113320340445e-01,6.457695072952501505e+02,4.242447247560309052e+02,-2.215247825392192453e+02,2.215247825392192453e+02
8.000000000000001554e-02,1.800000000000000211e-01,6.015500664375708073e-01,6.416855195130593756e+02,4.196737724320174152e+02,-2.220117470810419604e+02,2.220117470810419604e+02
8.666666666666666963e-02,1.800000000000000211e-01,5.950604621712579645e-01,6.373635999481990666e+02,4.150012573602721204e+02,-2.223623425879269462e+02,2.223623425879269462e+02
9.333333333333335147e-02,1.800000000000000211e-01,5.884345759928069075e-01,6.328061507691834322e+02,4.102306193117873931e+02,-2.225755314573960391e+02,2.225755314573960391e+02
1.000000000000000056e-01,1.800000000000000211e-01,5.816777833963993061e-01,6.280163593813696252e+02,4.053657286423739379e+02,-2.226506307389957442e+02,2.226506307389957442e+02
1.066666666666666874e-01,1.800000000000000211e-01,5.747960535763002587e-01,6.229982135647186396e+02,4.004108831719025829e+02,-2.225873303928159999e+02,2.225873303928159999e+02
1.133333333333333415e-01,1.800000000000000211e-01,5.677959399497000126e-01,6.177565107125614077e+02,3.953708013607504199e+02,-2.223857093518110446e+02,2.223857093518110446e+02
1.199999999999999956e-01,1.800000000000000211e-01,5.606845653669647600e-01,6.122968607411785342e+02,3.902506116611810398e+02,-2.220462490799974375e+02,2.220462490799974375e+02
1.266666666666666774e-01,1.800000000000000211e-01,5.534696019127969269e-01,6.066256823135450986e+02,3.850558379741801787e+02,-2.215698443393648631e+02,2.215698443393648631e+02
1.333333333333333315e-01,1.800000000000000211e-01,5.461592452819075127e-01,6.007501921062380461e+02,3.797923811999397685e+02,-2.209578109062983344e+02,2.209578109062983344e+02
1.400000000000000133e-01,1.800000000000000211e-01,5.387621837981200201e-01,5.946783869448823907e+02,3.744664969316128236e+02,-2.202118900132695671e+02,2.202118900132695671e+02
1.466666666666666674e-01,1.800000000000000211e-01,5.312875622345140103e-01,5.884190187388841196e+02,3.690847694058164734e+02,-2.193342493330675893e+02,2.193342493330675893e+02
1.533333333333333492e-01,1.800000000000000211e-01,5.237449406821951259e-01,5.819815622583888626e+02,3.636540818881468908e+02,-2.183274803702419717e+02,2.183274803702419717e+02
1.600000000000000033e-01,1.800000000000000211e-01,5.161442488042945476e-01,5.753761759128547055e+02,3.581815837360584851e+02,-2.171945921767962204e+02,2.171945921767962204e+02
1.666666666666666574e-01,1.800000000000000211e-01,5.084957358975076280e-01,5.686136558085811430e+02,3.526746544431719030e+02,-2.159390013654092400e+02,2.159390013654092400e+02
1.733333333333333670e-01,1.800000000000000211e-01,5.008099172635216423e-01,5.617053834789700204e+02,3.471408650267019311e+02,-2.145645184522680893e+02,2.145645184522680893e+02
1.800000000000000211e-01,1.800000000000000211e-01,4.930975174647650450e-01,5.546632677931432909e+02,3.415879371715972184e+02,-2.130753306215460725e+02,2.130753306215460725e+02
1.866666666666666752e-01,1.800000000000000211e-01,4.853694111009198009e-01,5.474996816527612964e+02,3.360237005896286746e+02,-2.114759810631326218e+02,2.114759810631326218e+02
1.933333333333333293e-01,1.800000000000000211e-01,4.776365617927142981e-01,5.402273941805913182e+02,3.304560490877207144e+02,-2.097713450928706038e+02,2.097713450928706038e+02
2.000000000000000389e-01,1.800000000000000211e-01,4.699099600961091916e-01,5.328594991848991640e+02,3.248928958661650199e+02,-2.079666033187341441e+02,2.079666033187341441e+02
2.066666666666666929e-01,1.800000000000000211e-01,4.622005610919832641e-01,5.254093407488437606e+02,3.193421285831943237e+02,-2.060672121656494369e+02,2.060672121656494369e+02
2.133333333333333470e-01,1.800000000000000211e-01,4.545192224031181505e-01,5.178904368419165394e+02,3.138115647272114757e+02,-2.040788721147050069e+02,2.040788721147050069e+02
2.200000000000000011e-01,1.800000000000000211e-01,4.468766433814712613e-01,5.103164018798105417e+02,3.083089078316256746e+02,-2.020074940481848671e+02,2.020074940481848671e+02
2.266666666666666552e-01,1.800000000000000211e-01,4.392833061846782017e-01,5.027008691692367393e+02,3.028417050499347170e+02,-1.998591641193019939e+02,1.998591641193019939e+02
2.333333333333333648e-01,1.800000000000000211e-01,4.317494194222092352e-01,4.950574141650388356e+02,2.974173065809570744e+02,-1.976401075840817043e+02,1.976401075840817043e+02
2.400000000000000189e-01,1.800000000000000211e-01,4.242848649997958410e-01,4.873994794390100651e+02,2.920428273968194048e+02,-1.953566520421906034e+02,1.953566520421906034e+02
2.466666666666666730e-01,1.800000000000000211e-01,4.168991487272355467e-01,4.797403022141660358e+02,2.867251116805759921e+02,-1.930151905335899869e+02,1.930151905335899869e+02
2.533333333333332993e-01,1.800000000000000211e-01,4.096013551813837417e-01,4.720928452564958206e+02,2.814707003275626676e+02,-1.906221449289331531e+02,1.906221449289331531e+02
2.600000000000000089e-01,1.800000000000000211e-01,4.024001072351840458e-01,4.644697318404427051e+02,2.762858018062989345e+02,-1.881839300341437138e+02,1.881839300341437138e+02
2.666666666666667185e-01,1.800000000000000211e-01,3.953035305772921726e-01,4.568831854169633289e+02,2.711762666126167574e+02,-1.857069188043465147e+02,1.857069188043465147e+02
2.733333333333333171e-01,1.800000000000000211e-01,3.883192234575580937e-01,4.493449745166331013e+02,2.661475654864082117e+02,-1.831974090302248612e+02,1.831974090302248612e+02
2.800000000000000266e-01,1.800000000000000211e-01,3.814542318037044688e-01,4.418663633177000065e+02,2.612047714956336222e+02,-1.806615918220663559e+02,1.806615918220663559e+02
2.866666666666667362e-01,1.800000000000000211e-01,3.747150297661915874e-01,4.344580682030739354e+02,2.563525460286243742e+02,-1.781055221744495611e+02,1.781055221744495611e+02
2.933333333333333348e-01,1.800000000000000211e-01,3.681075056635521037e-01,4.271302205237172984e+02,2.515951286747238669e+02,-1.755350918489934315e+02,1.755350918489934315e+02
2.999999999999999889e-01,1.800000000000000211e-01,3.616369532212206916e-01,4.198923356813926375e+02,2.469363309162452538e+02,-1.729560047651473838e+02,1.729560047651473838e+02
-1.000000000000000056e-01,1.866666666666666752e-01,7.156612008129704661e-01,6.711786215777317466e+02,5.021347901452457450e+02,-1.690438314324860585e+02,1.690438314324860585e+02
-9.333333333333333759e-02,1.866666666666666752e-01,7.130774755734667902e-01,6.723555687526593374e+02,5.002745079728030646e+02,-1.720810607798563296e+02,1.720810607798563296e+02
-8.666666666666666963e-02,1.866666666666666752e-01,7.103794760472064151e-01,6.733936957424891716e+02,4.983319483138956230e+02,-1.750617474285936055e+02,1.750617474285936055e+02
-8.000000000000000167e-02,1.866666666666666752e-01,7.075635459355604784e-01,6.742873532667474592e+02,4.963044786335105414e+02,-1.779828746332369178e+02,1.779828746332369178e+02
-7.333333333333333370e-02,1.866666666666666752e-01,7.046260524153217242e-01,6.750308162975543382e+02,4.941894832989386259e+02,-1.808413329986157692e+02,1.808413329986157692e+02
-6.666666666666667962e-02,1.866666666666666752e-01,7.015634029224626644e-01,6.756183005069792671e+02,4.919843756640801189e+02,-1.836339248428991766e+02,1.836339248428991766e+02
-6.000000000000000472e-02,1.866666666666666752e-01,6.983720633748750073e-01,6.760439807383877451e+02,4.896866111898169720e+02,-1.863573695485707162e+02,1.863573695485707162e+02
-5.333333333333333676e-02,1.866666666666666752e-01,6.950485778423290961e-01,6.763020115767345715e+02,4.872937016063839337e+02,-1.890083099703506377e+02,1.890083099703506377e+02
-4.666666666666666879e-02,1.866666666666666752e-01,6.915895896558273970e-01,6.763865500778763362e+02,4.848032301121027103e+02,-1.915833199657735690e+02,1.915833199657735690e+02
-4.000000000000000083e-02,1.866666666666666752e-01,6.879918639301396688e-01,6.762917806989127030e+02,4.822128675896075265e+02,-1.940789131093051765e+02,1.940789131093051765e+02
-3.333333333333333981e-02,1.866666666666666752e-01,6.842523114526215533e-01,6.760119424501706362e+02,4.795203898057945366e+02,-1.964915526443760996e+02,1.964915526443760996e+02
-2.666666666666667185e-02,1.866666666666666752e-01,6.803680138684149448e-01,6.755413582645514907e+02,4.767236955451657536e+02,-1.988176627193857371e+02,1.988176627193857371e+02
-2.000000000000000389e-02,1.866666666666666752e-01,6.763362500669297672e-01,6.748744665515432644e+02,4.738208256080964134e+02,-2.010536409434468510e+02,2.010536409434468510e+02
-1.333333333333333592e-02,1.866666666666666752e-01,6.721545236472583618e-01,6.740058548712381707e+02,4.708099825859329712e+02,-2.031958722853051427e+02,2.031958722853051427e+02
-6.666666666666667962e-03,1.866666666666666752e-01,6.678205913111103786e-01,6.729302956283039521e+02,4.676895513039064554e+02,-2.052407443243974967e+02,2.052407443243974967e+02
0.000000000000000000e+00,1.866666666666666752e-01,6.633324920013289328e-01,6.716427836472544186e+02,4.644581198008638125e+02,-2.071846638463906061e+02,2.071846638463906061e+02
6.666666666666667962e-03,1.866666666666666752e-01,6.586885765724479480e-01,6.701385754488474049e+02,4.611145006920694414e+02,-2.090240747567780488e+02,2.090240747567780488e+02
1.333333333333333592e-02,1.866666666666666752e-01,6.538875377476403017e-01,6.684132300035165599e+02,4.576577527382079325e+02,-2.107554772653086275e+02,2.107554772653086275e+02
2.000000000000000389e-02,1.866666666666666752e-01,6.489284400843681189e-01,6.664626506919544227e+02,4.540872024206520337e+02,-2.123754482713023606e+02,2.123754482713023606e+02
2.666666666666667185e-02,1.866666666666666752e-01,6.438107496398381979e-01,6.642831281561237802e+02,4.504024653005904497e+02,-2.138806628555333589e+02,2.138806628555333589e+02
3.333333333333332593e-02,1.866666666666666752e-01,6.385343629977759949e-01,6.618713836769163663e+02,4.466034669183056849e+02,-2.152679167586106530e+02,2.152679167586106530e+02
4.000000000000000777e-02,1.866666666666666752e-01,6.330996352909759040e-01,6.592246126684872252e+02,4.426904629694095661e+02,-2.165341496990776307e+02,2.165341496990776307e+02
4.666666666666666186e-02,1.866666666666666752e-01,6.275074068305028785e-01,6.563405278351232255e+02,4.386640584778691050e+02,-2.176764693572541489e+02,2.176764693572541489e+02
5.333333333333334370e-02,1.866666666666666752e-01,6.217590279333350400e-01,6.532174014956341352e+02,4.345252256719082311e+02,-2.186921758237259610e+02,2.186921758237259610e+02
5.999999999999999778e-02,1.866666666666666752e-01,6.158563815266440145e-01,6.498541065440883813e+02,4.302753202590906199e+02,-2.195787862849977330e+02,2.195787862849977330e+02
6.666666666666667962e-02,1.866666666666666752e-01,6.098019030998251822e-01,6.462501554856503390e+02,4.259160957917810606e+02,-2.203340596938693352e+02,2.203340596938693352e+02
7.333333333333333370e-02,1.866666666666666752e-01,6.035985975757398592e-01,6.424057369637888542e+02,4.214497158144397417e+02,-2.209560211493491124e+02,2.209560211493491124e+02
8.000000000000001554e-02,1.866666666666666752e-01,5.972500526812767330e-01,6.383217491815980793e+02,4.168787634904262518e+02,-2.214429856911717991e+02,2.214429856911717991e+02
8.666666666666666963e-02,1.866666666666666752e-01,5.907604484149638902e-01,6.339998296167377703e+02,4.122062484186809570e+02,-2.217935811980567848e+02,2.217935811980567848e+02
9.333333333333335147e-02,1.866666666666666752e-01,5.841345622365128332e-01,6.294423804377221359e+02,4.074356103701962297e+02,-2.220067700675259061e+02,2.220067700675259061e+02
1.000000000000000056e-01,1.866666666666666752e-01,5.773777696401052317e-01,6.246525890499083289e+02,4.025707197007827745e+02,-2.220818693491255829e+02,2.220818693491255829e+02
1.066666666666666874e-01,1.866666666666666752e-01,5.704960398200061844e-01,6.196344432332573433e+02,3.976158742303114195e+02,-2.220185690029458385e+02,2.220185690029458385e+02
1.133333333333333415e-01,1.866666666666666752e-01,5.634959261934059382e-01,6.143927403811001113e+02,3.925757924191592565e+02,-2.218169479619408833e+02,2.218169479619408833e+02
1.199999999999999956e-01,1.866666666666666752e-01,5.563845516106706857e-01,6.089330904097171242e+02,3.874556027195898764e+02,-2.214774876901273046e+02,2.214774876901273046e+02
1.266666666666666774e-01,1.866666666666666752e-01,5.491695881565028525e-01,6.032619119820838023e+02,3.822608290325890152e+02,-2.210010829494947018e+02,2.210010829494947018e+02
1.333333333333333315e-01,1.866666666666666752e-01,5.418592315256134384e-01,5.973864217747767498e+02,3.769973722583486051e+02,-2.203890495164281731e+02,2.203890495164281731e+02
1.400000000000000133e-01,1.866666666666666752e-01,5.344621700418259458e-01,5.913146166134210944e+02,3.716714879900216602e+02,-2.196431286233994058e+02,2.196431286233994058e+02
1.466666666666666674e-01,1.866666666666666752e-01,5.269875484782199360e-01,5.850552484074228232e+02,3.662897604642253100e+02,-2.187654879431974564e+02,2.187654879431974564e+02
1.533333333333333492e-01,1.866666666666666752e-01,5.194449269259010515e-01,5.786177919269275662e+02,3.608590729465557274e+02,-2.177587189803718388e+02,2.177587189803718388e+02
1.600000000000000033e-01,1.866666666666666752e-01,5.118442350480004732e-01,5.720124055813934092e+02,3.553865747944673217e+02,-2.166258307869260875e+02,2.166258307869260875e+02
1.666666666666666574e-01,1.866666666666666752e-01,5.041957221412135537e-01,5.652498854771198467e+02,3.498796455015807396e+02,-2.153702399755391070e+02,2.153702399755391070e+02
1.733333333333333670e-01,1.866666666666666752e-01,4.965099035072275124e-01,5.583416131475087241e+02,3.443458560851107677e+02,-2.139957570623979279e+02,2.139957570623979279e+02
1.800000000000000211e-01,1.866666666666666752e-01,4.887975037084709151e-01,5.512994974616819945e+02,3.387929282300060549e+02,-2.125065692316759112e+02,2.125065692316759112e+02
1.866666666666666752e-01,1.866666666666666752e-01,4.810693973446257266e-01,5.441359113213000001e+02,3.332286916480375112e+02,-2.109072196732624604e+02,2.109072196732624604e+02
1.933333333333333293e-01,1.866666666666666752e-01,4.733365480364202238e-01,5.368636238491300219e+02,3.276610401461295510e+02,-2.092025837030004709e+02,2.092025837030004709e+02
2.000000000000000389e-01,1.866666666666666752e-01,4.656099463398151173e-01,5.294957288534378677e+02,3.220978869245738565e+02,-2.073978419288639827e+02,2.073978419288639827e+02
2.066666666666666929e-01,1.866666666666666752e-01,4.579005473356891343e-01,5.220455704173823506e+02,3.165471196416031603e+02,-2.054984507757792755e+02,2.054984507757792755e+02
2.133333333333333470e-01,1.866666666666666752e-01,4.502192086468240206e-01,5.145266665104552430e+02,3.110165557856203122e+02,-2.035101107248348740e+02,2.035101107248348740e+02
2.200000000000000011e-01,1.866666666666666752e-01,4.425766296251771315e-01,5.069526315483492453e+02,3.055138988900345112e+02,-2.014387326583147058e+02,2.014387326583147058e+02
2.266666666666666552e-01,1.866666666666666752e-01,4.349832924283840718e-01,4.993370988377753861e+02,3.000466961083435535e+02,-1.992904027294318325e+02,1.992904027294318325e+02
2.333333333333333648e-01,1.866666666666666752e-01,4.274494056659151608e-01,4.916936438335774824e+02,2.946222976393659110e+02,-1.970713461942115714e+02,1.970713461942115714e+02
2.400000000000000189e-01,1.866666666666666752e-01,4.199848512435017112e-01,4.840357091075487119e+02,2.892478184552282414e+02,-1.947878906523204705e+02,1.947878906523204705e+02
2.466666666666666730e-01,1.866666666666666752e-01,4.125991349709414724e-01,4.763765318827046826e+02,2.839301027389848286e+02,-1.924464291437198256e+02,1.924464291437198256e+02
2.533333333333332993e-01,1.866666666666666752e-01,4.053013414250896673e-01,4.687290749250345243e+02,2.786756913859715041e+02,-1.900533835390630202e+02,1.900533835390630202e+02
2.600000000000000089e-01,1.866666666666666752e-01,3.981000934788899714e-01,4.611059615089813519e+02,2.734907928647077711e+02,-1.876151686442735809e+02,1.876151686442735809e+02
2.666666666666667185e-01,1.866666666666666752e-01,3.910035168209980982e-01,4.535194150855019757e+02,2.683812576710255939e+02,-1.851381574144763817e+02,1.851381574144763817e+02
2.733333333333333171e-01,1.866666666666666752e-01,3.840192097012640193e-01,4.459812041851718050e+02,2.633525565448170482e+02,-1.826286476403546999e+02,1.826286476403546999e+02
2.800000000000000266e-01,1.866666666666666752e-01,3.771542180474103390e-01,4.385025929862386533e+02,2.584097625540424588e+02,-1.800928304321961946e+02,1.800928304321961946e+02
2.866666666666667362e-01,1.866666666666666752e-01,3.704150160098974576e-01,4.310942978716126390e+02,2.535575370870331824e+02,-1.775367607845794282e+02,1.775367607845794282e+02
2.933333333333333348e-01,1.866666666666666752e-01,3.638074919072579738e-01,4.237664501922560021e+02,2.488001197331327035e+02,-1.749663304591232986e+02,1.749663304591232986e+02
2.999999999999999889e-01,1.866666666666666752e-01,3.573369394649265618e-01,4.165285653499313412e+02,2.441413219746540904e+02,-1.723872433752772508e+02,1.723872433752772508e+02
-1.000000000000000056e-01,1.933333333333333293e-01,7.113799893244859840e-01,6.677841426396990983e+02,4.993520026777308090e+02,-1.684321399619682893e+02,1.684321399619682893e+02
-9.333333333333333759e-02,1.933333333333333293e-01,7.087962640849823082e-01,6.689610898146266891e+02,4.974917205052881286e+02,-1.714693693093385605e+02,1.714693693093385605e+02
-8.666666666666666963e-02,1.933333333333333293e-01,7.060982645587219331e-01,6.699992168044565233e+02,4.955491608463806870e+02,-1.744500559580758363e+02,1.744500559580758363e+02
-8.000000000000000167e-02,1.933333333333333293e-01,7.032823344470759963e-01,6.708928743287146972e+02,4.935216911659956054e+02,-1.773711831627191486e+02,1.773711831627191486e+02
-7.333333333333333370e-02,1.933333333333333293e-01,7.003448409268372421e-01,6.716363373595216899e+02,4.914066958314236899e+02,-1.802296415280980000e+02,1.802296415280980000e+02
-6.666666666666667962e-02,1.933333333333333293e-01,6.972821914339781824e-01,6.722238215689465051e+02,4.892015881965651829e+02,-1.830222333723814074e+02,1.830222333723814074e+02
-6.000000000000000472e-02,1.933333333333333293e-01,6.940908518863905252e-01,6.726495018003549831e+02,4.869038237223020360e+02,-1.857456780780529471e+02,1.857456780780529471e+02
-5.333333333333333676e-02,1.933333333333333293e-01,6.907673663538446140e-01,6.729075326387019231e+02,4.845109141388689977e+02,-1.883966184998328686e+02,1.883966184998328686e+02
-4.666666666666666879e-02,1.933333333333333293e-01,6.873083781673429149e-01,6.729920711398435742e+02,4.820204426445877743e+02,-1.909716284952557999e+02,1.909716284952557999e+02
-4.000000000000000083e-02,1.933333333333333293e-01,6.837106524416551867e-01,6.728973017608800546e+02,4.794300801220925905e+02,-1.934672216387874073e+02,1.934672216387874073e+02
-3.333333333333333981e-02,1.933333333333333293e-01,6.799710999641370712e-01,6.726174635121378742e+02,4.767376023382796006e+02,-1.958798611738583304e+02,1.958798611738583304e+02
-2.666666666666667185e-02,1.933333333333333293e-01,6.760868023799304627e-01,6.721468793265187287e+02,4.739409080776508176e+02,-1.982059712488679679e+02,1.982059712488679679e+02
-2.000000000000000389e-02,1.933333333333333293e-01,6.720550385784452851e-01,6.714799876135105023e+02,4.710380381405814774e+02,-2.004419494729290818e+02,2.004419494729290818e+02
-1.333333333333333592e-02,1.933333333333333293e-01,6.678733121587737687e-01,6.706113759332054087e+02,4.680271951184180352e+02,-2.025841808147873735e+02,2.025841808147873735e+02
-6.666666666666667962e-03,1.933333333333333293e-01,6.635393798226258966e-01,6.695358166902713037e+02,4.649067638363915194e+02,-2.046290528538797275e+02,2.046290528538797275e+02
0.000000000000000000e+00,1.933333333333333293e-01,6.590512805128444507e-01,6.682483047092216566e+02,4.616753323333488765e+02,-2.065729723758728369e+02,2.065729723758728369e+02
6.666666666666667962e-03,1.933333333333333293e-01,6.544073650839633549e-01,6.667440965108147566e+02,4.583317132245545054e+02,-2.084123832862602796e+02,2.084123832862602796e+02
1.333333333333333592e-02,1.933333333333333293e-01,6.496063262591557086e-01,6.650187510654839116e+02,4.548749652706929965e+02,-2.101437857947908583e+02,2.101437857947908583e+02
2.000000000000000389e-02,1.933333333333333293e-01,6.446472285958836368e-01,6.630681717539216606e+02,4.513044149531370977e+02,-2.117637568007845914e+02,2.117637568007845914e+02
2.666666666666667185e-02,1.933333333333333293e-01,6.395295381513536048e-01,6.608886492180911318e+02,4.476196778330755137e+02,-2.132689713850155897e+02,2.132689713850155897e+02
3.333333333333332593e-02,1.933333333333333293e-01,6.342531515092915129e-01,6.584769047388836043e+02,4.438206794507907489e+02,-2.146562252880928838e+02,2.146562252880928838e+02
4.000000000000000777e-02,1.933333333333333293e-01,6.288184238024913109e-01,6.558301337304544631e+02,4.399076755018946301e+02,-2.159224582285598615e+02,2.159224582285598615e+02
4.666666666666666186e-02,1.933333333333333293e-01,6.232261953420183964e-01,6.529460488970905772e+02,4.358812710103541690e+02,-2.170647778867363797e+02,2.170647778867363797e+02
5.333333333333334370e-02,1.933333333333333293e-01,6.174778164448505580e-01,6.498229225576014869e+02,4.317424382043932951e+02,-2.180804843532081918e+02,2.180804843532081918e+02
5.999999999999999778e-02,1.933333333333333293e-01,6.115751700381594214e-01,6.464596276060556193e+02,4.274925327915756839e+02,-2.189670948144799638e+02,2.189670948144799638e+02
6.666666666666667962e-02,1.933333333333333293e-01,6.055206916113405891e-01,6.428556765476176906e+02,4.231333083242661246e+02,-2.197223682233515660e+02,2.197223682233515660e+02
7.333333333333333370e-02,1.933333333333333293e-01,5.993173860872553771e-01,6.390112580257562058e+02,4.186669283469248057e+02,-2.203443296788313432e+02,2.203443296788313432e+02
8.000000000000001554e-02,1.933333333333333293e-01,5.929688411927922509e-01,6.349272702435653173e+02,4.140959760229113158e+02,-2.208312942206540299e+02,2.208312942206540299e+02
8.666666666666666963e-02,1.933333333333333293e-01,5.864792369264794081e-01,6.306053506787050082e+02,4.094234609511660210e+02,-2.211818897275390157e+02,2.211818897275390157e+02
9.333333333333335147e-02,1.933333333333333293e-01,5.798533507480283511e-01,6.260479014996894875e+02,4.046528229026812937e+02,-2.213950785970081370e+02,2.213950785970081370e+02
1.000000000000000056e-01,1.933333333333333293e-01,5.730965581516207497e-01,6.212581101118755669e+02,3.997879322332678385e+02,-2.214701778786078137e+02,2.214701778786078137e+02
1.066666666666666874e-01,1.933333333333333293e-01,5.662148283315217023e-01,6.162399642952245813e+02,3.948330867627964835e+02,-2.214068775324280693e+02,2.214068775324280693e+02
1.133333333333333415e-01,1.933333333333333293e-01,5.592147147049214562e-01,6.109982614430673493e+02,3.897930049516443205e+02,-2.212052564914231141e+02,2.212052564914231141e+02
1.199999999999999956e-01,1.933333333333333293e-01,5.521033401221862036e-01,6.055386114716844759e+02,3.846728152520749404e+02,-2.208657962196095355e+02,2.208657962196095355e+02
1.266666666666666774e-01,1.933333333333333293e-01,5.448883766680183705e-01,5.998674330440510403e+02,3.794780415650740792e+02,-2.203893914789769326e+02,2.203893914789769326e+02
1.333333333333333315e-01,1.933333333333333293e-01,5.375780200371288453e-01,5.939919428367441014e+02,3.742145847908336691e+02,-2.197773580459104039e+02,2.197773580459104039e+02
1.400000000000000133e-01,1.933333333333333293e-01,5.301809585533413527e-01,5.879201376753883324e+02,3.688887005225067242e+02,-2.190314371528816366e+02,2.190314371528816366e+02
1.466666666666666674e-01,1.933333333333333293e-01,5.227063369897354539e-01,5.816607694693900612e+02,3.635069729967103740e+02,-2.181537964726796872e+02,2.181537964726796872e+02
1.533333333333333492e-01,1.933333333333333293e-01,5.151637154374165695e-01,5.752233129888948042e+02,3.580762854790407914e+02,-2.171470275098540696e+02,2.171470275098540696e+02
1.600000000000000033e-01,1.933333333333333293e-01,5.075630235595159911e-01,5.686179266433607609e+02,3.526037873269523857e+02,-2.160141393164083183e+02,2.160141393164083183e+02
1.666666666666666574e-01,1.933333333333333293e-01,4.999145106527290716e-01,5.618554065390871983e+02,3.470968580340658036e+02,-2.147585485050213379e+02,2.147585485050213379e+02
1.733333333333333670e-01,1.933333333333333293e-01,4.922286920187429748e-01,5.549471342094759621e+02,3.415630686175958317e+02,-2.133840655918801588e+02,2.133840655918801588e+02
1.800000000000000211e-01,1.933333333333333293e-01,4.845162922199863775e-01,5.479050185236492325e+02,3.360101407624911189e+02,-2.118948777611581420e+02,2.118948777611581420e+02
1.866666666666666752e-01,1.933333333333333293e-01,4.767881858561412445e-01,5.407414323832672380e+02,3.304459041805225752e+02,-2.102955282027446913e+02,2.102955282027446913e+02
1.933333333333333293e-01,1.933333333333333293e-01,4.690553365479357417e-01,5.334691449110973736e+02,3.248782526786146150e+02,-2.085908922324827017e+02,2.085908922324827017e+02
2.000000000000000389e-01,1.933333333333333293e-01,4.613287348513306352e-01,5.261012499154051056e+02,3.193150994570589205e+02,-2.067861504583462136e+02,2.067861504583462136e+02
2.066666666666666929e-01,1.933333333333333293e-01,4.536193358472045967e-01,5.186510914793497022e+02,3.137643321740882243e+02,-2.048867593052615064e+02,2.048867593052615064e+02
2.133333333333333470e-01,1.933333333333333293e-01,4.459379971583394831e-01,5.111321875724224810e+02,3.082337683181053762e+02,-2.028984192543171048e+02,2.028984192543171048e+02
2.200000000000000011e-01,1.933333333333333293e-01,4.382954181366925939e-01,5.035581526103165402e+02,3.027311114225195752e+02,-2.008270411877969366e+02,2.008270411877969366e+02
2.266666666666666552e-01,1.933333333333333293e-01,4.307020809398995898e-01,4.959426198997426809e+02,2.972639086408286175e+02,-1.986787112589140634e+02,1.986787112589140634e+02
2.333333333333333648e-01,1.933333333333333293e-01,4.231681941774306788e-01,4.882991648955447772e+02,2.918395101718509750e+02,-1.964596547236938022e+02,1.964596547236938022e+02
2.400000000000000189e-01,1.933333333333333293e-01,4.157036397550172291e-01,4.806412301695160068e+02,2.864650309877133054e+02,-1.941761991818027013e+02,1.941761991818027013e+02
2.466666666666666730e-01,1.933333333333333293e-01,4.083179234824569348e-01,4.729820529446719775e+02,2.811473152714698927e+02,-1.918347376732020564e+02,1.918347376732020564e+02
2.533333333333332993e-01,1.933333333333333293e-01,4.010201299366051297e-01,4.653345959870018191e+02,2.758929039184565681e+02,-1.894416920685452510e+02,1.894416920685452510e+02
2.600000000000000089e-01,1.933333333333333293e-01,3.938188819904054894e-01,4.577114825709486468e+02,2.707080053971928351e+02,-1.870034771737558117e+02,1.870034771737558117e+02
2.666666666666667185e-01,1.933333333333333293e-01,3.867223053325135607e-01,4.501249361474692705e+02,2.655984702035106579e+02,-1.845264659439586126e+02,1.845264659439586126e+02
2.733333333333333171e-01,1.933333333333333293e-01,3.797379982127794817e-01,4.425867252471390429e+02,2.605697690773021122e+02,-1.820169561698369307e+02,1.820169561698369307e+02
2.800000000000000266e-01,1.933333333333333293e-01,3.728730065589258569e-01,4.351081140482059482e+02,2.556269750865275228e+02,-1.794811389616784254e+02,1.794811389616784254e+02
2.866666666666667362e-01,1.933333333333333293e-01,3.661338045214129755e-01,4.276998189335798770e+02,2.507747496195182464e+02,-1.769250693140616590e+02,1.769250693140616590e+02
2.933333333333333348e-01,1.933333333333333293e-01,3.595262804187734362e-01,4.203719712542232969e+02,2.460173322656177675e+02,-1.743546389886055294e+02,1.743546389886055294e+02
2.999999999999999889e-01,1.933333333333333293e-01,3.530557279764420242e-01,4.131340864118986360e+02,2.413585345071391544e+02,-1.717755519047594817e+02,1.717755519047594817e+02
-1.000000000000000056e-01,2.000000000000000389e-01,7.071210876792194400e-01,6.643629900146396494e+02,4.965837166083075545e+02,-1.677792734063320950e+02,1.677792734063320950e+02
-9.333333333333333759e-02,2.000000000000000389e-01,7.045373624397157641e-01,6.655399371895672402e+02,4.947234344358648741e+02,-1.708165027537023377e+02,1.708165027537023377e+02
-8.666666666666666963e-02,2.000000000000000389e-01,7.018393629134553890e-01,6.665780641793970744e+02,4.927808747769574325e+02,-1.737971894024396420e+02,1.737971894024396420e+02
-8.000000000000000167e-02,2.000000000000000389e-01,6.990234328018094523e-01,6.674717217036552483e+02,4.907534050965723509e+02,-1.767183166070829259e+02,1.767183166070829259e+02
-7.333333333333333370e-02,2.000000000000000389e-01,6.960859392815706981e-01,6.682151847344622411e+02,4.886384097620004354e+02,-1.795767749724617488e+02,1.795767749724617488e+02
-6.666666666666667962e-02,2.000000000000000389e-01,6.930232897887116383e-01,6.688026689438870562e+02,4.864333021271419284e+02,-1.823693668167451847e+02,1.823693668167451847e+02
-6.000000000000000472e-02,2.000000000000000389e-01,6.898319502411239812e-01,6.692283491752955342e+02,4.841355376528787815e+02,-1.850928115224167527e+02,1.850928115224167527e+02
-5.333333333333333676e-02,2.000000000000000389e-01,6.865084647085780700e-01,6.694863800136424743e+02,4.817426280694457432e+02,-1.877437519441966174e+02,1.877437519441966174e+02
-4.666666666666666879e-02,2.000000000000000389e-01,6.830494765220763709e-01,6.695709185147841254e+02,4.792521565751645198e+02,-1.903187619396196055e+02,1.903187619396196055e+02
-4.000000000000000083e-02,2.000000000000000389e-01,6.794517507963886427e-01,6.694761491358206058e+02,4.766617940526693360e+02,-1.928143550831512130e+02,1.928143550831512130e+02
-3.333333333333333981e-02,2.000000000000000389e-01,6.757121983188705272e-01,6.691963108870784254e+02,4.739693162688563461e+02,-1.952269946182221361e+02,1.952269946182221361e+02
-2.666666666666667185e-02,2.000000000000000389e-01,6.718279007346639187e-01,6.687257267014592799e+02,4.711726220082275631e+02,-1.975531046932317736e+02,1.975531046932317736e+02
-2.000000000000000389e-02,2.000000000000000389e-01,6.677961369331787411e-01,6.680588349884510535e+02,4.682697520711582229e+02,-1.997890829172928306e+02,1.997890829172928306e+02
-1.333333333333333592e-02,2.000000000000000389e-01,6.636144105135073357e-01,6.671902233081459599e+02,4.652589090489947807e+02,-2.019313142591511507e+02,2.019313142591511507e+02
-6.666666666666667962e-03,2.000000000000000389e-01,6.592804781773593525e-01,6.661146640652118549e+02,4.621384777669682649e+02,-2.039761862982435048e+02,2.039761862982435048e+02
0.000000000000000000e+00,2.000000000000000389e-01,6.547923788675779067e-01,6.648271520841622078e+02,4.589070462639256220e+02,-2.059201058202366141e+02,2.059201058202366141e+02
6.666666666666667962e-03,2.000000000000000389e-01,6.501484634386969219e-01,6.633229438857553077e+02,4.555634271551312509e+02,-2.077595167306240569e+02,2.077595167306240569e+02
1.333333333333333592e-02,2.000000000000000389e-01,6.453474246138892756e-01,6.615975984404244628e+02,4.521066792012697420e+02,-2.094909192391546355e+02,2.094909192391546355e+02
2.000000000000000389e-02,2.000000000000000389e-01,6.403883269506170928e-01,6.596470191288622118e+02,4.485361288837138432e+02,-2.111108902451483686e+02,2.111108902451483686e+02
2.666666666666667185e-02,2.000000000000000389e-01,6.352706365060871718e-01,6.574674965930316830e+02,4.448513917636522592e+02,-2.126161048293793669e+02,2.126161048293793669e+02
3.333333333333332593e-02,2.000000000000000389e-01,6.299942498640249688e-01,6.550557521138241555e+02,4.410523933813674944e+02,-2.140033587324566611e+02,2.140033587324566611e+02
4.000000000000000777e-02,2.000000000000000389e-01,6.245595221572248779e-01,6.524089811053950143e+02,4.371393894324713756e+02,-2.152695916729236387e+02,2.152695916729236387e+02
4.666666666666666186e-02,2.000000000000000389e-01,6.189672936967518524e-01,6.495248962720311283e+02,4.331129849409309145e+02,-2.164119113311001570e+02,2.164119113311001570e+02
5.333333333333334370e-02,2.000000000000000389e-01,6.132189147995840139e-01,6.464017699325420381e+02,4.289741521349700406e+02,-2.174276177975719690e+02,2.174276177975719690e+02
5.999999999999999778e-02,2.000000000000000389e-01,6.073162683928929884e-01,6.430384749809961704e+02,4.247242467221524294e+02,-2.183142282588437411e+02,2.183142282588437411e+02
6.666666666666667962e-02,2.000000000000000389e-01,6.012617899660741561e-01,6.394345239225582418e+02,4.203650222548428701e+02,-2.190695016677153433e+02,2.190695016677153433e+02
7.333333333333333370e-02,2.000000000000000389e-01,5.950584844419888331e-01,6.355901054006967570e+02,4.158986422775015512e+02,-2.196914631231951205e+02,2.196914631231951205e+02
8.000000000000001554e-02,2.000000000000000389e-01,5.887099395475257069e-01,6.315061176185058684e+02,4.113276899534880613e+02,-2.201784276650178072e+02,2.201784276650178072e+02
8.666666666666666963e-02,2.000000000000000389e-01,5.822203352812128641e-01,6.271841980536455594e+02,4.066551748817427665e+02,-2.205290231719027929e+02,2.205290231719027929e+02
9.333333333333335147e-02,2.000000000000000389e-01,5.755944491027618071e-01,6.226267488746300387e+02,4.018845368332580392e+02,-2.207422120413719142e+02,2.207422120413719142e+02
1.000000000000000056e-01,2.000000000000000389e-01,5.688376565063542056e-01,6.178369574868161180e+02,3.970196461638445840e+02,-2.208173113229715909e+02,2.208173113229715909e+02
1.066666666666666874e-01,2.000000000000000389e-01,5.619559266862551583e-01,6.128188116701651325e+02,3.920648006933732290e+02,-2.207540109767918466e+02,2.207540109767918466e+02
1.133333333333333415e-01,2.000000000000000389e-01,5.549558130596549121e-01,6.075771088180079005e+02,3.870247188822210660e+02,-2.205523899357868913e+02,2.205523899357868913e+02
1.199999999999999956e-01,2.000000000000000389e-01,5.478444384769196596e-01,6.021174588466250270e+02,3.819045291826516859e+02,-2.202129296639733127e+02,2.202129296639733127e+02
1.266666666666666774e-01,2.000000000000000389e-01,5.406294750227518264e-01,5.964462804189915914e+02,3.767097554956508247e+02,-2.197365249233407098e+02,2.197365249233407098e+02
1.333333333333333315e-01,2.000000000000000389e-01,5.333191183918624123e-01,5.905707902116846526e+02,3.714462987214104146e+02,-2.191244914902741812e+02,2.191244914902741812e+02
1.400000000000000133e-01,2.000000000000000389e-01,5.259220569080749197e-01,5.844989850503288835e+02,3.661204144530834697e+02,-2.183785705972454139e+02,2.183785705972454139e+02
1.466666666666666674e-01,2.000000000000000389e-01,5.184474353444689099e-01,5.782396168443306124e+02,3.607386869272871763e+02,-2.175009299170434645e+02,2.175009299170434645e+02
1.533333333333333492e-01,2.000000000000000389e-01,5.109048137921500254e-01,5.718021603638353554e+02,3.553079994096175369e+02,-2.164941609542178469e+02,2.164941609542178469e+02
1.600000000000000033e-01,2.000000000000000389e-01,5.033041219142494471e-01,5.651967740183013120e+02,3.498355012575291312e+02,-2.153612727607720956e+02,2.153612727607720956e+02
1.666666666666666574e-01,2.000000000000000389e-01,4.956556090074625276e-01,5.584342539140277495e+02,3.443285719646425491e+02,-2.141056819493851151e+02,2.141056819493851151e+02
1.733333333333333670e-01,2.000000000000000389e-01,4.879697903734764863e-01,5.515259815844165132e+02,3.387947825481726341e+02,-2.127311990362439360e+02,2.127311990362439360e+02
1.800000000000000211e-01,2.000000000000000389e-01,4.802573905747198890e-01,5.444838658985897837e+02,3.332418546930678644e+02,-2.112420112055219192e+02,2.112420112055219192e+02
1.866666666666666752e-01,2.000000000000000389e-01,4.725292842108747005e-01,5.373202797582077892e+02,3.276776181110993207e+02,-2.096426616471084685e+02,2.096426616471084685e+02
1.933333333333333293e-01,2.000000000000000389e-01,4.647964349026691977e-01,5.300479922860379247e+02,3.221099666091913605e+02,-2.079380256768464790e+02,2.079380256768464790e+02
2.000000000000000389e-01,2.000000000000000389e-01,4.570698332060640912e-01,5.226800972903456568e+02,3.165468133876356660e+02,-2.061332839027099908e+02,2.061332839027099908e+02
2.066666666666666929e-01,2.000000000000000389e-01,4.493604342019381082e-01,5.152299388542902534e+02,3.109960461046649698e+02,-2.042338927496252836e+02,2.042338927496252836e+02
2.133333333333333470e-01,2.000000000000000389e-01,4.416790955130729945e-01,5.077110349473630322e+02,3.054654822486821217e+02,-2.022455526986808820e+02,2.022455526986808820e+02
2.200000000000000011e-01,2.000000000000000389e-01,4.340365164914261054e-01,5.001369999852570913e+02,2.999628253530963207e+02,-2.001741746321607138e+02,2.001741746321607138e+02
2.266666666666666552e-01,2.000000000000000389e-01,4.264431792946330457e-01,4.925214672746832321e+02,2.944956225714053630e+02,-1.980258447032778690e+02,1.980258447032778690e+02
2.333333333333333648e-01,2.000000000000000389e-01,4.189092925321641347e-01,4.848780122704853284e+02,2.890712241024277205e+02,-1.958067881680575795e+02,1.958067881680575795e+02
2.400000000000000189e-01,2.000000000000000389e-01,4.114447381097506851e-01,4.772200775444565579e+02,2.836967449182900509e+02,-1.935233326261664786e+02,1.935233326261664786e+02
2.466666666666666730e-01,2.000000000000000389e-01,4.040590218371904463e-01,4.695609003196125286e+02,2.783790292020466381e+02,-1.911818711175658336e+02,1.911818711175658336e+02
2.533333333333332993e-01,2.000000000000000389e-01,3.967612282913386412e-01,4.619134433619423703e+02,2.731246178490333705e+02,-1.887888255129089998e+02,1.887888255129089998e+02
2.600000000000000089e-01,2.000000000000000389e-01,3.895599803451389453e-01,4.542903299458891979e+02,2.679397193277695806e+02,-1.863506106181195889e+02,1.863506106181195889e+02
2.666666666666667185e-01,2.000000000000000389e-01,3.824634036872470721e-01,4.467037835224098217e+02,2.628301841340874034e+02,-1.838735993883223898e+02,1.838735993883223898e+02
2.733333333333333171e-01,2.000000000000000389e-01,3.754790965675129932e-01,4.391655726220795941e+02,2.578014830078788577e+02,-1.813640896142007364e+02,1.813640896142007364e+02
2.800000000000000266e-01,2.000000000000000389e-01,3.686141049136593129e-01,4.316869614231464993e+02,2.528586890171042683e+02,-1.788282724060422311e+02,1.788282724060422311e+02
2.866666666666667362e-01,2.000000000000000389e-01,3.618749028761464315e-01,4.242786663085204282e+02,2.480064635500950203e+02,-1.762722027584254363e+02,1.762722027584254363e+02
2.933333333333333348e-01,2.000000000000000389e-01,3.552673787735069477e-01,4.169508186291638481e+02,2.432490461961945414e+02,-1.737017724329693067e+02,1.737017724329693067e+02
2.999999999999999889e-01,2.000000000000000389e-01,3.487968263311755357e-01,4.097129337868391872e+02,2.385902484377159283e+02,-1.711226853491232305e+02,1.711226853491232305e+02
-1.000000000000000056e-01,2.066666666666666929e-01,7.028879291162413168e-01,6.609192019979217321e+02,4.938321635423717453e+02,-1.670870384555499868e+02,1.670870384555499868e+02
-9.333333333333333759e-02,2.066666666666666929e-01,7.003042038767376409e-01,6.620961491728493229e+02,4.919718813699290649e+02,-1.701242678029202295e+02,1.701242678029202295e+02
-8.666666666666666963e-02,2.066666666666666929e-01,6.976062043504772658e-01,6.631342761626791571e+02,4.900293217110216801e+02,-1.731049544516575338e+02,1.731049544516575338e+02
-8.000000000000000167e-02,2.066666666666666929e-01,6.947902742388313291e-01,6.640279336869373310e+02,4.880018520306365417e+02,-1.760260816563008177e+02,1.760260816563008177e+02
-7.333333333333333370e-02,2.066666666666666929e-01,6.918527807185925749e-01,6.647713967177443237e+02,4.858868566960646831e+02,-1.788845400216796406e+02,1.788845400216796406e+02
-6.666666666666667962e-02,2.066666666666666929e-01,6.887901312257335151e-01,6.653588809271691389e+02,4.836817490612061192e+02,-1.816771318659630765e+02,1.816771318659630765e+02
-6.000000000000000472e-02,2.066666666666666929e-01,6.855987916781458580e-01,6.657845611585776169e+02,4.813839845869430292e+02,-1.844005765716346446e+02,1.844005765716346446e+02
-5.333333333333333676e-02,2.066666666666666929e-01,6.822753061455999468e-01,6.660425919969245570e+02,4.789910750035099909e+02,-1.870515169934145092e+02,1.870515169934145092e+02
-4.666666666666666879e-02,2.066666666666666929e-01,6.788163179590982477e-01,6.661271304980662080e+02,4.765006035092287675e+02,-1.896265269888374974e+02,1.896265269888374974e+02
-4.000000000000000083e-02,2.066666666666666929e-01,6.752185922334105195e-01,6.660323611191026885e+02,4.739102409867335837e+02,-1.921221201323691048e+02,1.921221201323691048e+02
-3.333333333333333981e-02,2.066666666666666929e-01,6.714790397558924040e-01,6.657525228703605080e+02,4.712177632029205370e+02,-1.945347596674400279e+02,1.945347596674400279e+02
-2.666666666666667185e-02,2.066666666666666929e-01,6.675947421716857955e-01,6.652819386847413625e+02,4.684210689422917540e+02,-1.968608697424496654e+02,1.968608697424496654e+02
-2.000000000000000389e-02,2.066666666666666929e-01,6.635629783702006179e-01,6.646150469717331362e+02,4.655181990052224137e+02,-1.990968479665107225e+02,1.990968479665107225e+02
-1.333333333333333592e-02,2.066666666666666929e-01,6.593812519505291014e-01,6.637464352914280425e+02,4.625073559830590284e+02,-2.012390793083690426e+02,2.012390793083690426e+02
-6.666666666666667962e-03,2.066666666666666929e-01,6.550473196143812293e-01,6.626708760484939376e+02,4.593869247010325125e+02,-2.032839513474613966e+02,2.032839513474613966e+02
0.000000000000000000e+00,2.066666666666666929e-01,6.505592203045997834e-01,6.613833640674442904e+02,4.561554931979898129e+02,-2.052278708694545060e+02,2.052278708694545060e+02
6.666666666666667962e-03,2.066666666666666929e-01,6.459153048757186877e-01,6.598791558690373904e+02,4.528118740891954985e+02,-2.070672817798419487e+02,2.070672817798419487e+02
1.333333333333333592e-02,2.066666666666666929e-01,6.411142660509110414e-01,6.581538104237065454e+02,4.493551261353339896e+02,-2.087986842883725274e+02,2.087986842883725274e+02
2.000000000000000389e-02,2.066666666666666929e-01,6.361551683876389696e-01,6.562032311121442945e+02,4.457845758177780908e+02,-2.104186552943662605e+02,2.104186552943662605e+02
2.666666666666667185e-02,2.066666666666666929e-01,6.310374779431089376e-01,6.540237085763137657e+02,4.420998386977164500e+02,-2.119238698785972588e+02,2.119238698785972588e+02
3.333333333333332593e-02,2.066666666666666929e-01,6.257610913010468456e-01,6.516119640971062381e+02,4.383008403154317421e+02,-2.133111237816745529e+02,2.133111237816745529e+02
4.000000000000000777e-02,2.066666666666666929e-01,6.203263635942466436e-01,6.489651930886770970e+02,4.343878363665355664e+02,-2.145773567221415306e+02,2.145773567221415306e+02
4.666666666666666186e-02,2.066666666666666929e-01,6.147341351337737292e-01,6.460811082553132110e+02,4.303614318749951053e+02,-2.157196763803180488e+02,2.157196763803180488e+02
5.333333333333334370e-02,2.066666666666666929e-01,6.089857562366058907e-01,6.429579819158241207e+02,4.262225990690342314e+02,-2.167353828467898609e+02,2.167353828467898609e+02
5.999999999999999778e-02,2.066666666666666929e-01,6.030831098299147541e-01,6.395946869642782531e+02,4.219726936562166202e+02,-2.176219933080616329e+02,2.176219933080616329e+02
6.666666666666667962e-02,2.066666666666666929e-01,5.970286314030959218e-01,6.359907359058403244e+02,4.176134691889070609e+02,-2.183772667169332351e+02,2.183772667169332351e+02
7.333333333333333370e-02,2.066666666666666929e-01,5.908253258790107099e-01,6.321463173839788396e+02,4.131470892115657989e+02,-2.189992281724130123e+02,2.189992281724130123e+02
8.000000000000001554e-02,2.066666666666666929e-01,5.844767809845475837e-01,6.280623296017879511e+02,4.085761368875522521e+02,-2.194861927142356990e+02,2.194861927142356990e+02
8.666666666666666963e-02,2.066666666666666929e-01,5.779871767182347408e-01,6.237404100369276421e+02,4.039036218158070142e+02,-2.198367882211206847e+02,2.198367882211206847e+02
9.333333333333335147e-02,2.066666666666666929e-01,5.713612905397836839e-01,6.191829608579121214e+02,3.991329837673222301e+02,-2.200499770905898060e+02,2.200499770905898060e+02
1.000000000000000056e-01,2.066666666666666929e-01,5.646044979433760824e-01,6.143931694700982007e+02,3.942680930979088316e+02,-2.201250763721894828e+02,2.201250763721894828e+02
1.066666666666666874e-01,2.066666666666666929e-01,5.577227681232770351e-01,6.093750236534472151e+02,3.893132476274374767e+02,-2.200617760260097384e+02,2.200617760260097384e+02
1.133333333333333415e-01,2.066666666666666929e-01,5.507226544966767889e-01,6.041333208012899831e+02,3.842731658162853137e+02,-2.198601549850047832e+02,2.198601549850047832e+02
1.199999999999999956e-01,2.066666666666666929e-01,5.436112799139415364e-01,5.986736708299071097e+02,3.791529761167158767e+02,-2.195206947131912045e+02,2.195206947131912045e+02
1.266666666666666774e-01,2.066666666666666929e-01,5.363963164597737032e-01,5.930024924022736741e+02,3.739582024297150156e+02,-2.190442899725586017e+02,2.190442899725586017e+02
1.333333333333333315e-01,2.066666666666666929e-01,5.290859598288841781e-01,5.871270021949667353e+02,3.686947456554746623e+02,-2.184322565394920730e+02,2.184322565394920730e+02
1.400000000000000133e-01,2.066666666666666929e-01,5.216888983450966855e-01,5.810551970336109662e+02,3.633688613871476605e+02,-2.176863356464633057e+02,2.176863356464633057e+02
1.466666666666666674e-01,2.066666666666666929e-01,5.142142767814907867e-01,5.747958288276126950e+02,3.579871338613513672e+02,-2.168086949662613563e+02,2.168086949662613563e+02
1.533333333333333492e-01,2.066666666666666929e-01,5.066716552291719022e-01,5.683583723471174380e+02,3.525564463436817277e+02,-2.158019260034357387e+02,2.158019260034357387e+02
1.600000000000000033e-01,2.066666666666666929e-01,4.990709633512713239e-01,5.617529860015833947e+02,3.470839481915933220e+02,-2.146690378099899874e+02,2.146690378099899874e+02
1.666666666666666574e-01,2.066666666666666929e-01,4.914224504444844044e-01,5.549904658973098321e+02,3.415770188987067968e+02,-2.134134469986030069e+02,2.134134469986030069e+02
1.733333333333333670e-01,2.066666666666666929e-01,4.837366318104983076e-01,5.480821935676985959e+02,3.360432294822368249e+02,-2.120389640854618278e+02,2.120389640854618278e+02
1.800000000000000211e-01,2.066666666666666929e-01,4.760242320117417103e-01,5.410400778818718663e+02,3.304903016271320553e+02,-2.105497762547398111e+02,2.105497762547398111e+02
1.866666666666666752e-01,2.066666666666666929e-01,4.682961256478965772e-01,5.338764917414898719e+02,3.249260650451635684e+02,-2.089504266963263603e+02,2.089504266963263603e+02
1.933333333333333293e-01,2.066666666666666929e-01,4.605632763396910745e-01,5.266042042693200074e+02,3.193584135432555513e+02,-2.072457907260643708e+02,2.072457907260643708e+02
2.000000000000000389e-01,2.066666666666666929e-01,4.528366746430859680e-01,5.192363092736277395e+02,3.137952603216998568e+02,-2.054410489519278826e+02,2.054410489519278826e+02
2.066666666666666929e-01,2.066666666666666929e-01,4.451272756389599294e-01,5.117861508375723361e+02,3.082444930387291606e+02,-2.035416577988431754e+02,2.035416577988431754e+02
2.133333333333333470e-01,2.066666666666666929e-01,4.374459369500948158e-01,5.042672469306451148e+02,3.027139291827463126e+02,-2.015533177478987739e+02,2.015533177478987739e+02
2.200000000000000011e-01,2.066666666666666929e-01,4.298033579284479266e-01,4.966932119685391740e+02,2.972112722871605683e+02,-1.994819396813786057e+02,1.994819396813786057e+02
2.266666666666666552e-01,2.066666666666666929e-01,4.222100207316549225e-01,4.890776792579653147e+02,2.917440695054695539e+02,-1.973336097524957609e+02,1.973336097524957609e+02
2.333333333333333648e-01,2.066666666666666929e-01,4.146761339691860115e-01,4.814342242537674110e+02,2.863196710364919682e+02,-1.951145532172754713e+02,1.951145532172754713e+02
2.400000000000000189e-01,2.066666666666666929e-01,4.072115795467725619e-01,4.737762895277386406e+02,2.809451918523542417e+02,-1.928310976753843704e+02,1.928310976753843704e+02
2.466666666666666730e-01,2.066666666666666929e-01,3.998258632742122676e-01,4.661171123028946113e+02,2.756274761361108858e+02,-1.904896361667837255e+02,1.904896361667837255e+02
2.533333333333332993e-01,2.066666666666666929e-01,3.925280697283604625e-01,4.584696553452244530e+02,2.703730647830975613e+02,-1.880965905621268917e+02,1.880965905621268917e+02
2.600000000000000089e-01,2.066666666666666929e-01,3.853268217821608221e-01,4.508465419291712806e+02,2.651881662618337714e+02,-1.856583756673374808e+02,1.856583756673374808e+02
2.666666666666667185e-01,2.066666666666666929e-01,3.782302451242688934e-01,4.432599955056919043e+02,2.600786310681515943e+02,-1.831813644375402816e+02,1.831813644375402816e+02
2.733333333333333171e-01,2.066666666666666929e-01,3.712459380045348145e-01,4.357217846053616768e+02,2.550499299419430770e+02,-1.806718546634186282e+02,1.806718546634186282e+02
2.800000000000000266e-01,2.066666666666666929e-01,3.643809463506811896e-01,4.282431734064285820e+02,2.501071359511684875e+02,-1.781360374552601229e+02,1.781360374552601229e+02
2.866666666666667362e-01,2.066666666666666929e-01,3.576417443131683083e-01,4.208348782918025108e+02,2.452549104841592111e+02,-1.755799678076433281e+02,1.755799678076433281e+02
2.933333333333333348e-01,2.066666666666666929e-01,3.510342202105287690e-01,4.135070306124459307e+02,2.404974931302587606e+02,-1.730095374821871985e+02,1.730095374821871985e+02
2.999999999999999889e-01,2.066666666666666929e-01,3.445636677681973570e-01,4.062691457701212698e+02,2.358386953717801475e+02,-1.704304503983411223e+02,1.704304503983411223e+02
-1.000000000000000056e-01,2.133333333333333470e-01,6.986838618279664903e-01,6.574568066444414853e+02,4.910995198049931787e+02,-1.663572868394483066e+02,1.663572868394483066e+02
-9.333333333333333759e-02,2.133333333333333470e-01,6.961001365884629255e-01,6.586337538193690762e+02,4.892392376325504983e+02,-1.693945161868185778e+02,1.693945161868185778e+02
-8.666666666666666963e-02,2.133333333333333470e-01,6.934021370622025504e-01,6.596718808091989104e+02,4.872966779736430567e+02,-1.723752028355558537e+02,1.723752028355558537e+02
-8.000000000000000167e-02,2.133333333333333470e-01,6.905862069505566136e-01,6.605655383334571980e+02,4.852692082932579751e+02,-1.752963300401991660e+02,1.752963300401991660e+02
-7.333333333333333370e-02,2.133333333333333470e-01,6.876487134303177484e-01,6.613090013642640770e+02,4.831542129586860597e+02,-1.781547884055779889e+02,1.781547884055779889e+02
-6.666666666666667962e-02,2.133333333333333470e-01,6.845860639374587997e-01,6.618964855736890058e+02,4.809491053238275526e+02,-1.809473802498613964e+02,1.809473802498613964e+02
-6.000000000000000472e-02,2.133333333333333470e-01,6.813947243898710315e-01,6.623221658050974838e+02,4.786513408495644057e+02,-1.836708249555329644e+02,1.836708249555329644e+02
-5.333333333333333676e-02,2.133333333333333470e-01,6.780712388573251204e-01,6.625801966434441965e+02,4.762584312661313675e+02,-1.863217653773128575e+02,1.863217653773128575e+02
-4.666666666666666879e-02,2.133333333333333470e-01,6.746122506708234212e-01,6.626647351445859613e+02,4.737679597718501441e+02,-1.888967753727358172e+02,1.888967753727358172e+02
-4.000000000000000083e-02,2.133333333333333470e-01,6.710145249451358040e-01,6.625699657656223280e+02,4.711775972493549602e+02,-1.913923685162674246e+02,1.913923685162674246e+02
-3.333333333333333981e-02,2.133333333333333470e-01,6.672749724676176886e-01,6.622901275168803750e+02,4.684851194655419704e+02,-1.938050080513383477e+02,1.938050080513383477e+02
-2.666666666666667185e-02,2.133333333333333470e-01,6.633906748834110800e-01,6.618195433312612295e+02,4.656884252049131874e+02,-1.961311181263479853e+02,1.961311181263479853e+02
-2.000000000000000389e-02,2.133333333333333470e-01,6.593589110819257915e-01,6.611526516182530031e+02,4.627855552678438471e+02,-1.983670963504090707e+02,1.983670963504090707e+02
-1.333333333333333592e-02,2.133333333333333470e-01,6.551771846622543860e-01,6.602840399379477958e+02,4.597747122456804050e+02,-2.005093276922673908e+02,2.005093276922673908e+02
-6.666666666666667962e-03,2.133333333333333470e-01,6.508432523261065139e-01,6.592084806950135771e+02,4.566542809636538891e+02,-2.025541997313597449e+02,2.025541997313597449e+02
0.000000000000000000e+00,2.133333333333333470e-01,6.463551530163249570e-01,6.579209687139641574e+02,4.534228494606112463e+02,-2.044981192533528542e+02,2.044981192533528542e+02
6.666666666666667962e-03,2.133333333333333470e-01,6.417112375874439723e-01,6.564167605155571437e+02,4.500792303518168751e+02,-2.063375301637402686e+02,2.063375301637402686e+02
1.333333333333333592e-02,2.133333333333333470e-01,6.369101987626363259e-01,6.546914150702261850e+02,4.466224823979553662e+02,-2.080689326722708756e+02,2.080689326722708756e+02
2.000000000000000389e-02,2.133333333333333470e-01,6.319511010993641431e-01,6.527408357586640477e+02,4.430519320803994674e+02,-2.096889036782645803e+02,2.096889036782645803e+02
2.666666666666667185e-02,2.133333333333333470e-01,6.268334106548342222e-01,6.505613132228334052e+02,4.393671949603378835e+02,-2.111941182624955786e+02,2.111941182624955786e+02
3.333333333333332593e-02,2.133333333333333470e-01,6.215570240127721302e-01,6.481495687436261051e+02,4.355681965780531186e+02,-2.125813721655728727e+02,2.125813721655728727e+02
4.000000000000000777e-02,2.133333333333333470e-01,6.161222963059719282e-01,6.455027977351969639e+02,4.316551926291569998e+02,-2.138476051060398504e+02,2.138476051060398504e+02
4.666666666666666186e-02,2.133333333333333470e-01,6.105300678454990138e-01,6.426187129018328505e+02,4.276287881376165387e+02,-2.149899247642163687e+02,2.149899247642163687e+02
5.333333333333334370e-02,2.133333333333333470e-01,6.047816889483310643e-01,6.394955865623437603e+02,4.234899553316556648e+02,-2.160056312306882091e+02,2.160056312306882091e+02
5.999999999999999778e-02,2.133333333333333470e-01,5.988790425416400387e-01,6.361322916107980063e+02,4.192400499188380536e+02,-2.168922416919599527e+02,2.168922416919599527e+02
6.666666666666667962e-02,2.133333333333333470e-01,5.928245641148212064e-01,6.325283405523600777e+02,4.148808254515284943e+02,-2.176475151008315834e+02,2.176475151008315834e+02
7.333333333333333370e-02,2.133333333333333470e-01,5.866212585907359944e-01,6.286839220304984792e+02,4.104144454741871755e+02,-2.182694765563113606e+02,2.182694765563113606e+02
8.000000000000001554e-02,2.133333333333333470e-01,5.802727136962728682e-01,6.245999342483077044e+02,4.058434931501736855e+02,-2.187564410981340188e+02,2.187564410981340188e+02
8.666666666666666963e-02,2.133333333333333470e-01,5.737831094299599144e-01,6.202780146834475090e+02,4.011709780784283907e+02,-2.191070366050190046e+02,2.191070366050190046e+02
9.333333333333335147e-02,2.133333333333333470e-01,5.671572232515089684e-01,6.157205655044317609e+02,3.964003400299436635e+02,-2.193202254744881543e+02,2.193202254744881543e+02
1.000000000000000056e-01,2.133333333333333470e-01,5.604004306551013670e-01,6.109307741166180676e+02,3.915354493605302082e+02,-2.193953247560878026e+02,2.193953247560878026e+02
1.066666666666666874e-01,2.133333333333333470e-01,5.535187008350022086e-01,6.059126282999669684e+02,3.865806038900588533e+02,-2.193320244099080583e+02,2.193320244099080583e+02
1.133333333333333415e-01,2.133333333333333470e-01,5.465185872084019625e-01,6.006709254478098501e+02,3.815405220789066902e+02,-2.191304033689031030e+02,2.191304033689031030e+02
1.199999999999999956e-01,2.133333333333333470e-01,5.394072126256668209e-01,5.952112754764268630e+02,3.764203323793373102e+02,-2.187909430970895528e+02,2.187909430970895528e+02
1.266666666666666774e-01,2.133333333333333470e-01,5.321922491714989878e-01,5.895400970487934273e+02,3.712255586923364490e+02,-2.183145383564569215e+02,2.183145383564569215e+02
1.333333333333333315e-01,2.133333333333333470e-01,5.248818925406094626e-01,5.836646068414863748e+02,3.659621019180960388e+02,-2.177025049233903928e+02,2.177025049233903928e+02
1.400000000000000133e-01,2.133333333333333470e-01,5.174848310568219700e-01,5.775928016801307194e+02,3.606362176497690939e+02,-2.169565840303616255e+02,2.169565840303616255e+02
1.466666666666666674e-01,2.133333333333333470e-01,5.100102094932159602e-01,5.713334334741325620e+02,3.552544901239728006e+02,-2.160789433501597046e+02,2.160789433501597046e+02
1.533333333333333492e-01,2.133333333333333470e-01,5.024675879408970758e-01,5.648959769936373050e+02,3.498238026063031612e+02,-2.150721743873340870e+02,2.150721743873340870e+02
1.600000000000000033e-01,2.133333333333333470e-01,4.948668960629965530e-01,5.582905906481030343e+02,3.443513044542147554e+02,-2.139392861938883357e+02,2.139392861938883357e+02
1.666666666666666574e-01,2.133333333333333470e-01,4.872183831562096334e-01,5.515280705438294717e+02,3.388443751613281734e+02,-2.126836953825013552e+02,2.126836953825013552e+02
1.733333333333333670e-01,2.133333333333333470e-01,4.795325645222235922e-01,5.446197982142184628e+02,3.333105857448582583e+02,-2.113092124693601477e+02,2.113092124693601477e+02
1.800000000000000211e-01,2.133333333333333470e-01,4.718201647234669949e-01,5.375776825283916196e+02,3.277576578897534887e+02,-2.098200246386381309e+02,2.098200246386381309e+02
1.866666666666666752e-01,2.133333333333333470e-01,4.640920583596218063e-01,5.304140963880097388e+02,3.221934213077849449e+02,-2.082206750802246802e+02,2.082206750802246802e+02
1.933333333333333293e-01,2.133333333333333470e-01,4.563592090514163035e-01,5.231418089158396469e+02,3.166257698058769847e+02,-2.065160391099627191e+02,2.065160391099627191e+02
2.000000000000000389e-01,2.133333333333333470e-01,4.486326073548111970e-01,5.157739139201476064e+02,3.110626165843212902e+02,-2.047112973358262025e+02,2.047112973358262025e+02
2.066666666666666929e-01,2.133333333333333470e-01,4.409232083506852140e-01,5.083237554840920893e+02,3.055118493013505940e+02,-2.028119061827414953e+02,2.028119061827414953e+02
2.133333333333333470e-01,2.133333333333333470e-01,4.332418696618201004e-01,5.008048515771648681e+02,2.999812854453677460e+02,-2.008235661317971221e+02,2.008235661317971221e+02
2.200000000000000011e-01,2.133333333333333470e-01,4.255992906401732112e-01,4.932308166150589273e+02,2.944786285497819449e+02,-1.987521880652769255e+02,1.987521880652769255e+02
2.266666666666666552e-01,2.133333333333333470e-01,4.180059534433802071e-01,4.856152839044850680e+02,2.890114257680909873e+02,-1.966038581363940807e+02,1.966038581363940807e+02
2.333333333333333648e-01,2.133333333333333470e-01,4.104720666809112406e-01,4.779718289002871643e+02,2.835870272991133447e+02,-1.943848016011738196e+02,1.943848016011738196e+02
2.400000000000000189e-01,2.133333333333333470e-01,4.030075122584978464e-01,4.703138941742583938e+02,2.782125481149756752e+02,-1.921013460592827187e+02,1.921013460592827187e+02
2.466666666666666730e-01,2.133333333333333470e-01,3.956217959859374966e-01,4.626547169494143645e+02,2.728948323987322624e+02,-1.897598845506820453e+02,1.897598845506820453e+02
2.533333333333332993e-01,2.133333333333333470e-01,3.883240024400856916e-01,4.550072599917442062e+02,2.676404210457189947e+02,-1.873668389460252399e+02,1.873668389460252399e+02
2.600000000000000089e-01,2.133333333333333470e-01,3.811227544938860512e-01,4.473841465756910338e+02,2.624555225244552048e+02,-1.849286240512358290e+02,1.849286240512358290e+02
2.666666666666667185e-01,2.133333333333333470e-01,3.740261778359941225e-01,4.397976001522116576e+02,2.573459873307730277e+02,-1.824516128214386299e+02,1.824516128214386299e+02
2.733333333333333171e-01,2.133333333333333470e-01,3.670418707162600436e-01,4.322593892518814300e+02,2.523172862045644820e+02,-1.799421030473169481e+02,1.799421030473169481e+02
2.800000000000000266e-01,2.133333333333333470e-01,3.601768790624064742e-01,4.247807780529483352e+02,2.473744922137898925e+02,-1.774062858391584427e+02,1.774062858391584427e+02
2.866666666666667362e-01,2.133333333333333470e-01,3.534376770248935928e-01,4.173724829383222641e+02,2.425222667467806446e+02,-1.748502161915416764e+02,1.748502161915416764e+02
2.933333333333333348e-01,2.133333333333333470e-01,3.468301529222540536e-01,4.100446352589656840e+02,2.377648493928801656e+02,-1.722797858660855468e+02,1.722797858660855468e+02
2.999999999999999889e-01,2.133333333333333470e-01,3.403596004799226415e-01,4.028067504166410231e+02,2.331060516344015525e+02,-1.697006987822394706e+02,1.697006987822394706e+02
-1.000000000000000056e-01,2.200000000000000011e-01,6.945121388392117012e-01,6.539798084080766785e+02,4.883878998623025041e+02,-1.655919085457741744e+02,1.655919085457741744e+02
-9.333333333333333759e-02,2.200000000000000011e-01,6.919284135997080254e-01,6.551567555830042693e+02,4.865276176898598237e+02,-1.686291378931444171e+02,1.686291378931444171e+02
-8.666666666666666963e-02,2.200000000000000011e-01,6.892304140734476503e-01,6.561948825728341035e+02,4.845850580309523821e+02,-1.716098245418817214e+02,1.716098245418817214e+02
-8.000000000000000167e-02,2.200000000000000011e-01,6.864144839618017135e-01,6.570885400970923911e+02,4.825575883505673005e+02,-1.745309517465250053e+02,1.745309517465250053e+02
-7.333333333333333370e-02,2.200000000000000011e-01,6.834769904415629593e-01,6.578320031278992701e+02,4.804425930159953850e+02,-1.773894101119038282e+02,1.773894101119038282e+02
-6.666666666666667962e-02,2.200000000000000011e-01,6.804143409487038996e-01,6.584194873373241990e+02,4.782374853811368780e+02,-1.801820019561872641e+02,1.801820019561872641e+02
-6.000000000000000472e-02,2.200000000000000011e-01,6.772230014011162424e-01,6.588451675687326770e+02,4.759397209068737311e+02,-1.829054466618588322e+02,1.829054466618588322e+02
-5.333333333333333676e-02,2.200000000000000011e-01,6.738995158685703313e-01,6.591031984070793897e+02,4.735468113234406928e+02,-1.855563870836386968e+02,1.855563870836386968e+02
-4.666666666666666879e-02,2.200000000000000011e-01,6.704405276820686321e-01,6.591877369082211544e+02,4.710563398291594694e+02,-1.881313970790616850e+02,1.881313970790616850e+02
-4.000000000000000083e-02,2.200000000000000011e-01,6.668428019563809039e-01,6.590929675292575212e+02,4.684659773066642856e+02,-1.906269902225932924e+02,1.906269902225932924e+02
-3.333333333333333981e-02,2.200000000000000011e-01,6.631032494788627885e-01,6.588131292805155681e+02,4.657734995228512958e+02,-1.930396297576642155e+02,1.930396297576642155e+02
-2.666666666666667185e-02,2.200000000000000011e-01,6.592189518946561799e-01,6.583425450948964226e+02,4.629768052622225127e+02,-1.953657398326738530e+02,1.953657398326738530e+02
-2.000000000000000389e-02,2.200000000000000011e-01,6.551871880931710024e-01,6.576756533818881962e+02,4.600739353251531725e+02,-1.976017180567349101e+02,1.976017180567349101e+02
-1.333333333333333592e-02,2.200000000000000011e-01,6.510054616734994859e-01,6.568070417015829889e+02,4.570630923029897303e+02,-1.997439493985932302e+02,1.997439493985932302e+02
-6.666666666666667962e-03,2.200000000000000011e-01,6.466715293373516138e-01,6.557314824586487703e+02,4.539426610209632145e+02,-2.017888214376855842e+02,2.017888214376855842e+02
0.000000000000000000e+00,2.200000000000000011e-01,6.421834300275701679e-01,6.544439704775993505e+02,4.507112295179205717e+02,-2.037327409596786936e+02,2.037327409596786936e+02
6.666666666666667962e-03,2.200000000000000011e-01,6.375395145986890721e-01,6.529397622791923368e+02,4.473676104091262005e+02,-2.055721518700661363e+02,2.055721518700661363e+02
1.333333333333333592e-02,2.200000000000000011e-01,6.327384757738814258e-01,6.512144168338613781e+02,4.439108624552646916e+02,-2.073035543785967150e+02,2.073035543785967150e+02
2.000000000000000389e-02,2.200000000000000011e-01,6.277793781106093540e-01,6.492638375222992408e+02,4.403403121377087928e+02,-2.089235253845904481e+02,2.089235253845904481e+02
2.666666666666667185e-02,2.200000000000000011e-01,6.226616876660793221e-01,6.470843149864685984e+02,4.366555750176472088e+02,-2.104287399688214464e+02,2.104287399688214464e+02
3.333333333333332593e-02,2.200000000000000011e-01,6.173853010240172301e-01,6.446725705072612982e+02,4.328565766353624440e+02,-2.118159938718987405e+02,2.118159938718987405e+02
4.000000000000000777e-02,2.200000000000000011e-01,6.119505733172170281e-01,6.420257994988321570e+02,4.289435726864663252e+02,-2.130822268123657182e+02,2.130822268123657182e+02
4.666666666666666186e-02,2.200000000000000011e-01,6.063583448567441136e-01,6.391417146654680437e+02,4.249171681949258641e+02,-2.142245464705422364e+02,2.142245464705422364e+02
5.333333333333334370e-02,2.200000000000000011e-01,6.006099659595762752e-01,6.360185883259789534e+02,4.207783353889649902e+02,-2.152402529370140485e+02,2.152402529370140485e+02
5.999999999999999778e-02,2.200000000000000011e-01,5.947073195528851386e-01,6.326552933744331995e+02,4.165284299761473790e+02,-2.161268633982858205e+02,2.161268633982858205e+02
6.666666666666667962e-02,2.200000000000000011e-01,5.886528411260663063e-01,6.290513423159952708e+02,4.121692055088378197e+02,-2.168821368071574227e+02,2.168821368071574227e+02
7.333333333333333370e-02,2.200000000000000011e-01,5.824495356019810943e-01,6.252069237941336723e+02,4.077028255314965008e+02,-2.175040982626371999e+02,2.175040982626371999e+02
8.000000000000001554e-02,2.200000000000000011e-01,5.761009907075179681e-01,6.211229360119428975e+02,4.031318732074830109e+02,-2.179910628044598866e+02,2.179910628044598866e+02
8.666666666666666963e-02,2.200000000000000011e-01,5.696113864412051253e-01,6.168010164470827021e+02,3.984593581357377161e+02,-2.183416583113448723e+02,2.183416583113448723e+02
9.333333333333335147e-02,2.200000000000000011e-01,5.629855002627540683e-01,6.122435672680669541e+02,3.936887200872529888e+02,-2.185548471808139936e+02,2.185548471808139936e+02
1.000000000000000056e-01,2.200000000000000011e-01,5.562287076663464669e-01,6.074537758802532608e+02,3.888238294178395336e+02,-2.186299464624136704e+02,2.186299464624136704e+02
1.066666666666666874e-01,2.200000000000000011e-01,5.493469778462474196e-01,6.024356300636021615e+02,3.838689839473681786e+02,-2.185666461162339260e+02,2.185666461162339260e+02
1.133333333333333415e-01,2.200000000000000011e-01,5.423468642196471734e-01,5.971939272114450432e+02,3.788289021362160156e+02,-2.183650250752289708e+02,2.183650250752289708e+02
1.199999999999999956e-01,2.200000000000000011e-01,5.352354896369119208e-01,5.917342772400620561e+02,3.737087124366466355e+02,-2.180255648034153921e+02,2.180255648034153921e+02
1.266666666666666774e-01,2.200000000000000011e-01,5.280205261827440877e-01,5.860630988124286205e+02,3.685139387496457744e+02,-2.175491600627827893e+02,2.175491600627827893e+02
1.333333333333333315e-01,2.200000000000000011e-01,5.207101695518545625e-01,5.801876086051215680e+02,3.632504819754053642e+02,-2.169371266297162606e+02,2.169371266297162606e+02
1.400000000000000133e-01,2.200000000000000011e-01,5.133131080680670699e-01,5.741158034437659126e+02,3.579245977070784193e+02,-2.161912057366874933e+02,2.161912057366874933e+02
1.466666666666666674e-01,2.200000000000000011e-01,5.058384865044611711e-01,5.678564352377677551e+02,3.525428701812821259e+02,-2.153135650564855439e+02,2.153135650564855439e+02
1.533333333333333492e-01,2.200000000000000011e-01,4.982958649521422867e-01,5.614189787572724981e+02,3.471121826636124865e+02,-2.143067960936599263e+02,2.143067960936599263e+02
1.600000000000000033e-01,2.200000000000000011e-01,4.906951730742417084e-01,5.548135924117382274e+02,3.416396845115240808e+02,-2.131739079002141750e+02,2.131739079002141750e+02
1.666666666666666574e-01,2.200000000000000011e-01,4.830466601674547888e-01,5.480510723074646648e+02,3.361327552186374987e+02,-2.119183170888271945e+02,2.119183170888271945e+02
1.733333333333333670e-01,2.200000000000000011e-01,4.753608415334686921e-01,5.411427999778536559e+02,3.305989658021675837e+02,-2.105438341756860154e+02,2.105438341756860154e+02
1.800000000000000211e-01,2.200000000000000011e-01,4.676484417347120948e-01,5.341006842920268127e+02,3.250460379470628141e+02,-2.090546463449639987e+02,2.090546463449639987e+02
1.866666666666666752e-01,2.200000000000000011e-01,4.599203353708669617e-01,5.269370981516449319e+02,3.194818013650942703e+02,-2.074552967865505479e+02,2.074552967865505479e+02
1.933333333333333293e-01,2.200000000000000011e-01,4.521874860626614590e-01,5.196648106794748401e+02,3.139141498631863101e+02,-2.057506608162885584e+02,2.057506608162885584e+02
2.000000000000000389e-01,2.200000000000000011e-01,4.444608843660563524e-01,5.122969156837827995e+02,3.083509966416306156e+02,-2.039459190421520702e+02,2.039459190421520702e+02
2.066666666666666929e-01,2.200000000000000011e-01,4.367514853619303139e-01,5.048467572477272824e+02,3.028002293586599194e+02,-2.020465278890673630e+02,2.020465278890673630e+02
2.133333333333333470e-01,2.200000000000000011e-01,4.290701466730652003e-01,4.973278533408000612e+02,2.972696655026770713e+02,-2.000581878381229615e+02,2.000581878381229615e+02
2.200000000000000011e-01,2.200000000000000011e-01,4.214275676514183111e-01,4.897538183786941204e+02,2.917670086070912703e+02,-1.979868097716027933e+02,1.979868097716027933e+02
2.266666666666666552e-01,2.200000000000000011e-01,4.138342304546253070e-01,4.821382856681202611e+02,2.862998058254003126e+02,-1.958384798427199485e+02,1.958384798427199485e+02
2.333333333333333648e-01,2.200000000000000011e-01,4.063003436921563960e-01,4.744948306639223574e+02,2.808754073564226701e+02,-1.936194233074996589e+02,1.936194233074996589e+02
2.400000000000000189e-01,2.200000000000000011e-01,3.988357892697429463e-01,4.668368959378935870e+02,2.755009281722850005e+02,-1.913359677656085580e+02,1.913359677656085580e+02
2.466666666666666730e-01,2.200000000000000011e-01,3.914500729971826520e-01,4.591777187130495577e+02,2.701832124560415878e+02,-1.889945062570079131e+02,1.889945062570079131e+02
2.533333333333332993e-01,2.200000000000000011e-01,3.841522794513308470e-01,4.515302617553793993e+02,2.649288011030283201e+02,-1.866014606523510793e+02,1.866014606523510793e+02
2.600000000000000089e-01,2.200000000000000011e-01,3.769510315051312066e-01,4.439071483393262270e+02,2.597439025817645302e+02,-1.841632457575616684e+02,1.841632457575616684e+02
2.666666666666667185e-01,2.200000000000000011e-01,3.698544548472392779e-01,4.363206019158468507e+02,2.546343673880823530e+02,-1.816862345277644692e+02,1.816862345277644692e+02
2.733333333333333171e-01,2.200000000000000011e-01,3.628701477275051990e-01,4.287823910155166232e+02,2.496056662618738073e+02,-1.791767247536428158e+02,1.791767247536428158e+02
2.800000000000000266e-01,2.200000000000000011e-01,3.560051560736515741e-01,4.213037798165835284e+02,2.446628722710992179e+02,-1.766409075454843105e+02,1.766409075454843105e+02
2.866666666666667362e-01,2.200000000000000011e-01,3.492659540361386927e-01,4.138954847019574572e+02,2.398106468040899699e+02,-1.740848378978675157e+02,1.740848378978675157e+02
2.933333333333333348e-01,2.200000000000000011e-01,3.426584299334991535e-01,4.065676370226008771e+02,2.350532294501894910e+02,-1.715144075724113861e+02,1.715144075724113861e+02
2.999999999999999889e-01,2.200000000000000011e-01,3.361878774911677414e-01,3.993297521802762162e+02,2.303944316917108779e+02,-1.689353204885653099e+02,1.689353204885653099e+02
-1.000000000000000056e-01,2.266666666666666552e-01,6.903759085368497139e-01,6.504921751271821222e+02,4.856993501657672709e+02,-1.647928249614148797e+02,1.647928249614148797e+02
-9.333333333333333759e-02,2.266666666666666552e-01,6.877921832973460381e-01,6.516691223021097130e+02,4.838390679933245906e+02,-1.678300543087851224e+02,1.678300543087851224e+02
-8.666666666666666963e-02,2.266666666666666552e-01,6.850941837710856630e-01,6.527072492919395472e+02,4.818965083344171489e+02,-1.708107409575224267e+02,1.708107409575224267e+02
-8.000000000000000167e-02,2.266666666666666552e-01,6.822782536594397262e-01,6.536009068161978348e+02,4.798690386540320674e+02,-1.737318681621657106e+02,1.737318681621657106e+02
-7.333333333333333370e-02,2.266666666666666552e-01,6.793407601392009720e-01,6.543443698470047138e+02,4.777540433194601519e+02,-1.765903265275445619e+02,1.765903265275445619e+02
-6.666666666666667962e-02,2.266666666666666552e-01,6.762781106463419123e-01,6.549318540564296427e+02,4.755489356846016449e+02,-1.793829183718279978e+02,1.793829183718279978e+02
-6.000000000000000472e-02,2.266666666666666552e-01,6.730867710987542551e-01,6.553575342878381207e+02,4.732511712103384980e+02,-1.821063630774995374e+02,1.821063630774995374e+02
-5.333333333333333676e-02,2.266666666666666552e-01,6.697632855662083440e-01,6.556155651261849471e+02,4.708582616269054597e+02,-1.847573034992794305e+02,1.847573034992794305e+02
-4.666666666666666879e-02,2.266666666666666552e-01,6.663042973797066448e-01,6.557001036273265981e+02,4.683677901326242363e+02,-1.873323134947023902e+02,1.873323134947023902e+02
-4.000000000000000083e-02,2.266666666666666552e-01,6.627065716540189166e-01,6.556053342483630786e+02,4.657774276101290525e+02,-1.898279066382339977e+02,1.898279066382339977e+02
-3.333333333333333981e-02,2.266666666666666552e-01,6.589670191765009122e-01,6.553254959996210118e+02,4.630849498263160626e+02,-1.922405461733049208e+02,1.922405461733049208e+02
-2.666666666666667185e-02,2.266666666666666552e-01,6.550827215922941926e-01,6.548549118140018663e+02,4.602882555656872796e+02,-1.945666562483145583e+02,1.945666562483145583e+02
-2.000000000000000389e-02,2.266666666666666552e-01,6.510509577908090151e-01,6.541880201009936400e+02,4.573853856286179393e+02,-1.968026344723756438e+02,1.968026344723756438e+02
-1.333333333333333592e-02,2.266666666666666552e-01,6.468692313711376096e-01,6.533194084206884327e+02,4.543745426064544972e+02,-1.989448658142339355e+02,1.989448658142339355e+02
-6.666666666666667962e-03,2.266666666666666552e-01,6.425352990349896265e-01,6.522438491777543277e+02,4.512541113244279813e+02,-2.009897378533262895e+02,2.009897378533262895e+02
0.000000000000000000e+00,2.266666666666666552e-01,6.380471997252081806e-01,6.509563371967047942e+02,4.480226798213853385e+02,-2.029336573753193989e+02,2.029336573753193989e+02
6.666666666666667962e-03,2.266666666666666552e-01,6.334032842963271959e-01,6.494521289982977805e+02,4.446790607125909673e+02,-2.047730682857068700e+02,2.047730682857068700e+02
1.333333333333333592e-02,2.266666666666666552e-01,6.286022454715195495e-01,6.477267835529669355e+02,4.412223127587294584e+02,-2.065044707942374203e+02,2.065044707942374203e+02
2.000000000000000389e-02,2.266666666666666552e-01,6.236431478082473667e-01,6.457762042414046846e+02,4.376517624411735596e+02,-2.081244418002311818e+02,2.081244418002311818e+02
2.666666666666667185e-02,2.266666666666666552e-01,6.185254573637174458e-01,6.435966817055741558e+02,4.339670253211119757e+02,-2.096296563844621801e+02,2.096296563844621801e+02
3.333333333333332593e-02,2.266666666666666552e-01,6.132490707216552428e-01,6.411849372263667419e+02,4.301680269388272109e+02,-2.110169102875394742e+02,2.110169102875394742e+02
4.000000000000000777e-02,2.266666666666666552e-01,6.078143430148551518e-01,6.385381662179376008e+02,4.262550229899310921e+02,-2.122831432280064519e+02,2.122831432280064519e+02
4.666666666666666186e-02,2.266666666666666552e-01,6.022221145543822374e-01,6.356540813845736011e+02,4.222286184983906310e+02,-2.134254628861829701e+02,2.134254628861829701e+02
5.333333333333334370e-02,2.266666666666666552e-01,5.964737356572142879e-01,6.325309550450845109e+02,4.180897856924297571e+02,-2.144411693526547538e+02,2.144411693526547538e+02
5.999999999999999778e-02,2.266666666666666552e-01,5.905710892505232623e-01,6.291676600935386432e+02,4.138398802796121458e+02,-2.153277798139265542e+02,2.153277798139265542e+02
6.666666666666667962e-02,2.266666666666666552e-01,5.845166108237044300e-01,6.255637090351007146e+02,4.094806558123025866e+02,-2.160830532227981280e+02,2.160830532227981280e+02
7.333333333333333370e-02,2.266666666666666552e-01,5.783133052996192180e-01,6.217192905132392298e+02,4.050142758349612677e+02,-2.167050146782779052e+02,2.167050146782779052e+02
8.000000000000001554e-02,2.266666666666666552e-01,5.719647604051559808e-01,6.176353027310483412e+02,4.004433235109477778e+02,-2.171919792201006203e+02,2.171919792201006203e+02
8.666666666666666963e-02,2.266666666666666552e-01,5.654751561388431380e-01,6.133133831661881459e+02,3.957708084392024830e+02,-2.175425747269856060e+02,2.175425747269856060e+02
9.333333333333335147e-02,2.266666666666666552e-01,5.588492699603920810e-01,6.087559339871725115e+02,3.910001703907177557e+02,-2.177557635964546989e+02,2.177557635964546989e+02
1.000000000000000056e-01,2.266666666666666552e-01,5.520924773639844796e-01,6.039661425993587045e+02,3.861352797213043004e+02,-2.178308628780544041e+02,2.178308628780544041e+02
1.066666666666666874e-01,2.266666666666666552e-01,5.452107475438854323e-01,5.989479967827076052e+02,3.811804342508329455e+02,-2.177675625318746597e+02,2.177675625318746597e+02
1.133333333333333415e-01,2.266666666666666552e-01,5.382106339172851861e-01,5.937062939305504869e+02,3.761403524396807825e+02,-2.175659414908697045e+02,2.175659414908697045e+02
1.199999999999999956e-01,2.266666666666666552e-01,5.310992593345499335e-01,5.882466439591674998e+02,3.710201627401114024e+02,-2.172264812190560974e+02,2.172264812190560974e+02
1.266666666666666774e-01,2.266666666666666552e-01,5.238842958803821004e-01,5.825754655315340642e+02,3.658253890531105412e+02,-2.167500764784235230e+02,2.167500764784235230e+02
1.333333333333333315e-01,2.266666666666666552e-01,5.165739392494926863e-01,5.766999753242271254e+02,3.605619322788701311e+02,-2.161380430453569943e+02,2.161380430453569943e+02
1.400000000000000133e-01,2.266666666666666552e-01,5.091768777657051936e-01,5.706281701628713563e+02,3.552360480105431861e+02,-2.153921221523282270e+02,2.153921221523282270e+02
1.466666666666666674e-01,2.266666666666666552e-01,5.017022562020991838e-01,5.643688019568731988e+02,3.498543204847468360e+02,-2.145144814721262492e+02,2.145144814721262492e+02
1.533333333333333492e-01,2.266666666666666552e-01,4.941596346497802994e-01,5.579313454763779418e+02,3.444236329670772534e+02,-2.135077125093006316e+02,2.135077125093006316e+02
1.600000000000000033e-01,2.266666666666666552e-01,4.865589427718797211e-01,5.513259591308437848e+02,3.389511348149888477e+02,-2.123748243158548803e+02,2.123748243158548803e+02
1.666666666666666574e-01,2.266666666666666552e-01,4.789104298650928015e-01,5.445634390265702223e+02,3.334442055221022656e+02,-2.111192335044678998e+02,2.111192335044678998e+02
1.733333333333333670e-01,2.266666666666666552e-01,4.712246112311068158e-01,5.376551666969590997e+02,3.279104161056322937e+02,-2.097447505913267491e+02,2.097447505913267491e+02
1.800000000000000211e-01,2.266666666666666552e-01,4.635122114323502185e-01,5.306130510111322565e+02,3.223574882505275809e+02,-2.082555627606047324e+02,2.082555627606047324e+02
1.866666666666666752e-01,2.266666666666666552e-01,4.557841050685049744e-01,5.234494648707503757e+02,3.167932516685590372e+02,-2.066562132021912817e+02,2.066562132021912817e+02
1.933333333333333293e-01,2.266666666666666552e-01,4.480512557602994717e-01,5.161771773985803975e+02,3.112256001666510770e+02,-2.049515772319292637e+02,2.049515772319292637e+02
2.000000000000000389e-01,2.266666666666666552e-01,4.403246540636943651e-01,5.088092824028882433e+02,3.056624469450953825e+02,-2.031468354577928039e+02,2.031468354577928039e+02
2.066666666666666929e-01,2.266666666666666552e-01,4.326152550595684376e-01,5.013591239668327262e+02,3.001116796621246863e+02,-2.012474443047080968e+02,2.012474443047080968e+02
2.133333333333333470e-01,2.266666666666666552e-01,4.249339163707033240e-01,4.938402200599055050e+02,2.945811158061418382e+02,-1.992591042537636667e+02,1.992591042537636667e+02
2.200000000000000011e-01,2.266666666666666552e-01,4.172913373490564348e-01,4.862661850977996210e+02,2.890784589105560372e+02,-1.971877261872435270e+02,1.971877261872435270e+02
2.266666666666666552e-01,2.266666666666666552e-01,4.096980001522633752e-01,4.786506523872257048e+02,2.836112561288650795e+02,-1.950393962583606537e+02,1.950393962583606537e+02
2.333333333333333648e-01,2.266666666666666552e-01,4.021641133897944087e-01,4.710071973830278012e+02,2.781868576598874370e+02,-1.928203397231403642e+02,1.928203397231403642e+02
2.400000000000000189e-01,2.266666666666666552e-01,3.946995589673810145e-01,4.633492626569990307e+02,2.728123784757497674e+02,-1.905368841812492633e+02,1.905368841812492633e+02
2.466666666666666730e-01,2.266666666666666552e-01,3.873138426948207202e-01,4.556900854321550014e+02,2.674946627595063546e+02,-1.881954226726486468e+02,1.881954226726486468e+02
2.533333333333332993e-01,2.266666666666666552e-01,3.800160491489689152e-01,4.480426284744848999e+02,2.622402514064930301e+02,-1.858023770679918130e+02,1.858023770679918130e+02
2.600000000000000089e-01,2.266666666666666552e-01,3.728148012027692193e-01,4.404195150584316707e+02,2.570553528852292970e+02,-1.833641621732023737e+02,1.833641621732023737e+02
2.666666666666667185e-01,2.266666666666666552e-01,3.657182245448773461e-01,4.328329686349522945e+02,2.519458176915471199e+02,-1.808871509434051745e+02,1.808871509434051745e+02
2.733333333333333171e-01,2.266666666666666552e-01,3.587339174251432672e-01,4.252947577346221237e+02,2.469171165653385742e+02,-1.783776411692835211e+02,1.783776411692835211e+02
2.800000000000000266e-01,2.266666666666666552e-01,3.518689257712896423e-01,4.178161465356889721e+02,2.419743225745639847e+02,-1.758418239611250158e+02,1.758418239611250158e+02
2.866666666666667362e-01,2.266666666666666552e-01,3.451297237337767609e-01,4.104078514210629578e+02,2.371220971075547084e+02,-1.732857543135082210e+02,1.732857543135082210e+02
2.933333333333333348e-01,2.266666666666666552e-01,3.385221996311372772e-01,4.030800037417063777e+02,2.323646797536542294e+02,-1.707153239880520914e+02,1.707153239880520914e+02
2.999999999999999889e-01,2.266666666666666552e-01,3.320516471888058652e-01,3.958421188993817168e+02,2.277058819951756163e+02,-1.681362369042060436e+02,1.681362369042060436e+02
-1.000000000000000056e-01,2.333333333333333648e-01,6.862782059037912941e-01,6.469978254411573744e+02,4.830358434542793020e+02,-1.639619819868780439e+02,1.639619819868780439e+02
-9.333333333333333759e-02,2.333333333333333648e-01,6.836944806642877293e-01,6.481747726160849652e+02,4.811755612818366217e+02,-1.669992113342482867e+02,1.669992113342482867e+02
-8.666666666666666963e-02,2.333333333333333648e-01,6.809964811380273542e-01,6.492128996059147994e+02,4.792330016229291800e+02,-1.699798979829855909e+02,1.699798979829855909e+02
-8.000000000000000167e-02,2.333333333333333648e-01,6.781805510263814174e-01,6.501065571301729733e+02,4.772055319425440985e+02,-1.729010251876288748e+02,1.729010251876288748e+02
-7.333333333333333370e-02,2.333333333333333648e-01,6.752430575061425522e-01,6.508500201609799660e+02,4.750905366079721830e+02,-1.757594835530077262e+02,1.757594835530077262e+02
-6.666666666666667962e-02,2.333333333333333648e-01,6.721804080132836035e-01,6.514375043704047812e+02,4.728854289731136760e+02,-1.785520753972911621e+02,1.785520753972911621e+02
-6.000000000000000472e-02,2.333333333333333648e-01,6.689890684656958353e-01,6.518631846018132592e+02,4.705876644988505291e+02,-1.812755201029627017e+02,1.812755201029627017e+02
-5.333333333333333676e-02,2.333333333333333648e-01,6.656655829331499241e-01,6.521212154401600856e+02,4.681947549154174908e+02,-1.839264605247425948e+02,1.839264605247425948e+02
-4.666666666666666879e-02,2.333333333333333648e-01,6.622065947466482250e-01,6.522057539413018503e+02,4.657042834211362674e+02,-1.865014705201655545e+02,1.865014705201655545e+02
-4.000000000000000083e-02,2.333333333333333648e-01,6.586088690209606078e-01,6.521109845623382171e+02,4.631139208986410836e+02,-1.889970636636971619e+02,1.889970636636971619e+02
-3.333333333333333981e-02,2.333333333333333648e-01,6.548693165434424923e-01,6.518311463135961503e+02,4.604214431148280937e+02,-1.914097031987680850e+02,1.914097031987680850e+02
-2.666666666666667185e-02,2.333333333333333648e-01,6.509850189592358838e-01,6.513605621279770048e+02,4.576247488541993107e+02,-1.937358132737777225e+02,1.937358132737777225e+02
-2.000000000000000389e-02,2.333333333333333648e-01,6.469532551577505952e-01,6.506936704149687785e+02,4.547218789171299704e+02,-1.959717914978388080e+02,1.959717914978388080e+02
-1.333333333333333592e-02,2.333333333333333648e-01,6.427715287380791898e-01,6.498250587346636848e+02,4.517110358949665283e+02,-1.981140228396970997e+02,1.981140228396970997e+02
-6.666666666666667962e-03,2.333333333333333648e-01,6.384375964019313177e-01,6.487494994917294662e+02,4.485906046129400124e+02,-2.001588948787894537e+02,2.001588948787894537e+02
0.000000000000000000e+00,2.333333333333333648e-01,6.339494970921497607e-01,6.474619875106799327e+02,4.453591731098973696e+02,-2.021028144007825631e+02,2.021028144007825631e+02
6.666666666666667962e-03,2.333333333333333648e-01,6.293055816632687760e-01,6.459577793122730327e+02,4.420155540011029984e+02,-2.039422253111700343e+02,2.039422253111700343e+02
1.333333333333333592e-02,2.333333333333333648e-01,6.245045428384611297e-01,6.442324338669420740e+02,4.385588060472414895e+02,-2.056736278197005845e+02,2.056736278197005845e+02
2.000000000000000389e-02,2.333333333333333648e-01,6.195454451751889469e-01,6.422818545553799368e+02,4.349882557296855907e+02,-2.072935988256943460e+02,2.072935988256943460e+02
2.666666666666667185e-02,2.333333333333333648e-01,6.144277547306590259e-01,6.401023320195492943e+02,4.313035186096240068e+02,-2.087988134099253443e+02,2.087988134099253443e+02
3.333333333333332593e-02,2.333333333333333648e-01,6.091513680885969340e-01,6.376905875403418804e+02,4.275045202273392420e+02,-2.101860673130026385e+02,2.101860673130026385e+02
4.000000000000000777e-02,2.333333333333333648e-01,6.037166403817967320e-01,6.350438165319127393e+02,4.235915162784431232e+02,-2.114523002534696161e+02,2.114523002534696161e+02
4.666666666666666186e-02,2.333333333333333648e-01,5.981244119213238175e-01,6.321597316985487396e+02,4.195651117869026621e+02,-2.125946199116461344e+02,2.125946199116461344e+02
5.333333333333334370e-02,2.333333333333333648e-01,5.923760330241558680e-01,6.290366053590596493e+02,4.154262789809417882e+02,-2.136103263781179180e+02,2.136103263781179180e+02
5.999999999999999778e-02,2.333333333333333648e-01,5.864733866174648425e-01,6.256733104075138954e+02,4.111763735681241769e+02,-2.144969368393897184e+02,2.144969368393897184e+02
6.666666666666667962e-02,2.333333333333333648e-01,5.804189081906460101e-01,6.220693593490759667e+02,4.068171491008146177e+02,-2.152522102482612922e+02,2.152522102482612922e+02
7.333333333333333370e-02,2.333333333333333648e-01,5.742156026665607982e-01,6.182249408272143683e+02,4.023507691234732988e+02,-2.158741717037410695e+02,2.158741717037410695e+02
8.000000000000001554e-02,2.333333333333333648e-01,5.678670577720976720e-01,6.141409530450235934e+02,3.977798167994598089e+02,-2.163611362455637845e+02,2.163611362455637845e+02
8.666666666666666963e-02,2.333333333333333648e-01,5.613774535057847181e-01,6.098190334801632844e+02,3.931073017277145141e+02,-2.167117317524487703e+02,2.167117317524487703e+02
9.333333333333335147e-02,2.333333333333333648e-01,5.547515673273337722e-01,6.052615843011476500e+02,3.883366636792297868e+02,-2.169249206219178632e+02,2.169249206219178632e+02
1.000000000000000056e-01,2.333333333333333648e-01,5.479947747309261707e-01,6.004717929133338430e+02,3.834717730098163315e+02,-2.170000199035175683e+02,2.170000199035175683e+02
1.066666666666666874e-01,2.333333333333333648e-01,5.411130449108270124e-01,5.954536470966828574e+02,3.785169275393449766e+02,-2.169367195573378240e+02,2.169367195573378240e+02
1.133333333333333415e-01,2.333333333333333648e-01,5.341129312842267662e-01,5.902119442445256254e+02,3.734768457281928136e+02,-2.167350985163328687e+02,2.167350985163328687e+02
1.199999999999999956e-01,2.333333333333333648e-01,5.270015567014916247e-01,5.847522942731427520e+02,3.683566560286234335e+02,-2.163956382445192617e+02,2.163956382445192617e+02
1.266666666666666774e-01,2.333333333333333648e-01,5.197865932473237915e-01,5.790811158455093164e+02,3.631618823416225723e+02,-2.159192335038866872e+02,2.159192335038866872e+02
1.333333333333333315e-01,2.333333333333333648e-01,5.124762366164342664e-01,5.732056256382022639e+02,3.578984255673821622e+02,-2.153072000708201585e+02,2.153072000708201585e+02
1.400000000000000133e-01,2.333333333333333648e-01,5.050791751326467738e-01,5.671338204768466085e+02,3.525725412990552172e+02,-2.145612791777913912e+02,2.145612791777913912e+02
1.466666666666666674e-01,2.333333333333333648e-01,4.976045535690408195e-01,5.608744522708483373e+02,3.471908137732589239e+02,-2.136836384975894134e+02,2.136836384975894134e+02
1.533333333333333492e-01,2.333333333333333648e-01,4.900619320167219350e-01,5.544369957903530803e+02,3.417601262555892845e+02,-2.126768695347637959e+02,2.126768695347637959e+02
1.600000000000000033e-01,2.333333333333333648e-01,4.824612401388213567e-01,5.478316094448189233e+02,3.362876281035008788e+02,-2.115439813413180445e+02,2.115439813413180445e+02
1.666666666666666574e-01,2.333333333333333648e-01,4.748127272320344372e-01,5.410690893405453608e+02,3.307806988106142967e+02,-2.102883905299310641e+02,2.102883905299310641e+02
1.733333333333333670e-01,2.333333333333333648e-01,4.671269085980483959e-01,5.341608170109342382e+02,3.252469093941443816e+02,-2.089139076167899134e+02,2.089139076167899134e+02
1.800000000000000211e-01,2.333333333333333648e-01,4.594145087992917986e-01,5.271187013251075086e+02,3.196939815390396120e+02,-2.074247197860678966e+02,2.074247197860678966e+02
1.866666666666666752e-01,2.333333333333333648e-01,4.516864024354466101e-01,5.199551151847255142e+02,3.141297449570710683e+02,-2.058253702276544459e+02,2.058253702276544459e+02
1.933333333333333293e-01,2.333333333333333648e-01,4.439535531272411073e-01,5.126828277125555360e+02,3.085620934551631080e+02,-2.041207342573924279e+02,2.041207342573924279e+02
2.000000000000000389e-01,2.333333333333333648e-01,4.362269514306360008e-01,5.053149327168633818e+02,3.029989402336074136e+02,-2.023159924832559682e+02,2.023159924832559682e+02
2.066666666666666929e-01,2.333333333333333648e-01,4.285175524265100178e-01,4.978647742808079784e+02,2.974481729506367174e+02,-2.004166013301712610e+02,2.004166013301712610e+02
2.133333333333333470e-01,2.333333333333333648e-01,4.208362137376449041e-01,4.903458703738807571e+02,2.919176090946538693e+02,-1.984282612792268310e+02,1.984282612792268310e+02
2.200000000000000011e-01,2.333333333333333648e-01,4.131936347159980150e-01,4.827718354117747595e+02,2.864149521990680682e+02,-1.963568832127066912e+02,1.963568832127066912e+02
2.266666666666666552e-01,2.333333333333333648e-01,4.056002975192050108e-01,4.751563027012009570e+02,2.809477494173771106e+02,-1.942085532838238180e+02,1.942085532838238180e+02
2.333333333333333648e-01,2.333333333333333648e-01,3.980664107567360444e-01,4.675128476970030533e+02,2.755233509483994681e+02,-1.919894967486035284e+02,1.919894967486035284e+02
2.400000000000000189e-01,2.333333333333333648e-01,3.906018563343226502e-01,4.598549129709742829e+02,2.701488717642617985e+02,-1.897060412067124275e+02,1.897060412067124275e+02
2.466666666666666730e-01,2.333333333333333648e-01,3.832161400617623004e-01,4.521957357461302536e+02,2.648311560480183857e+02,-1.873645796981118110e+02,1.873645796981118110e+02
2.533333333333332993e-01,2.333333333333333648e-01,3.759183465159104953e-01,4.445482787884600384e+02,2.595767446950051180e+02,-1.849715340934549772e+02,1.849715340934549772e+02
2.600000000000000089e-01,2.333333333333333648e-01,3.687170985697108549e-01,4.369251653724069229e+02,2.543918461737413281e+02,-1.825333191986655379e+02,1.825333191986655379e+02
2.666666666666667185e-01,2.333333333333333648e-01,3.616205219118189262e-01,4.293386189489275466e+02,2.492823109800591510e+02,-1.800563079688683388e+02,1.800563079688683388e+02
2.733333333333333171e-01,2.333333333333333648e-01,3.546362147920848473e-01,4.218004080485973191e+02,2.442536098538506053e+02,-1.775467981947466853e+02,1.775467981947466853e+02
2.800000000000000266e-01,2.333333333333333648e-01,3.477712231382312780e-01,4.143217968496642243e+02,2.393108158630760158e+02,-1.750109809865881800e+02,1.750109809865881800e+02
2.866666666666667362e-01,2.333333333333333648e-01,3.410320211007183966e-01,4.069135017350381531e+02,2.344585903960667679e+02,-1.724549113389713852e+02,1.724549113389713852e+02
2.933333333333333348e-01,2.333333333333333648e-01,3.344244969980788573e-01,3.995856540556815162e+02,2.297011730421662890e+02,-1.698844810135152557e+02,1.698844810135152557e+02
2.999999999999999889e-01,2.333333333333333648e-01,3.279539445557474453e-01,3.923477692133568553e+02,2.250423752836876758e+02,-1.673053939296692079e+02,1.673053939296692079e+02
-1.000000000000000056e-01,2.400000000000000189e-01,6.822219445030692775e-01,6.435006167169633500e+02,4.803992735438100112e+02,-1.631013431731534240e+02,1.631013431731534240e+02
-9.333333333333333759e-02,2.400000000000000189e-01,6.796382192635657127e-01,6.446775638918909408e+02,4.785389913713673309e+02,-1.661385725205236668e+02,1.661385725205236668e+02
-8.666666666666666963e-02,2.400000000000000189e-01,6.769402197373053376e-01,6.457156908817207750e+02,4.765964317124598892e+02,-1.691192591692609710e+02,1.691192591692609710e+02
-8.000000000000000167e-02,2.400000000000000189e-01,6.741242896256594008e-01,6.466093484059790626e+02,4.745689620320748077e+02,-1.720403863739042549e+02,1.720403863739042549e+02
-7.333333333333333370e-02,2.400000000000000189e-01,6.711867961054205356e-01,6.473528114367859416e+02,4.724539666975028922e+02,-1.748988447392831063e+02,1.748988447392831063e+02
-6.666666666666667962e-02,2.400000000000000189e-01,6.681241466125615869e-01,6.479402956462108705e+02,4.702488590626443852e+02,-1.776914365835665421e+02,1.776914365835665421e+02
-6.000000000000000472e-02,2.400000000000000189e-01,6.649328070649738187e-01,6.483659758776193485e+02,4.679510945883812383e+02,-1.804148812892380818e+02,1.804148812892380818e+02
-5.333333333333333676e-02,2.400000000000000189e-01,6.616093215324279075e-01,6.486240067159661749e+02,4.655581850049482000e+02,-1.830658217110179748e+02,1.830658217110179748e+02
-4.666666666666666879e-02,2.400000000000000189e-01,6.581503333459262084e-01,6.487085452171079396e+02,4.630677135106669766e+02,-1.856408317064409346e+02,1.856408317064409346e+02
-4.000000000000000083e-02,2.400000000000000189e-01,6.545526076202385912e-01,6.486137758381443064e+02,4.604773509881717928e+02,-1.881364248499725420e+02,1.881364248499725420e+02
-3.333333333333333981e-02,2.400000000000000189e-01,6.508130551427204757e-01,6.483339375894022396e+02,4.577848732043588029e+02,-1.905490643850434651e+02,1.905490643850434651e+02
-2.666666666666667185e-02,2.400000000000000189e-01,6.469287575585138672e-01,6.478633534037830941e+02,4.549881789437300199e+02,-1.928751744600531026e+02,1.928751744600531026e+02
-2.000000000000000389e-02,2.400000000000000189e-01,6.428969937570285786e-01,6.471964616907748677e+02,4.520853090066606796e+02,-1.951111526841141881e+02,1.951111526841141881e+02
-1.333333333333333592e-02,2.400000000000000189e-01,6.387152673373571732e-01,6.463278500104697741e+02,4.490744659844972375e+02,-1.972533840259724798e+02,1.972533840259724798e+02
-6.666666666666667962e-03,2.400000000000000189e-01,6.343813350012093011e-01,6.452522907675355555e+02,4.459540347024707216e+02,-1.992982560650648338e+02,1.992982560650648338e+02
0.000000000000000000e+00,2.400000000000000189e-01,6.298932356914277442e-01,6.439647787864860220e+02,4.427226031994280788e+02,-2.012421755870579432e+02,2.012421755870579432e+02
6.666666666666667962e-03,2.400000000000000189e-01,6.252493202625467594e-01,6.424605705880790083e+02,4.393789840906337076e+02,-2.030815864974454144e+02,2.030815864974454144e+02
1.333333333333333592e-02,2.400000000000000189e-01,6.204482814377391131e-01,6.407352251427481633e+02,4.359222361367721987e+02,-2.048129890059759646e+02,2.048129890059759646e+02
2.000000000000000389e-02,2.400000000000000189e-01,6.154891837744669303e-01,6.387846458311860260e+02,4.323516858192162999e+02,-2.064329600119697261e+02,2.064329600119697261e+02
2.666666666666667185e-02,2.400000000000000189e-01,6.103714933299370093e-01,6.366051232953553836e+02,4.286669486991547160e+02,-2.079381745962007244e+02,2.079381745962007244e+02
3.333333333333332593e-02,2.400000000000000189e-01,6.050951066878749174e-01,6.341933788161479697e+02,4.248679503168699512e+02,-2.093254284992780185e+02,2.093254284992780185e+02
4.000000000000000777e-02,2.400000000000000189e-01,5.996603789810747154e-01,6.315466078077188286e+02,4.209549463679738324e+02,-2.105916614397449962e+02,2.105916614397449962e+02
4.666666666666666186e-02,2.400000000000000189e-01,5.940681505206018009e-01,6.286625229743548289e+02,4.169285418764333713e+02,-2.117339810979215144e+02,2.117339810979215144e+02
5.333333333333334370e-02,2.400000000000000189e-01,5.883197716234338515e-01,6.255393966348657386e+02,4.127897090704724974e+02,-2.127496875643932981e+02,2.127496875643932981e+02
5.999999999999999778e-02,2.400000000000000189e-01,5.824171252167428259e-01,6.221761016833199847e+02,4.085398036576548861e+02,-2.136362980256650985e+02,2.136362980256650985e+02
6.666666666666667962e-02,2.400000000000000189e-01,5.763626467899239936e-01,6.185721506248819423e+02,4.041805791903453269e+02,-2.143915714345366723e+02,2.143915714345366723e+02
7.333333333333333370e-02,2.400000000000000189e-01,5.701593412658387816e-01,6.147277321030204575e+02,3.997141992130040080e+02,-2.150135328900164495e+02,2.150135328900164495e+02
8.000000000000001554e-02,2.400000000000000189e-01,5.638107963713756554e-01,6.106437443208296827e+02,3.951432468889905181e+02,-2.155004974318391646e+02,2.155004974318391646e+02
8.666666666666666963e-02,2.400000000000000189e-01,5.573211921050627016e-01,6.063218247559693737e+02,3.904707318172452233e+02,-2.158510929387241504e+02,2.158510929387241504e+02
9.333333333333335147e-02,2.400000000000000189e-01,5.506953059266117556e-01,6.017643755769537393e+02,3.857000937687604960e+02,-2.160642818081932433e+02,2.160642818081932433e+02
1.000000000000000056e-01,2.400000000000000189e-01,5.439385133302041542e-01,5.969745841891399323e+02,3.808352030993470407e+02,-2.161393810897929484e+02,2.161393810897929484e+02
1.066666666666666874e-01,2.400000000000000189e-01,5.370567835101049958e-01,5.919564383724889467e+02,3.758803576288756858e+02,-2.160760807436132040e+02,2.160760807436132040e+02
1.133333333333333415e-01,2.400000000000000189e-01,5.300566698835047497e-01,5.867147355203317147e+02,3.708402758177235228e+02,-2.158744597026082488e+02,2.158744597026082488e+02
1.199999999999999956e-01,2.400000000000000189e-01,5.229452953007696081e-01,5.812550855489487276e+02,3.657200861181541427e+02,-2.155349994307946417e+02,2.155349994307946417e+02
1.266666666666666774e-01,2.400000000000000189e-01,5.157303318466017750e-01,5.755839071213154057e+02,3.605253124311532815e+02,-2.150585946901620673e+02,2.150585946901620673e+02
1.333333333333333315e-01,2.400000000000000189e-01,5.084199752157122498e-01,5.697084169140083532e+02,3.552618556569128714e+02,-2.144465612570955386e+02,2.144465612570955386e+02
1.400000000000000133e-01,2.400000000000000189e-01,5.010229137319247572e-01,5.636366117526526978e+02,3.499359713885858696e+02,-2.137006403640667713e+02,2.137006403640667713e+02
1.466666666666666674e-01,2.400000000000000189e-01,4.935482921683188029e-01,5.573772435466544266e+02,3.445542438627895763e+02,-2.128229996838647935e+02,2.128229996838647935e+02
1.533333333333333492e-01,2.400000000000000189e-01,4.860056706159999185e-01,5.509397870661591696e+02,3.391235563451199937e+02,-2.118162307210391759e+02,2.118162307210391759e+02
1.600000000000000033e-01,2.400000000000000189e-01,4.784049787380993402e-01,5.443344007206250126e+02,3.336510581930315880e+02,-2.106833425275934246e+02,2.106833425275934246e+02
1.666666666666666574e-01,2.400000000000000189e-01,4.707564658313124206e-01,5.375718806163514500e+02,3.281441289001450059e+02,-2.094277517162064441e+02,2.094277517162064441e+02
1.733333333333333670e-01,2.400000000000000189e-01,4.630706471973263794e-01,5.306636082867403275e+02,3.226103394836750340e+02,-2.080532688030652935e+02,2.080532688030652935e+02
1.800000000000000211e-01,2.400000000000000189e-01,4.553582473985697820e-01,5.236214926009135979e+02,3.170574116285702644e+02,-2.065640809723432767e+02,2.065640809723432767e+02
1.866666666666666752e-01,2.400000000000000189e-01,4.476301410347245935e-01,5.164579064605316034e+02,3.114931750466017775e+02,-2.049647314139298260e+02,2.049647314139298260e+02
1.933333333333333293e-01,2.400000000000000189e-01,4.398972917265190907e-01,5.091856189883616253e+02,3.059255235446938173e+02,-2.032600954436678080e+02,2.032600954436678080e+02
2.000000000000000389e-01,2.400000000000000189e-01,4.321706900299139842e-01,5.018177239926694710e+02,3.003623703231381228e+02,-2.014553536695313483e+02,2.014553536695313483e+02
2.066666666666666929e-01,2.400000000000000189e-01,4.244612910257880012e-01,4.943675655566140108e+02,2.948116030401674266e+02,-1.995559625164466411e+02,1.995559625164466411e+02
2.133333333333333470e-01,2.400000000000000189e-01,4.167799523369228876e-01,4.868486616496867896e+02,2.892810391841845217e+02,-1.975676224655022111e+02,1.975676224655022111e+02
2.200000000000000011e-01,2.400000000000000189e-01,4.091373733152759984e-01,4.792746266875808487e+02,2.837783822885987774e+02,-1.954962443989820713e+02,1.954962443989820713e+02
2.266666666666666552e-01,2.400000000000000189e-01,4.015440361184829943e-01,4.716590939770069895e+02,2.783111795069077630e+02,-1.933479144700991981e+02,1.933479144700991981e+02
2.333333333333333648e-01,2.400000000000000189e-01,3.940101493560140278e-01,4.640156389728090858e+02,2.728867810379301773e+02,-1.911288579348789085e+02,1.911288579348789085e+02
2.400000000000000189e-01,2.400000000000000189e-01,3.865455949336006336e-01,4.563577042467803153e+02,2.675123018537925077e+02,-1.888454023929878076e+02,1.888454023929878076e+02
2.466666666666666730e-01,2.400000000000000189e-01,3.791598786610402838e-01,4.486985270219362860e+02,2.621945861375490949e+02,-1.865039408843871911e+02,1.865039408843871911e+02
2.533333333333332993e-01,2.400000000000000189e-01,3.718620851151884787e-01,4.410510700642661277e+02,2.569401747845357704e+02,-1.841108952797303573e+02,1.841108952797303573e+02
2.600000000000000089e-01,2.400000000000000189e-01,3.646608371689888384e-01,4.334279566482129553e+02,2.517552762632720373e+02,-1.816726803849409180e+02,1.816726803849409180e+02
2.666666666666667185e-01,2.400000000000000189e-01,3.575642605110969097e-01,4.258414102247335791e+02,2.466457410695898602e+02,-1.791956691551437189e+02,1.791956691551437189e+02
2.733333333333333171e-01,2.400000000000000189e-01,3.505799533913628308e-01,4.183031993244034084e+02,2.416170399433813145e+02,-1.766861593810220654e+02,1.766861593810220654e+02
2.800000000000000266e-01,2.400000000000000189e-01,3.437149617375092614e-01,4.108245881254702567e+02,2.366742459526067250e+02,-1.741503421728635601e+02,1.741503421728635601e+02
2.866666666666667362e-01,2.400000000000000189e-01,3.369757596999963800e-01,4.034162930108442424e+02,2.318220204855974202e+02,-1.715942725252467653e+02,1.715942725252467653e+02
2.933333333333333348e-01,2.400000000000000189e-01,3.303682355973568407e-01,3.960884453314876055e+02,2.270646031316969697e+02,-1.690238421997906357e+02,1.690238421997906357e+02
2.999999999999999889e-01,2.400000000000000189e-01,3.238976831550254287e-01,3.888505604891629446e+02,2.224058053732183566e+02,-1.664447551159445879e+02,1.664447551159445879e+02
-1.000000000000000056e-01,2.466666666666666730e-01,6.782099092495346149e-01,6.400043335575419405e+02,4.777914506290124450e+02,-1.622128829285295240e+02,1.622128829285295240e+02
-9.333333333333333759e-02,2.466666666666666730e-01,6.756261840100309390e-01,6.411812807324695314e+02,4.759311684565697647e+02,-1.652501122758997667e+02,1.652501122758997667e+02
-8.666666666666666963e-02,2.466666666666666730e-01,6.729281844837705640e-01,6.422194077222993656e+02,4.739886087976623230e+02,-1.682307989246370710e+02,1.682307989246370710e+02
-8.000000000000000167e-02,2.466666666666666730e-01,6.701122543721246272e-01,6.431130652465576532e+02,4.719611391172772414e+02,-1.711519261292803549e+02,1.711519261292803549e+02
-7.333333333333333370e-02,2.466666666666666730e-01,6.671747608518858730e-01,6.438565282773645322e+02,4.698461437827053260e+02,-1.740103844946592062e+02,1.740103844946592062e+02
-6.666666666666667962e-02,2.466666666666666730e-01,6.641121113590268132e-01,6.444440124867894610e+02,4.676410361478468189e+02,-1.768029763389426421e+02,1.768029763389426421e+02
-6.000000000000000472e-02,2.466666666666666730e-01,6.609207718114391561e-01,6.448696927181979390e+02,4.653432716735836721e+02,-1.795264210446141817e+02,1.795264210446141817e+02
-5.333333333333333676e-02,2.466666666666666730e-01,6.575972862788932449e-01,6.451277235565446517e+02,4.629503620901506338e+02,-1.821773614663940748e+02,1.821773614663940748e+02
-4.666666666666666879e-02,2.466666666666666730e-01,6.541382980923915458e-01,6.452122620576864165e+02,4.604598905958694104e+02,-1.847523714618170345e+02,1.847523714618170345e+02
-4.000000000000000083e-02,2.466666666666666730e-01,6.505405723667038176e-01,6.451174926787227832e+02,4.578695280733742266e+02,-1.872479646053486420e+02,1.872479646053486420e+02
-3.333333333333333981e-02,2.466666666666666730e-01,6.468010198891858131e-01,6.448376544299808302e+02,4.551770502895612367e+02,-1.896606041404195651e+02,1.896606041404195651e+02
-2.666666666666667185e-02,2.466666666666666730e-01,6.429167223049790936e-01,6.443670702443616847e+02,4.523803560289324537e+02,-1.919867142154292026e+02,1.919867142154292026e+02
-2.000000000000000389e-02,2.466666666666666730e-01,6.388849585034939160e-01,6.437001785313534583e+02,4.494774860918631134e+02,-1.942226924394902881e+02,1.942226924394902881e+02
-1.333333333333333592e-02,2.466666666666666730e-01,6.347032320838223995e-01,6.428315668510482510e+02,4.464666430696996713e+02,-1.963649237813485797e+02,1.963649237813485797e+02
-6.666666666666667962e-03,2.466666666666666730e-01,6.303692997476745274e-01,6.417560076081140323e+02,4.433462117876731554e+02,-1.984097958204409338e+02,1.984097958204409338e+02
0.000000000000000000e+00,2.466666666666666730e-01,6.258812004378930816e-01,6.404684956270646126e+02,4.401147802846305126e+02,-2.003537153424340431e+02,2.003537153424340431e+02
6.666666666666667962e-03,2.466666666666666730e-01,6.212372850090119858e-01,6.389642874286575989e+02,4.367711611758361414e+02,-2.021931262528215143e+02,2.021931262528215143e+02
1.333333333333333592e-02,2.466666666666666730e-01,6.164362461842043395e-01,6.372389419833266402e+02,4.333144132219746325e+02,-2.039245287613520645e+02,2.039245287613520645e+02
2.000000000000000389e-02,2.466666666666666730e-01,6.114771485209322677e-01,6.352883626717645029e+02,4.297438629044187337e+02,-2.055444997673458261e+02,2.055444997673458261e+02
2.666666666666667185e-02,2.466666666666666730e-01,6.063594580764022357e-01,6.331088401359338604e+02,4.260591257843571498e+02,-2.070497143515768244e+02,2.070497143515768244e+02
3.333333333333332593e-02,2.466666666666666730e-01,6.010830714343401437e-01,6.306970956567265603e+02,4.222601274020723849e+02,-2.084369682546541185e+02,2.084369682546541185e+02
4.000000000000000777e-02,2.466666666666666730e-01,5.956483437275399417e-01,6.280503246482974191e+02,4.183471234531762661e+02,-2.097032011951210961e+02,2.097032011951210961e+02
4.666666666666666186e-02,2.466666666666666730e-01,5.900561152670671383e-01,6.251662398149333058e+02,4.143207189616358050e+02,-2.108455208532976144e+02,2.108455208532976144e+02
5.333333333333334370e-02,2.466666666666666730e-01,5.843077363698991888e-01,6.220431134754442155e+02,4.101818861556749312e+02,-2.118612273197693980e+02,2.118612273197693980e+02
5.999999999999999778e-02,2.466666666666666730e-01,5.784050899632080522e-01,6.186798185238984615e+02,4.059319807428573199e+02,-2.127478377810411985e+02,2.127478377810411985e+02
6.666666666666667962e-02,2.466666666666666730e-01,5.723506115363892199e-01,6.150758674654605329e+02,4.015727562755477607e+02,-2.135031111899127723e+02,2.135031111899127723e+02
7.333333333333333370e-02,2.466666666666666730e-01,5.661473060123041190e-01,6.112314489435989344e+02,3.971063762982064418e+02,-2.141250726453925495e+02,2.141250726453925495e+02
8.000000000000001554e-02,2.466666666666666730e-01,5.597987611178408818e-01,6.071474611614081596e+02,3.925354239741929518e+02,-2.146120371872152646e+02,2.146120371872152646e+02
8.666666666666666963e-02,2.466666666666666730e-01,5.533091568515280390e-01,6.028255415965479642e+02,3.878629089024476571e+02,-2.149626326941002503e+02,2.149626326941002503e+02
9.333333333333335147e-02,2.466666666666666730e-01,5.466832706730769820e-01,5.982680924175322161e+02,3.830922708539629298e+02,-2.151758215635693432e+02,2.151758215635693432e+02
1.000000000000000056e-01,2.466666666666666730e-01,5.399264780766693805e-01,5.934783010297185228e+02,3.782273801845494745e+02,-2.152509208451690483e+02,2.152509208451690483e+02
1.066666666666666874e-01,2.466666666666666730e-01,5.330447482565703332e-01,5.884601552130674236e+02,3.732725347140781196e+02,-2.151876204989893040e+02,2.151876204989893040e+02
1.133333333333333415e-01,2.466666666666666730e-01,5.260446346299700870e-01,5.832184523609103053e+02,3.682324529029259566e+02,-2.149859994579843487e+02,2.149859994579843487e+02
1.199999999999999956e-01,2.466666666666666730e-01,5.189332600472348345e-01,5.777588023895273182e+02,3.631122632033565765e+02,-2.146465391861707417e+02,2.146465391861707417e+02
1.266666666666666774e-01,2.466666666666666730e-01,5.117182965930670013e-01,5.720876239618938826e+02,3.579174895163557153e+02,-2.141701344455381673e+02,2.141701344455381673e+02
1.333333333333333315e-01,2.466666666666666730e-01,5.044079399621774762e-01,5.662121337545868300e+02,3.526540327421153052e+02,-2.135581010124716386e+02,2.135581010124716386e+02
1.400000000000000133e-01,2.466666666666666730e-01,4.970108784783900391e-01,5.601403285932311746e+02,3.473281484737883034e+02,-2.128121801194428713e+02,2.128121801194428713e+02
1.466666666666666674e-01,2.466666666666666730e-01,4.895362569147840848e-01,5.538809603872330172e+02,3.419464209479920100e+02,-2.119345394392408934e+02,2.119345394392408934e+02
1.533333333333333492e-01,2.466666666666666730e-01,4.819936353624652003e-01,5.474435039067377602e+02,3.365157334303224275e+02,-2.109277704764152759e+02,2.109277704764152759e+02
1.600000000000000033e-01,2.466666666666666730e-01,4.743929434845646220e-01,5.408381175612034895e+02,3.310432352782340217e+02,-2.097948822829695246e+02,2.097948822829695246e+02
1.666666666666666574e-01,2.466666666666666730e-01,4.667444305777777025e-01,5.340755974569299269e+02,3.255363059853474397e+02,-2.085392914715825441e+02,2.085392914715825441e+02
1.733333333333333670e-01,2.466666666666666730e-01,4.590586119437916612e-01,5.271673251273189180e+02,3.200025165688774678e+02,-2.071648085584413934e+02,2.071648085584413934e+02
1.800000000000000211e-01,2.466666666666666730e-01,4.513462121450350639e-01,5.201252094414920748e+02,3.144495887137726982e+02,-2.056756207277193766e+02,2.056756207277193766e+02
1.866666666666666752e-01,2.466666666666666730e-01,4.436181057811898754e-01,5.129616233011101940e+02,3.088853521318042112e+02,-2.040762711693059259e+02,2.040762711693059259e+02
1.933333333333333293e-01,2.466666666666666730e-01,4.358852564729843726e-01,5.056893358289401590e+02,3.033177006298962510e+02,-2.023716351990439080e+02,2.023716351990439080e+02
2.000000000000000389e-01,2.466666666666666730e-01,4.281586547763792661e-01,4.983214408332480048e+02,2.977545474083405566e+02,-2.005668934249074482e+02,2.005668934249074482e+02
2.066666666666666929e-01,2.466666666666666730e-01,4.204492557722532831e-01,4.908712823971925445e+02,2.922037801253698603e+02,-1.986675022718227410e+02,1.986675022718227410e+02
2.133333333333333470e-01,2.466666666666666730e-01,4.127679170833881694e-01,4.833523784902653233e+02,2.866732162693869554e+02,-1.966791622208783110e+02,1.966791622208783110e+02
2.200000000000000011e-01,2.466666666666666730e-01,4.051253380617412803e-01,4.757783435281593825e+02,2.811705593738012112e+02,-1.946077841543581712e+02,1.946077841543581712e+02
2.266666666666666552e-01,2.466666666666666730e-01,3.975320008649482206e-01,4.681628108175855232e+02,2.757033565921101967e+02,-1.924594542254752980e+02,1.924594542254752980e+02
2.333333333333333648e-01,2.466666666666666730e-01,3.899981141024793097e-01,4.605193558133876195e+02,2.702789581231326110e+02,-1.902403976902550085e+02,1.902403976902550085e+02
2.400000000000000189e-01,2.466666666666666730e-01,3.825335596800658600e-01,4.528614210873588490e+02,2.649044789389949415e+02,-1.879569421483639076e+02,1.879569421483639076e+02
2.466666666666666730e-01,2.466666666666666730e-01,3.751478434075056212e-01,4.452022438625148197e+02,2.595867632227515287e+02,-1.856154806397632910e+02,1.856154806397632910e+02
2.533333333333332993e-01,2.466666666666666730e-01,3.678500498616538161e-01,4.375547869048446614e+02,2.543323518697382042e+02,-1.832224350351064572e+02,1.832224350351064572e+02
2.600000000000000089e-01,2.466666666666666730e-01,3.606488019154541202e-01,4.299316734887914890e+02,2.491474533484744711e+02,-1.807842201403170179e+02,1.807842201403170179e+02
2.666666666666667185e-01,2.466666666666666730e-01,3.535522252575622471e-01,4.223451270653121128e+02,2.440379181547922940e+02,-1.783072089105198188e+02,1.783072089105198188e+02
2.733333333333333171e-01,2.466666666666666730e-01,3.465679181378281681e-01,4.148069161649818852e+02,2.390092170285837483e+02,-1.757976991363981654e+02,1.757976991363981654e+02
2.800000000000000266e-01,2.466666666666666730e-01,3.397029264839744878e-01,4.073283049660487904e+02,2.340664230378091588e+02,-1.732618819282396601e+02,1.732618819282396601e+02
2.866666666666667362e-01,2.466666666666666730e-01,3.329637244464616064e-01,3.999200098514227193e+02,2.292141975707998540e+02,-1.707058122806228653e+02,1.707058122806228653e+02
2.933333333333333348e-01,2.466666666666666730e-01,3.263562003438221226e-01,3.925921621720661392e+02,2.244567802168994035e+02,-1.681353819551667357e+02,1.681353819551667357e+02
2.999999999999999889e-01,2.466666666666666730e-01,3.198856479014907106e-01,3.853542773297414783e+02,2.197979824584207904e+02,-1.655562948713206879e+02,1.655562948713206879e+02
-1.000000000000000056e-01,2.533333333333332993e-01,6.742447499982164860e-01,6.365126769565237055e+02,4.752140971156555906e+02,-1.612985798408681148e+02,1.612985798408681148e+02
-9.333333333333333759e-02,2.533333333333332993e-01,6.716610247587126992e-01,6.376896241314512963e+02,4.733538149432129103e+02,-1.643358091882383860e+02,1.643358091882383860e+02
-8.666666666666666963e-02,2.533333333333332993e-01,6.689630252324523241e-01,6.387277511212811305e+02,4.714112552843055255e+02,-1.673164958369756619e+02,1.673164958369756619e+02
-8.000000000000000167e-02,2.533333333333332993e-01,6.661470951208063873e-01,6.396214086455394181e+02,4.693837856039203871e+02,-1.702376230416189742e+02,1.702376230416189742e+02
-7.333333333333333370e-02,2.533333333333332993e-01,6.632096016005677441e-01,6.403648716763462971e+02,4.672687902693485285e+02,-1.730960814069978255e+02,1.730960814069978255e+02
-6.666666666666667962e-02,2.533333333333332993e-01,6.601469521077085734e-01,6.409523558857712260e+02,4.650636826344899646e+02,-1.758886732512812330e+02,1.758886732512812330e+02
-6.000000000000000472e-02,2.533333333333332993e-01,6.569556125601210272e-01,6.413780361171797040e+02,4.627659181602268745e+02,-1.786121179569527726e+02,1.786121179569527726e+02
-5.333333333333333676e-02,2.533333333333332993e-01,6.536321270275751161e-01,6.416360669555265304e+02,4.603730085767938363e+02,-1.812630583787326941e+02,1.812630583787326941e+02
-4.666666666666666879e-02,2.533333333333332993e-01,6.501731388410734169e-01,6.417206054566681814e+02,4.578825370825126129e+02,-1.838380683741556254e+02,1.838380683741556254e+02
-4.000000000000000083e-02,2.533333333333332993e-01,6.465754131153855777e-01,6.416258360777046619e+02,4.552921745600174290e+02,-1.863336615176872328e+02,1.863336615176872328e+02
-3.333333333333333981e-02,2.533333333333332993e-01,6.428358606378675733e-01,6.413459978289625951e+02,4.525996967762043823e+02,-1.887463010527581559e+02,1.887463010527581559e+02
-2.666666666666667185e-02,2.533333333333332993e-01,6.389515630536608537e-01,6.408754136433434496e+02,4.498030025155755993e+02,-1.910724111277677935e+02,1.910724111277677935e+02
-2.000000000000000389e-02,2.533333333333332993e-01,6.349197992521757872e-01,6.402085219303352233e+02,4.469001325785062591e+02,-1.933083893518289074e+02,1.933083893518289074e+02
-1.333333333333333592e-02,2.533333333333332993e-01,6.307380728325042707e-01,6.393399102500300160e+02,4.438892895563428738e+02,-1.954506206936871990e+02,1.954506206936871990e+02
-6.666666666666667962e-03,2.533333333333332993e-01,6.264041404963562876e-01,6.382643510070959110e+02,4.407688582743163579e+02,-1.974954927327795531e+02,1.974954927327795531e+02
0.000000000000000000e+00,2.533333333333332993e-01,6.219160411865749527e-01,6.369768390260463775e+02,4.375374267712736582e+02,-1.994394122547726624e+02,1.994394122547726624e+02
6.666666666666667962e-03,2.533333333333332993e-01,6.172721257576938569e-01,6.354726308276393638e+02,4.341938076624793439e+02,-2.012788231651601052e+02,2.012788231651601052e+02
1.333333333333333592e-02,2.533333333333332993e-01,6.124710869328862106e-01,6.337472853823085188e+02,4.307370597086178350e+02,-2.030102256736906838e+02,2.030102256736906838e+02
2.000000000000000389e-02,2.533333333333332993e-01,6.075119892696141388e-01,6.317967060707462679e+02,4.271665093910619362e+02,-2.046301966796844169e+02,2.046301966796844169e+02
2.666666666666667185e-02,2.533333333333332993e-01,6.023942988250841069e-01,6.296171835349157391e+02,4.234817722710002954e+02,-2.061354112639154152e+02,2.061354112639154152e+02
3.333333333333332593e-02,2.533333333333332993e-01,5.971179121830219039e-01,6.272054390557083252e+02,4.196827738887155874e+02,-2.075226651669927094e+02,2.075226651669927094e+02
4.000000000000000777e-02,2.533333333333332993e-01,5.916831844762218129e-01,6.245586680472791841e+02,4.157697699398194118e+02,-2.087888981074596870e+02,2.087888981074596870e+02
4.666666666666666186e-02,2.533333333333332993e-01,5.860909560157488984e-01,6.216745832139151844e+02,4.117433654482789507e+02,-2.099312177656362053e+02,2.099312177656362053e+02
5.333333333333334370e-02,2.533333333333332993e-01,5.803425771185810600e-01,6.185514568744260941e+02,4.076045326423180768e+02,-2.109469242321080173e+02,2.109469242321080173e+02
5.999999999999999778e-02,2.533333333333332993e-01,5.744399307118899234e-01,6.151881619228802265e+02,4.033546272295004655e+02,-2.118335346933797894e+02,2.118335346933797894e+02
6.666666666666667962e-02,2.533333333333332993e-01,5.683854522850710911e-01,6.115842108644422979e+02,3.989954027621909063e+02,-2.125888081022513916e+02,2.125888081022513916e+02
7.333333333333333370e-02,2.533333333333332993e-01,5.621821467609858791e-01,6.077397923425808131e+02,3.945290227848496443e+02,-2.132107695577311688e+02,2.132107695577311688e+02
8.000000000000001554e-02,2.533333333333332993e-01,5.558336018665226419e-01,6.036558045603899245e+02,3.899580704608360975e+02,-2.136977340995538555e+02,2.136977340995538555e+02
8.666666666666666963e-02,2.533333333333332993e-01,5.493439976002099101e-01,5.993338849955297292e+02,3.852855553890908595e+02,-2.140483296064388412e+02,2.140483296064388412e+02
9.333333333333335147e-02,2.533333333333332993e-01,5.427181114217587421e-01,5.947764358165140948e+02,3.805149173406060754e+02,-2.142615184759079625e+02,2.142615184759079625e+02
1.000000000000000056e-01,2.533333333333332993e-01,5.359613188253511407e-01,5.899866444287002878e+02,3.756500266711926770e+02,-2.143366177575076392e+02,2.143366177575076392e+02
1.066666666666666874e-01,2.533333333333332993e-01,5.290795890052522044e-01,5.849684986120491885e+02,3.706951812007213221e+02,-2.142733174113278949e+02,2.142733174113278949e+02
1.133333333333333415e-01,2.533333333333332993e-01,5.220794753786519582e-01,5.797267957598920702e+02,3.656550993895691590e+02,-2.140716963703229396e+02,2.140716963703229396e+02
1.199999999999999956e-01,2.533333333333332993e-01,5.149681007959165946e-01,5.742671457885090831e+02,3.605349096899997221e+02,-2.137322360985093610e+02,2.137322360985093610e+02
1.266666666666666774e-01,2.533333333333332993e-01,5.077531373417487615e-01,5.685959673608756475e+02,3.553401360029988609e+02,-2.132558313578767581e+02,2.132558313578767581e+02
1.333333333333333315e-01,2.533333333333332993e-01,5.004427807108593473e-01,5.627204771535687087e+02,3.500766792287585076e+02,-2.126437979248102295e+02,2.126437979248102295e+02
1.400000000000000133e-01,2.533333333333332993e-01,4.930457192270718547e-01,5.566486719922129396e+02,3.447507949604315058e+02,-2.118978770317814622e+02,2.118978770317814622e+02
1.466666666666666674e-01,2.533333333333332993e-01,4.855710976634659004e-01,5.503893037862147821e+02,3.393690674346352125e+02,-2.110202363515795128e+02,2.110202363515795128e+02
1.533333333333333492e-01,2.533333333333332993e-01,4.780284761111470160e-01,5.439518473057195251e+02,3.339383799169655731e+02,-2.100134673887538952e+02,2.100134673887538952e+02
1.600000000000000033e-01,2.533333333333332993e-01,4.704277842332464377e-01,5.373464609601853681e+02,3.284658817648771674e+02,-2.088805791953081439e+02,2.088805791953081439e+02
1.666666666666666574e-01,2.533333333333332993e-01,4.627792713264595181e-01,5.305839408559118056e+02,3.229589524719906422e+02,-2.076249883839211634e+02,2.076249883839211634e+02
1.733333333333333670e-01,2.533333333333332993e-01,4.550934526924734769e-01,5.236756685263006830e+02,3.174251630555206702e+02,-2.062505054707799843e+02,2.062505054707799843e+02
1.800000000000000211e-01,2.533333333333332993e-01,4.473810528937168796e-01,5.166335528404738398e+02,3.118722352004159006e+02,-2.047613176400579675e+02,2.047613176400579675e+02
1.866666666666666752e-01,2.533333333333332993e-01,4.396529465298716910e-01,5.094699667000919590e+02,3.063079986184474137e+02,-2.031619680816445168e+02,2.031619680816445168e+02
1.933333333333333293e-01,2.533333333333332993e-01,4.319200972216661882e-01,5.021976792279219808e+02,3.007403471165393967e+02,-2.014573321113825273e+02,2.014573321113825273e+02
2.000000000000000389e-01,2.533333333333332993e-01,4.241934955250610817e-01,4.948297842322298266e+02,2.951771938949837022e+02,-1.996525903372460391e+02,1.996525903372460391e+02
2.066666666666666929e-01,2.533333333333332993e-01,4.164840965209350987e-01,4.873796257961743095e+02,2.896264266120130060e+02,-1.977531991841613319e+02,1.977531991841613319e+02
2.133333333333333470e-01,2.533333333333332993e-01,4.088027578320699851e-01,4.798607218892470883e+02,2.840958627560301579e+02,-1.957648591332169303e+02,1.957648591332169303e+02
2.200000000000000011e-01,2.533333333333332993e-01,4.011601788104230959e-01,4.722866869271412043e+02,2.785932058604444137e+02,-1.936934810666967621e+02,1.936934810666967621e+02
2.266666666666666552e-01,2.533333333333332993e-01,3.935668416136300918e-01,4.646711542165672881e+02,2.731260030787533992e+02,-1.915451511378138889e+02,1.915451511378138889e+02
2.333333333333333648e-01,2.533333333333332993e-01,3.860329548511611253e-01,4.570276992123693844e+02,2.677016046097758135e+02,-1.893260946025936278e+02,1.893260946025936278e+02
2.400000000000000189e-01,2.533333333333332993e-01,3.785684004287477311e-01,4.493697644863406140e+02,2.623271254256380871e+02,-1.870426390607025269e+02,1.870426390607025269e+02
2.466666666666666730e-01,2.533333333333332993e-01,3.711826841561873813e-01,4.417105872614965847e+02,2.570094097093947312e+02,-1.847011775521018819e+02,1.847011775521018819e+02
2.533333333333332993e-01,2.533333333333332993e-01,3.638848906103355763e-01,4.340631303038264832e+02,2.517549983563814067e+02,-1.823081319474450765e+02,1.823081319474450765e+02
2.600000000000000089e-01,2.533333333333332993e-01,3.566836426641359359e-01,4.264400168877732540e+02,2.465700998351176452e+02,-1.798699170526556372e+02,1.798699170526556372e+02
2.666666666666667185e-01,2.533333333333332993e-01,3.495870660062440072e-01,4.188534704642938777e+02,2.414605646414354680e+02,-1.773929058228584381e+02,1.773929058228584381e+02
2.733333333333333171e-01,2.533333333333332993e-01,3.426027588865099283e-01,4.113152595639637070e+02,2.364318635152269223e+02,-1.748833960487367563e+02,1.748833960487367563e+02
2.800000000000000266e-01,2.533333333333332993e-01,3.357377672326563589e-01,4.038366483650305554e+02,2.314890695244523329e+02,-1.723475788405782509e+02,1.723475788405782509e+02
2.866666666666667362e-01,2.533333333333332993e-01,3.289985651951434775e-01,3.964283532504045411e+02,2.266368440574430565e+02,-1.697915091929614846e+02,1.697915091929614846e+02
2.933333333333333348e-01,2.533333333333332993e-01,3.223910410925039383e-01,3.891005055710479610e+02,2.218794267035426060e+02,-1.672210788675053550e+02,1.672210788675053550e+02
2.999999999999999889e-01,2.533333333333332993e-01,3.159204886501725262e-01,3.818626207287233001e+02,2.172206289450639929e+02,-1.646419917836593072e+02,1.646419917836593072e+02
-1.000000000000000056e-01,2.600000000000000089e-01,6.703289759698904948e-01,6.330292541555438675e+02,4.726688439972438118e+02,-1.603604101583001125e+02,1.603604101583001125e+02
-9.333333333333333759e-02,2.600000000000000089e-01,6.677452507303868190e-01,6.342062013304714583e+02,4.708085618248011315e+02,-1.633976395056703552e+02,1.633976395056703552e+02
-8.666666666666666963e-02,2.600000000000000089e-01,6.650472512041264439e-01,6.352443283203012925e+02,4.688660021658936330e+02,-1.663783261544076595e+02,1.663783261544076595e+02
-8.000000000000000167e-02,2.600000000000000089e-01,6.622313210924805071e-01,6.361379858445595801e+02,4.668385324855086083e+02,-1.692994533590509434e+02,1.692994533590509434e+02
-7.333333333333333370e-02,2.600000000000000089e-01,6.592938275722417529e-01,6.368814488753664591e+02,4.647235371509366360e+02,-1.721579117244297663e+02,1.721579117244297663e+02
-6.666666666666667962e-02,2.600000000000000089e-01,6.562311780793826932e-01,6.374689330847913880e+02,4.625184295160781858e+02,-1.749505035687132022e+02,1.749505035687132022e+02
-6.000000000000000472e-02,2.600000000000000089e-01,6.530398385317950360e-01,6.378946133161998659e+02,4.602206650418149820e+02,-1.776739482743847702e+02,1.776739482743847702e+02
-5.333333333333333676e-02,2.600000000000000089e-01,6.497163529992491249e-01,6.381526441545465786e+02,4.578277554583819438e+02,-1.803248886961646349e+02,1.803248886961646349e+02
-4.666666666666666879e-02,2.600000000000000089e-01,6.462573648127474257e-01,6.382371826556883434e+02,4.553372839641007204e+02,-1.828998986915876230e+02,1.828998986915876230e+02
-4.000000000000000083e-02,2.600000000000000089e-01,6.426596390870596975e-01,6.381424132767247102e+02,4.527469214416055365e+02,-1.853954918351192305e+02,1.853954918351192305e+02
-3.333333333333333981e-02,2.600000000000000089e-01,6.389200866095416931e-01,6.378625750279827571e+02,4.500544436577926035e+02,-1.878081313701901536e+02,1.878081313701901536e+02
-2.666666666666667185e-02,2.600000000000000089e-01,6.350357890253349735e-01,6.373919908423636116e+02,4.472577493971638205e+02,-1.901342414451997911e+02,1.901342414451997911e+02
-2.000000000000000389e-02,2.600000000000000089e-01,6.310040252238497960e-01,6.367250991293553852e+02,4.443548794600944802e+02,-1.923702196692608481e+02,1.923702196692608481e+02
-1.333333333333333592e-02,2.600000000000000089e-01,6.268222988041783905e-01,6.358564874490501779e+02,4.413440364379309813e+02,-1.945124510111191682e+02,1.945124510111191682e+02
-6.666666666666667962e-03,2.600000000000000089e-01,6.224883664680304074e-01,6.347809282061159593e+02,4.382236051559044654e+02,-1.965573230502115223e+02,1.965573230502115223e+02
0.000000000000000000e+00,2.600000000000000089e-01,6.180002671582489615e-01,6.334934162250665395e+02,4.349921736528618794e+02,-1.985012425722046316e+02,1.985012425722046316e+02
6.666666666666667962e-03,2.600000000000000089e-01,6.133563517293679768e-01,6.319892080266595258e+02,4.316485545440674514e+02,-2.003406534825920744e+02,2.003406534825920744e+02
1.333333333333333592e-02,2.600000000000000089e-01,6.085553129045603304e-01,6.302638625813285671e+02,4.281918065902059425e+02,-2.020720559911226530e+02,2.020720559911226530e+02
2.000000000000000389e-02,2.600000000000000089e-01,6.035962152412881476e-01,6.283132832697664298e+02,4.246212562726500437e+02,-2.036920269971163862e+02,2.036920269971163862e+02
2.666666666666667185e-02,2.600000000000000089e-01,5.984785247967582267e-01,6.261337607339357874e+02,4.209365191525885166e+02,-2.051972415813473845e+02,2.051972415813473845e+02
3.333333333333332593e-02,2.600000000000000089e-01,5.932021381546960237e-01,6.237220162547284872e+02,4.171375207703036949e+02,-2.065844954844246786e+02,2.065844954844246786e+02
4.000000000000000777e-02,2.600000000000000089e-01,5.877674104478959327e-01,6.210752452462993460e+02,4.132245168214076330e+02,-2.078507284248916562e+02,2.078507284248916562e+02
4.666666666666666186e-02,2.600000000000000089e-01,5.821751819874230183e-01,6.181911604129352327e+02,4.091981123298671719e+02,-2.089930480830681745e+02,2.089930480830681745e+02
5.333333333333334370e-02,2.600000000000000089e-01,5.764268030902550688e-01,6.150680340734461424e+02,4.050592795239062980e+02,-2.100087545495399866e+02,2.100087545495399866e+02
5.999999999999999778e-02,2.600000000000000089e-01,5.705241566835640432e-01,6.117047391219003885e+02,4.008093741110886867e+02,-2.108953650108117586e+02,2.108953650108117586e+02
6.666666666666667962e-02,2.600000000000000089e-01,5.644696782567452109e-01,6.081007880634624598e+02,3.964501496437791275e+02,-2.116506384196833608e+02,2.116506384196833608e+02
7.333333333333333370e-02,2.600000000000000089e-01,5.582663727326599989e-01,6.042563695416008613e+02,3.919837696664377518e+02,-2.122725998751631380e+02,2.122725998751631380e+02
8.000000000000001554e-02,2.600000000000000089e-01,5.519178278381967617e-01,6.001723817594100865e+02,3.874128173424243187e+02,-2.127595644169858247e+02,2.127595644169858247e+02
8.666666666666666963e-02,2.600000000000000089e-01,5.454282235718839189e-01,5.958504621945498911e+02,3.827403022706789670e+02,-2.131101599238708104e+02,2.131101599238708104e+02
9.333333333333335147e-02,2.600000000000000089e-01,5.388023373934328619e-01,5.912930130155341431e+02,3.779696642221942966e+02,-2.133233487933399317e+02,2.133233487933399317e+02
1.000000000000000056e-01,2.600000000000000089e-01,5.320455447970252605e-01,5.865032216277204498e+02,3.731047735527807845e+02,-2.133984480749396084e+02,2.133984480749396084e+02
1.066666666666666874e-01,2.600000000000000089e-01,5.251638149769262132e-01,5.814850758110693505e+02,3.681499280823094296e+02,-2.133351477287598641e+02,2.133351477287598641e+02
1.133333333333333415e-01,2.600000000000000089e-01,5.181637013503259670e-01,5.762433729589122322e+02,3.631098462711572665e+02,-2.131335266877549088e+02,2.131335266877549088e+02
1.199999999999999956e-01,2.600000000000000089e-01,5.110523267675907144e-01,5.707837229875292451e+02,3.579896565715879433e+02,-2.127940664159413302e+02,2.127940664159413302e+02
1.266666666666666774e-01,2.600000000000000089e-01,5.038373633134228813e-01,5.651125445598958095e+02,3.527948828845870821e+02,-2.123176616753087274e+02,2.123176616753087274e+02
1.333333333333333315e-01,2.600000000000000089e-01,4.965270066825334672e-01,5.592370543525887570e+02,3.475314261103466151e+02,-2.117056282422421987e+02,2.117056282422421987e+02
1.400000000000000133e-01,2.600000000000000089e-01,4.891299451987459745e-01,5.531652491912331016e+02,3.422055418420196702e+02,-2.109597073492134314e+02,2.109597073492134314e+02
1.466666666666666674e-01,2.600000000000000089e-01,4.816553236351399647e-01,5.469058809852349441e+02,3.368238143162233769e+02,-2.100820666690114820e+02,2.100820666690114820e+02
1.533333333333333492e-01,2.600000000000000089e-01,4.741127020828210803e-01,5.404684245047396871e+02,3.313931267985537943e+02,-2.090752977061858644e+02,2.090752977061858644e+02
1.600000000000000033e-01,2.600000000000000089e-01,4.665120102049205020e-01,5.338630381592054164e+02,3.259206286464653886e+02,-2.079424095127401131e+02,2.079424095127401131e+02
1.666666666666666574e-01,2.600000000000000089e-01,4.588634972981335824e-01,5.271005180549318538e+02,3.204136993535787497e+02,-2.066868187013531326e+02,2.066868187013531326e+02
1.733333333333333670e-01,2.600000000000000089e-01,4.511776786641475967e-01,5.201922457253208449e+02,3.148799099371088346e+02,-2.053123357882119535e+02,2.053123357882119535e+02
1.800000000000000211e-01,2.600000000000000089e-01,4.434652788653909994e-01,5.131501300394940017e+02,3.093269820820040650e+02,-2.038231479574899367e+02,2.038231479574899367e+02
1.866666666666666752e-01,2.600000000000000089e-01,4.357371725015457553e-01,5.059865438991120641e+02,3.037627455000355212e+02,-2.022237983990764860e+02,2.022237983990764860e+02
1.933333333333333293e-01,2.600000000000000089e-01,4.280043231933402526e-01,4.987142564269420859e+02,2.981950939981276179e+02,-2.005191624288144965e+02,2.005191624288144965e+02
2.000000000000000389e-01,2.600000000000000089e-01,4.202777214967351460e-01,4.913463614312499317e+02,2.926319407765719234e+02,-1.987144206546780083e+02,1.987144206546780083e+02
2.066666666666666929e-01,2.600000000000000089e-01,4.125683224926092185e-01,4.838962029951944714e+02,2.870811734936012272e+02,-1.968150295015933011e+02,1.968150295015933011e+02
2.133333333333333470e-01,2.600000000000000089e-01,4.048869838037441049e-01,4.763772990882672502e+02,2.815506096376183223e+02,-1.948266894506488995e+02,1.948266894506488995e+02
2.200000000000000011e-01,2.600000000000000089e-01,3.972444047820972157e-01,4.688032641261613094e+02,2.760479527420325212e+02,-1.927553113841287313e+02,1.927553113841287313e+02
2.266666666666666552e-01,2.600000000000000089e-01,3.896510675853041561e-01,4.611877314155874501e+02,2.705807499603415636e+02,-1.906069814552458865e+02,1.906069814552458865e+02
2.333333333333333648e-01,2.600000000000000089e-01,3.821171808228351896e-01,4.535442764113895464e+02,2.651563514913639210e+02,-1.883879249200255970e+02,1.883879249200255970e+02
2.400000000000000189e-01,2.600000000000000089e-01,3.746526264004217954e-01,4.458863416853607760e+02,2.597818723072263083e+02,-1.861044693781344961e+02,1.861044693781344961e+02
2.466666666666666730e-01,2.600000000000000089e-01,3.672669101278615011e-01,4.382271644605167467e+02,2.544641565909828671e+02,-1.837630078695338511e+02,1.837630078695338511e+02
2.533333333333332993e-01,2.600000000000000089e-01,3.599691165820096961e-01,4.305797075028465883e+02,2.492097452379695710e+02,-1.813699622648770173e+02,1.813699622648770173e+02
2.600000000000000089e-01,2.600000000000000089e-01,3.527678686358100002e-01,4.229565940867934160e+02,2.440248467167058095e+02,-1.789317473700876064e+02,1.789317473700876064e+02
2.666666666666667185e-01,2.600000000000000089e-01,3.456712919779181270e-01,4.153700476633140397e+02,2.389153115230236324e+02,-1.764547361402904073e+02,1.764547361402904073e+02
2.733333333333333171e-01,2.600000000000000089e-01,3.386869848581840481e-01,4.078318367629838122e+02,2.338866103968150867e+02,-1.739452263661687539e+02,1.739452263661687539e+02
2.800000000000000266e-01,2.600000000000000089e-01,3.318219932043304232e-01,4.003532255640507174e+02,2.289438164060404972e+02,-1.714094091580102486e+02,1.714094091580102486e+02
2.866666666666667362e-01,2.600000000000000089e-01,3.250827911668175418e-01,3.929449304494246462e+02,2.240915909390312208e+02,-1.688533395103934538e+02,1.688533395103934538e+02
2.933333333333333348e-01,2.600000000000000089e-01,3.184752670641780581e-01,3.856170827700680661e+02,2.193341735851307703e+02,-1.662829091849373242e+02,1.662829091849373242e+02
2.999999999999999889e-01,2.600000000000000089e-01,3.120047146218466461e-01,3.783791979277434052e+02,2.146753758266521572e+02,-1.637038221010912480e+02,1.637038221010912480e+02
-1.000000000000000056e-01,2.666666666666667185e-01,6.664649510259672560e-01,6.295575692520457096e+02,4.701572277836936564e+02,-1.594003414683521100e+02,1.594003414683521100e+02
-9.333333333333333759e-02,2.666666666666667185e-01,6.638812257864635802e-01,6.307345164269733004e+02,4.682969456112509761e+02,-1.624375708157223812e+02,1.624375708157223812e+02
-8.666666666666666963e-02,2.666666666666667185e-01,6.611832262602032051e-01,6.317726434168031346e+02,4.663543859523435344e+02,-1.654182574644596571e+02,1.654182574644596571e+02
-8.000000000000000167e-02,2.666666666666667185e-01,6.583672961485572683e-01,6.326663009410614222e+02,4.643269162719584529e+02,-1.683393846691029694e+02,1.683393846691029694e+02
-7.333333333333333370e-02,2.666666666666667185e-01,6.554298026283185141e-01,6.334097639718683013e+02,4.622119209373865374e+02,-1.711978430344817923e+02,1.711978430344817923e+02
-6.666666666666667962e-02,2.666666666666667185e-01,6.523671531354594544e-01,6.339972481812932301e+02,4.600068133025280304e+02,-1.739904348787651998e+02,1.739904348787651998e+02
-6.000000000000000472e-02,2.666666666666667185e-01,6.491758135878717972e-01,6.344229284127017081e+02,4.577090488282648835e+02,-1.767138795844367678e+02,1.767138795844367678e+02
-5.333333333333333676e-02,2.666666666666667185e-01,6.458523280553258861e-01,6.346809592510485345e+02,4.553161392448318452e+02,-1.793648200062166609e+02,1.793648200062166609e+02
-4.666666666666666879e-02,2.666666666666667185e-01,6.423933398688241869e-01,6.347654977521901856e+02,4.528256677505506218e+02,-1.819398300016396206e+02,1.819398300016396206e+02
-4.000000000000000083e-02,2.666666666666667185e-01,6.387956141431364587e-01,6.346707283732266660e+02,4.502353052280554380e+02,-1.844354231451712280e+02,1.844354231451712280e+02
-3.333333333333333981e-02,2.666666666666667185e-01,6.350560616656183432e-01,6.343908901244845993e+02,4.475428274442424481e+02,-1.868480626802421511e+02,1.868480626802421511e+02
-2.666666666666667185e-02,2.666666666666667185e-01,6.311717640814117347e-01,6.339203059388654538e+02,4.447461331836136651e+02,-1.891741727552517887e+02,1.891741727552517887e+02
-2.000000000000000389e-02,2.666666666666667185e-01,6.271400002799265572e-01,6.332534142258572274e+02,4.418432632465443248e+02,-1.914101509793128741e+02,1.914101509793128741e+02
-1.333333333333333592e-02,2.666666666666667185e-01,6.229582738602550407e-01,6.323848025455520201e+02,4.388324202243808827e+02,-1.935523823211711942e+02,1.935523823211711942e+02
-6.666666666666667962e-03,2.666666666666667185e-01,6.186243415241071686e-01,6.313092433026179151e+02,4.357119889423543668e+02,-1.955972543602635483e+02,1.955972543602635483e+02
0.000000000000000000e+00,2.666666666666667185e-01,6.141362422143257227e-01,6.300217313215683816e+02,4.324805574393117240e+02,-1.975411738822566576e+02,1.975411738822566576e+02
6.666666666666667962e-03,2.666666666666667185e-01,6.094923267854446269e-01,6.285175231231613679e+02,4.291369383305173528e+02,-1.993805847926440720e+02,1.993805847926440720e+02
1.333333333333333592e-02,2.666666666666667185e-01,6.046912879606369806e-01,6.267921776778305230e+02,4.256801903766558439e+02,-2.011119873011746790e+02,2.011119873011746790e+02
2.000000000000000389e-02,2.666666666666667185e-01,5.997321902973649088e-01,6.248415983662682720e+02,4.221096400590999451e+02,-2.027319583071683837e+02,2.027319583071683837e+02
2.666666666666667185e-02,2.666666666666667185e-01,5.946144998528348768e-01,6.226620758304377432e+02,4.184249029390383612e+02,-2.042371728913993820e+02,2.042371728913993820e+02
3.333333333333332593e-02,2.666666666666667185e-01,5.893381132107727849e-01,6.202503313512303293e+02,4.146259045567535964e+02,-2.056244267944766762e+02,2.056244267944766762e+02
4.000000000000000777e-02,2.666666666666667185e-01,5.839033855039725829e-01,6.176035603428011882e+02,4.107129006078574776e+02,-2.068906597349436538e+02,2.068906597349436538e+02
4.666666666666666186e-02,2.666666666666667185e-01,5.783111570434996684e-01,6.147194755094371885e+02,4.066864961163170165e+02,-2.080329793931201721e+02,2.080329793931201721e+02
5.333333333333334370e-02,2.666666666666667185e-01,5.725627781463318300e-01,6.115963491699480983e+02,4.025476633103561426e+02,-2.090486858595920125e+02,2.090486858595920125e+02
5.999999999999999778e-02,2.666666666666667185e-01,5.666601317396406934e-01,6.082330542184022306e+02,3.982977578975385313e+02,-2.099352963208637561e+02,2.099352963208637561e+02
6.666666666666667962e-02,2.666666666666667185e-01,5.606056533128218611e-01,6.046291031599643020e+02,3.939385334302289721e+02,-2.106905697297353868e+02,2.106905697297353868e+02
7.333333333333333370e-02,2.666666666666667185e-01,5.544023477887366491e-01,6.007846846381028172e+02,3.894721534528876532e+02,-2.113125311852151640e+02,2.113125311852151640e+02
8.000000000000001554e-02,2.666666666666667185e-01,5.480538028942735229e-01,5.967006968559119287e+02,3.849012011288741633e+02,-2.117994957270378222e+02,2.117994957270378222e+02
8.666666666666666963e-02,2.666666666666667185e-01,5.415641986279606801e-01,5.923787772910517333e+02,3.802286860571288685e+02,-2.121500912339228080e+02,2.121500912339228080e+02
9.333333333333335147e-02,2.666666666666667185e-01,5.349383124495096231e-01,5.878213281120360989e+02,3.754580480086441412e+02,-2.123632801033919577e+02,2.123632801033919577e+02
1.000000000000000056e-01,2.666666666666667185e-01,5.281815198531020217e-01,5.830315367242222919e+02,3.705931573392306859e+02,-2.124383793849916060e+02,2.124383793849916060e+02
1.066666666666666874e-01,2.666666666666667185e-01,5.212997900330029744e-01,5.780133909075711927e+02,3.656383118687593310e+02,-2.123750790388118617e+02,2.123750790388118617e+02
1.133333333333333415e-01,2.666666666666667185e-01,5.142996764064027282e-01,5.727716880554140744e+02,3.605982300576071680e+02,-2.121734579978069064e+02,2.121734579978069064e+02
1.199999999999999956e-01,2.666666666666667185e-01,5.071883018236674756e-01,5.673120380840310872e+02,3.554780403580377879e+02,-2.118339977259933562e+02,2.118339977259933562e+02
1.266666666666666774e-01,2.666666666666667185e-01,4.999733383694996425e-01,5.616408596563976516e+02,3.502832666710369267e+02,-2.113575929853607249e+02,2.113575929853607249e+02
1.333333333333333315e-01,2.666666666666667185e-01,4.926629817386101173e-01,5.557653694490907128e+02,3.450198098967965166e+02,-2.107455595522941962e+02,2.107455595522941962e+02
1.400000000000000133e-01,2.666666666666667185e-01,4.852659202548226247e-01,5.496935642877349437e+02,3.396939256284695148e+02,-2.099996386592654289e+02,2.099996386592654289e+02
1.466666666666666674e-01,2.666666666666667185e-01,4.777912986912167259e-01,5.434341960817367863e+02,3.343121981026732215e+02,-2.091219979790635080e+02,2.091219979790635080e+02
1.533333333333333492e-01,2.666666666666667185e-01,4.702486771388978415e-01,5.369967396012415293e+02,3.288815105850036389e+02,-2.081152290162378904e+02,2.081152290162378904e+02
1.600000000000000033e-01,2.666666666666667185e-01,4.626479852609972632e-01,5.303913532557073722e+02,3.234090124329152331e+02,-2.069823408227921391e+02,2.069823408227921391e+02
1.666666666666666574e-01,2.666666666666667185e-01,4.549994723542103436e-01,5.236288331514338097e+02,3.179020831400286511e+02,-2.057267500114051586e+02,2.057267500114051586e+02
1.733333333333333670e-01,2.666666666666667185e-01,4.473136537202242469e-01,5.167205608218226871e+02,3.123682937235586792e+02,-2.043522670982639511e+02,2.043522670982639511e+02
1.800000000000000211e-01,2.666666666666667185e-01,4.396012539214676496e-01,5.096784451359958439e+02,3.068153658684539096e+02,-2.028630792675419343e+02,2.028630792675419343e+02
1.866666666666666752e-01,2.666666666666667185e-01,4.318731475576225165e-01,5.025148589956139631e+02,3.012511292864854227e+02,-2.012637297091284836e+02,2.012637297091284836e+02
1.933333333333333293e-01,2.666666666666667185e-01,4.241402982494170137e-01,4.952425715234439849e+02,2.956834777845774624e+02,-1.995590937388665225e+02,1.995590937388665225e+02
2.000000000000000389e-01,2.666666666666667185e-01,4.164136965528119072e-01,4.878746765277518307e+02,2.901203245630217680e+02,-1.977543519647300059e+02,1.977543519647300059e+02
2.066666666666666929e-01,2.666666666666667185e-01,4.087042975486858687e-01,4.804245180916963136e+02,2.845695572800510718e+02,-1.958549608116452987e+02,1.958549608116452987e+02
2.133333333333333470e-01,2.666666666666667185e-01,4.010229588598207551e-01,4.729056141847690924e+02,2.790389934240681669e+02,-1.938666207607009255e+02,1.938666207607009255e+02
2.200000000000000011e-01,2.666666666666667185e-01,3.933803798381738659e-01,4.653315792226632084e+02,2.735363365284824226e+02,-1.917952426941807289e+02,1.917952426941807289e+02
2.266666666666666552e-01,2.666666666666667185e-01,3.857870426413808618e-01,4.577160465120892923e+02,2.680691337467914082e+02,-1.896469127652978841e+02,1.896469127652978841e+02
2.333333333333333648e-01,2.666666666666667185e-01,3.782531558789119508e-01,4.500725915078913886e+02,2.626447352778138224e+02,-1.874278562300776230e+02,1.874278562300776230e+02
2.400000000000000189e-01,2.666666666666667185e-01,3.707886014564985011e-01,4.424146567818626181e+02,2.572702560936761529e+02,-1.851444006881865221e+02,1.851444006881865221e+02
2.466666666666666730e-01,2.666666666666667185e-01,3.634028851839382068e-01,4.347554795570185888e+02,2.519525403774327401e+02,-1.828029391795858487e+02,1.828029391795858487e+02
2.533333333333332993e-01,2.666666666666667185e-01,3.561050916380864018e-01,4.271080225993484873e+02,2.466981290244194156e+02,-1.804098935749290433e+02,1.804098935749290433e+02
2.600000000000000089e-01,2.666666666666667185e-01,3.489038436918867614e-01,4.194849091832952581e+02,2.415132305031556825e+02,-1.779716786801396324e+02,1.779716786801396324e+02
2.666666666666667185e-01,2.666666666666667185e-01,3.418072670339948327e-01,4.118983627598158819e+02,2.364036953094735054e+02,-1.754946674503424333e+02,1.754946674503424333e+02
2.733333333333333171e-01,2.666666666666667185e-01,3.348229599142607538e-01,4.043601518594857112e+02,2.313749941832649597e+02,-1.729851576762207515e+02,1.729851576762207515e+02
2.800000000000000266e-01,2.666666666666667185e-01,3.279579682604071289e-01,3.968815406605525595e+02,2.264322001924903702e+02,-1.704493404680622461e+02,1.704493404680622461e+02
2.866666666666667362e-01,2.666666666666667185e-01,3.212187662228942475e-01,3.894732455459265452e+02,2.215799747254810654e+02,-1.678932708204454798e+02,1.678932708204454798e+02
2.933333333333333348e-01,2.666666666666667185e-01,3.146112421202547083e-01,3.821453978665699651e+02,2.168225573715806149e+02,-1.653228404949893502e+02,1.653228404949893502e+02
2.999999999999999889e-01,2.666666666666667185e-01,3.081406896779232962e-01,3.749075130242453042e+02,2.121637596131020018e+02,-1.627437534111432740e+02,1.627437534111432740e+02
-1.000000000000000056e-01,2.733333333333333171e-01,6.626548897965748308e-01,6.261010145967945846e+02,4.676806879845885305e+02,-1.584203266122060541e+02,1.584203266122060541e+02
-9.333333333333333759e-02,2.733333333333333171e-01,6.600711645570711550e-01,6.272779617717221754e+02,4.658204058121458502e+02,-1.614575559595763252e+02,1.614575559595763252e+02
-8.666666666666666963e-02,2.733333333333333171e-01,6.573731650308107799e-01,6.283160887615520096e+02,4.638778461532384654e+02,-1.644382426083136011e+02,1.644382426083136011e+02
-8.000000000000000167e-02,2.733333333333333171e-01,6.545572349191648431e-01,6.292097462858102972e+02,4.618503764728533270e+02,-1.673593698129569134e+02,1.673593698129569134e+02
-7.333333333333333370e-02,2.733333333333333171e-01,6.516197413989260889e-01,6.299532093166171762e+02,4.597353811382814683e+02,-1.702178281783357363e+02,1.702178281783357363e+02
-6.666666666666667962e-02,2.733333333333333171e-01,6.485570919060670292e-01,6.305406935260421051e+02,4.575302735034229045e+02,-1.730104200226191722e+02,1.730104200226191722e+02
-6.000000000000000472e-02,2.733333333333333171e-01,6.453657523584793720e-01,6.309663737574505831e+02,4.552325090291598144e+02,-1.757338647282907118e+02,1.757338647282907118e+02
-5.333333333333333676e-02,2.733333333333333171e-01,6.420422668259334609e-01,6.312244045957974095e+02,4.528395994457267761e+02,-1.783848051500706049e+02,1.783848051500706049e+02
-4.666666666666666879e-02,2.733333333333333171e-01,6.385832786394317617e-01,6.313089430969390605e+02,4.503491279514455528e+02,-1.809598151454935646e+02,1.809598151454935646e+02
-4.000000000000000083e-02,2.733333333333333171e-01,6.349855529137440335e-01,6.312141737179755410e+02,4.477587654289503689e+02,-1.834554082890251721e+02,1.834554082890251721e+02
-3.333333333333333981e-02,2.733333333333333171e-01,6.312460004362259181e-01,6.309343354692334742e+02,4.450662876451373222e+02,-1.858680478240960952e+02,1.858680478240960952e+02
-2.666666666666667185e-02,2.733333333333333171e-01,6.273617028520193095e-01,6.304637512836143287e+02,4.422695933845085392e+02,-1.881941578991057327e+02,1.881941578991057327e+02
-2.000000000000000389e-02,2.733333333333333171e-01,6.233299390505341320e-01,6.297968595706061024e+02,4.393667234474391989e+02,-1.904301361231668182e+02,1.904301361231668182e+02
-1.333333333333333592e-02,2.733333333333333171e-01,6.191482126308626155e-01,6.289282478903008951e+02,4.363558804252758136e+02,-1.925723674650251382e+02,1.925723674650251382e+02
-6.666666666666667962e-03,2.733333333333333171e-01,6.148142802947147434e-01,6.278526886473667901e+02,4.332354491432492978e+02,-1.946172395041174923e+02,1.946172395041174923e+02
0.000000000000000000e+00,2.733333333333333171e-01,6.103261809849332975e-01,6.265651766663172566e+02,4.300040176402065981e+02,-1.965611590261106016e+02,1.965611590261106016e+02
6.666666666666667962e-03,2.733333333333333171e-01,6.056822655560522017e-01,6.250609684679102429e+02,4.266603985314122838e+02,-1.984005699364980444e+02,1.984005699364980444e+02
1.333333333333333592e-02,2.733333333333333171e-01,6.008812267312445554e-01,6.233356230225793979e+02,4.232036505775507749e+02,-2.001319724450286230e+02,2.001319724450286230e+02
2.000000000000000389e-02,2.733333333333333171e-01,5.959221290679724836e-01,6.213850437110171470e+02,4.196331002599948761e+02,-2.017519434510223562e+02,2.017519434510223562e+02
2.666666666666667185e-02,2.733333333333333171e-01,5.908044386234424517e-01,6.192055211751866182e+02,4.159483631399332353e+02,-2.032571580352533545e+02,2.032571580352533545e+02
3.333333333333332593e-02,2.733333333333333171e-01,5.855280519813803597e-01,6.167937766959792043e+02,4.121493647576485273e+02,-2.046444119383306486e+02,2.046444119383306486e+02
4.000000000000000777e-02,2.733333333333333171e-01,5.800933242745801577e-01,6.141470056875500632e+02,4.082363608087523517e+02,-2.059106448787976262e+02,2.059106448787976262e+02
4.666666666666666186e-02,2.733333333333333171e-01,5.745010958141072432e-01,6.112629208541860635e+02,4.042099563172118906e+02,-2.070529645369741445e+02,2.070529645369741445e+02
5.333333333333334370e-02,2.733333333333333171e-01,5.687527169169394048e-01,6.081397945146969732e+02,4.000711235112510167e+02,-2.080686710034459566e+02,2.080686710034459566e+02
5.999999999999999778e-02,2.733333333333333171e-01,5.628500705102482682e-01,6.047764995631511056e+02,3.958212180984334054e+02,-2.089552814647177286e+02,2.089552814647177286e+02
6.666666666666667962e-02,2.733333333333333171e-01,5.567955920834294359e-01,6.011725485047131770e+02,3.914619936311238462e+02,-2.097105548735893308e+02,2.097105548735893308e+02
7.333333333333333370e-02,2.733333333333333171e-01,5.505922865593442239e-01,5.973281299828516921e+02,3.869956136537825842e+02,-2.103325163290691080e+02,2.103325163290691080e+02
8.000000000000001554e-02,2.733333333333333171e-01,5.442437416648810977e-01,5.932441422006608036e+02,3.824246613297690374e+02,-2.108194808708917947e+02,2.108194808708917947e+02
8.666666666666666963e-02,2.733333333333333171e-01,5.377541373985682549e-01,5.889222226358006083e+02,3.777521462580237994e+02,-2.111700763777767804e+02,2.111700763777767804e+02
9.333333333333335147e-02,2.733333333333333171e-01,5.311282512201171979e-01,5.843647734567849739e+02,3.729815082095390153e+02,-2.113832652472459017e+02,2.113832652472459017e+02
1.000000000000000056e-01,2.733333333333333171e-01,5.243714586237095965e-01,5.795749820689711669e+02,3.681166175401256169e+02,-2.114583645288455784e+02,2.114583645288455784e+02
1.066666666666666874e-01,2.733333333333333171e-01,5.174897288036105492e-01,5.745568362523200676e+02,3.631617720696542619e+02,-2.113950641826658341e+02,2.113950641826658341e+02
1.133333333333333415e-01,2.733333333333333171e-01,5.104896151770103030e-01,5.693151334001629493e+02,3.581216902585020989e+02,-2.111934431416608788e+02,2.111934431416608788e+02
1.199999999999999956e-01,2.733333333333333171e-01,5.033782405942750504e-01,5.638554834287799622e+02,3.530015005589326620e+02,-2.108539828698473002e+02,2.108539828698473002e+02
1.266666666666666774e-01,2.733333333333333171e-01,4.961632771401072173e-01,5.581843050011465266e+02,3.478067268719318008e+02,-2.103775781292146974e+02,2.103775781292146974e+02
1.333333333333333315e-01,2.733333333333333171e-01,4.888529205092176921e-01,5.523088147938395878e+02,3.425432700976914475e+02,-2.097655446961481687e+02,2.097655446961481687e+02
1.400000000000000133e-01,2.733333333333333171e-01,4.814558590254301995e-01,5.462370096324838187e+02,3.372173858293644457e+02,-2.090196238031194014e+02,2.090196238031194014e+02
1.466666666666666674e-01,2.733333333333333171e-01,4.739812374618243007e-01,5.399776414264856612e+02,3.318356583035681524e+02,-2.081419831229174520e+02,2.081419831229174520e+02
1.533333333333333492e-01,2.733333333333333171e-01,4.664386159095054163e-01,5.335401849459904042e+02,3.264049707858985130e+02,-2.071352141600918344e+02,2.071352141600918344e+02
1.600000000000000033e-01,2.733333333333333171e-01,4.588379240316048380e-01,5.269347986004562472e+02,3.209324726338101073e+02,-2.060023259666460831e+02,2.060023259666460831e+02
1.666666666666666574e-01,2.733333333333333171e-01,4.511894111248179184e-01,5.201722784961826846e+02,3.154255433409235820e+02,-2.047467351552591026e+02,2.047467351552591026e+02
1.733333333333333670e-01,2.733333333333333171e-01,4.435035924908318217e-01,5.132640061665715621e+02,3.098917539244536101e+02,-2.033722522421179235e+02,2.033722522421179235e+02
1.800000000000000211e-01,2.733333333333333171e-01,4.357911926920752244e-01,5.062218904807447188e+02,3.043388260693488405e+02,-2.018830644113959067e+02,2.018830644113959067e+02
1.866666666666666752e-01,2.733333333333333171e-01,4.280630863282300913e-01,4.990583043403628380e+02,2.987745894873803536e+02,-2.002837148529824560e+02,2.002837148529824560e+02
1.933333333333333293e-01,2.733333333333333171e-01,4.203302370200245885e-01,4.917860168681928599e+02,2.932069379854723365e+02,-1.985790788827204665e+02,1.985790788827204665e+02
2.000000000000000389e-01,2.733333333333333171e-01,4.126036353234194820e-01,4.844181218725007056e+02,2.876437847639166421e+02,-1.967743371085839783e+02,1.967743371085839783e+02
2.066666666666666929e-01,2.733333333333333171e-01,4.048942363192934435e-01,4.769679634364451886e+02,2.820930174809459459e+02,-1.948749459554992711e+02,1.948749459554992711e+02
2.133333333333333470e-01,2.733333333333333171e-01,3.972128976304283299e-01,4.694490595295179673e+02,2.765624536249630978e+02,-1.928866059045548695e+02,1.928866059045548695e+02
2.200000000000000011e-01,2.733333333333333171e-01,3.895703186087814407e-01,4.618750245674120833e+02,2.710597967293773536e+02,-1.908152278380347013e+02,1.908152278380347013e+02
2.266666666666666552e-01,2.733333333333333171e-01,3.819769814119884366e-01,4.542594918568381672e+02,2.655925939476863391e+02,-1.886668979091518281e+02,1.886668979091518281e+02
2.333333333333333648e-01,2.733333333333333171e-01,3.744430946495195256e-01,4.466160368526402635e+02,2.601681954787087534e+02,-1.864478413739315670e+02,1.864478413739315670e+02
2.400000000000000189e-01,2.733333333333333171e-01,3.669785402271060759e-01,4.389581021266114931e+02,2.547937162945710554e+02,-1.841643858320404661e+02,1.841643858320404661e+02
2.466666666666666730e-01,2.733333333333333171e-01,3.595928239545457816e-01,4.312989249017674638e+02,2.494760005783276426e+02,-1.818229243234398211e+02,1.818229243234398211e+02
2.533333333333332993e-01,2.733333333333333171e-01,3.522950304086939766e-01,4.236514679440973623e+02,2.442215892253143465e+02,-1.794298787187829873e+02,1.794298787187829873e+02
2.600000000000000089e-01,2.733333333333333171e-01,3.450937824624943362e-01,4.160283545280441331e+02,2.390366907040505851e+02,-1.769916638239935764e+02,1.769916638239935764e+02
2.666666666666667185e-01,2.733333333333333171e-01,3.379972058046024075e-01,4.084418081045647568e+02,2.339271555103684079e+02,-1.745146525941963773e+02,1.745146525941963773e+02
2.733333333333333171e-01,2.733333333333333171e-01,3.310128986848683286e-01,4.009035972042345861e+02,2.288984543841598622e+02,-1.720051428200746955e+02,1.720051428200746955e+02
2.800000000000000266e-01,2.733333333333333171e-01,3.241479070310147037e-01,3.934249860053014345e+02,2.239556603933852728e+02,-1.694693256119161902e+02,1.694693256119161902e+02
2.866666666666667362e-01,2.733333333333333171e-01,3.174087049935018223e-01,3.860166908906754202e+02,2.191034349263759964e+02,-1.669132559642994238e+02,1.669132559642994238e+02
2.933333333333333348e-01,2.733333333333333171e-01,3.108011808908622831e-01,3.786888432113188401e+02,2.143460175724755459e+02,-1.643428256388432942e+02,1.643428256388432942e+02
2.999999999999999889e-01,2.733333333333333171e-01,3.043306284485308710e-01,3.714509583689941792e+02,2.096872198139969328e+02,-1.617637385549972180e+02,1.617637385549972180e+02
-1.000000000000000056e-01,2.800000000000000266e-01,6.589008546577856951e-01,6.226628630115742453e+02,4.652405651443756938e+02,-1.574222978671985800e+02,1.574222978671985800e+02
-9.333333333333333759e-02,2.800000000000000266e-01,6.563171294182821303e-01,6.238398101865018361e+02,4.633802829719330134e+02,-1.604595272145688512e+02,1.604595272145688512e+02
-8.666666666666666963e-02,2.800000000000000266e-01,6.536191298920217552e-01,6.248779371763316703e+02,4.614377233130255718e+02,-1.634402138633061270e+02,1.634402138633061270e+02
-8.000000000000000167e-02,2.800000000000000266e-01,6.508031997803758184e-01,6.257715947005899579e+02,4.594102536326404902e+02,-1.663613410679494393e+02,1.663613410679494393e+02
-7.333333333333333370e-02,2.800000000000000266e-01,6.478657062601369532e-01,6.265150577313968370e+02,4.572952582980685747e+02,-1.692197994333282622e+02,1.692197994333282622e+02
-6.666666666666667962e-02,2.800000000000000266e-01,6.448030567672780045e-01,6.271025419408217658e+02,4.550901506632100677e+02,-1.720123912776116981e+02,1.720123912776116981e+02
-6.000000000000000472e-02,2.800000000000000266e-01,6.416117172196902363e-01,6.275282221722302438e+02,4.527923861889469208e+02,-1.747358359832832377e+02,1.747358359832832377e+02
-5.333333333333333676e-02,2.800000000000000266e-01,6.382882316871443251e-01,6.277862530105769565e+02,4.503994766055138825e+02,-1.773867764050631308e+02,1.773867764050631308e+02
-4.666666666666666879e-02,2.800000000000000266e-01,6.348292435006426260e-01,6.278707915117187213e+02,4.479090051112326591e+02,-1.799617864004860905e+02,1.799617864004860905e+02
-4.000000000000000083e-02,2.800000000000000266e-01,6.312315177749550088e-01,6.277760221327550880e+02,4.453186425887374753e+02,-1.824573795440176980e+02,1.824573795440176980e+02
-3.333333333333333981e-02,2.800000000000000266e-01,6.274919652974368933e-01,6.274961838840131350e+02,4.426261648049244855e+02,-1.848700190790886211e+02,1.848700190790886211e+02
-2.666666666666667185e-02,2.800000000000000266e-01,6.236076677132302848e-01,6.270255996983939895e+02,4.398294705442957024e+02,-1.871961291540982586e+02,1.871961291540982586e+02
-2.000000000000000389e-02,2.800000000000000266e-01,6.195759039117449962e-01,6.263587079853857631e+02,4.369266006072263622e+02,-1.894321073781593441e+02,1.894321073781593441e+02
-1.333333333333333592e-02,2.800000000000000266e-01,6.153941774920735908e-01,6.254900963050805558e+02,4.339157575850629200e+02,-1.915743387200176642e+02,1.915743387200176642e+02
-6.666666666666667962e-03,2.800000000000000266e-01,6.110602451559257187e-01,6.244145370621463371e+02,4.307953263030364042e+02,-1.936192107591100182e+02,1.936192107591100182e+02
0.000000000000000000e+00,2.800000000000000266e-01,6.065721458461441618e-01,6.231270250810969173e+02,4.275638947999937614e+02,-1.955631302811031276e+02,1.955631302811031276e+02
6.666666666666667962e-03,2.800000000000000266e-01,6.019282304172631770e-01,6.216228168826899037e+02,4.242202756911993902e+02,-1.974025411914905703e+02,1.974025411914905703e+02
1.333333333333333592e-02,2.800000000000000266e-01,5.971271915924555307e-01,6.198974714373589450e+02,4.207635277373378813e+02,-1.991339437000211490e+02,1.991339437000211490e+02
2.000000000000000389e-02,2.800000000000000266e-01,5.921680939291833479e-01,6.179468921257968077e+02,4.171929774197819825e+02,-2.007539147060148821e+02,2.007539147060148821e+02
2.666666666666667185e-02,2.800000000000000266e-01,5.870504034846534269e-01,6.157673695899661652e+02,4.135082402997203985e+02,-2.022591292902458804e+02,2.022591292902458804e+02
3.333333333333332593e-02,2.800000000000000266e-01,5.817740168425913350e-01,6.133556251107588650e+02,4.097092419174356337e+02,-2.036463831933231745e+02,2.036463831933231745e+02
4.000000000000000777e-02,2.800000000000000266e-01,5.763392891357911330e-01,6.107088541023297239e+02,4.057962379685395149e+02,-2.049126161337901522e+02,2.049126161337901522e+02
4.666666666666666186e-02,2.800000000000000266e-01,5.707470606753182185e-01,6.078247692689656105e+02,4.017698334769990538e+02,-2.060549357919666704e+02,2.060549357919666704e+02
5.333333333333334370e-02,2.800000000000000266e-01,5.649986817781502690e-01,6.047016429294765203e+02,3.976310006710381799e+02,-2.070706422584384825e+02,2.070706422584384825e+02
5.999999999999999778e-02,2.800000000000000266e-01,5.590960353714592435e-01,6.013383479779307663e+02,3.933810952582205687e+02,-2.079572527197102545e+02,2.079572527197102545e+02
6.666666666666667962e-02,2.800000000000000266e-01,5.530415569446404112e-01,5.977343969194928377e+02,3.890218707909110094e+02,-2.087125261285818567e+02,2.087125261285818567e+02
7.333333333333333370e-02,2.800000000000000266e-01,5.468382514205551992e-01,5.938899783976312392e+02,3.845554908135696905e+02,-2.093344875840616339e+02,2.093344875840616339e+02
8.000000000000001554e-02,2.800000000000000266e-01,5.404897065260920730e-01,5.898059906154404644e+02,3.799845384895562006e+02,-2.098214521258843206e+02,2.098214521258843206e+02
8.666666666666666963e-02,2.800000000000000266e-01,5.340001022597791192e-01,5.854840710505802690e+02,3.753120234178109058e+02,-2.101720476327693063e+02,2.101720476327693063e+02
9.333333333333335147e-02,2.800000000000000266e-01,5.273742160813281732e-01,5.809266218715645209e+02,3.705413853693261785e+02,-2.103852365022384276e+02,2.103852365022384276e+02
1.000000000000000056e-01,2.800000000000000266e-01,5.206174234849205718e-01,5.761368304837508276e+02,3.656764946999127233e+02,-2.104603357838381044e+02,2.104603357838381044e+02
1.066666666666666874e-01,2.800000000000000266e-01,5.137356936648214134e-01,5.711186846670997284e+02,3.607216492294413683e+02,-2.103970354376583600e+02,2.103970354376583600e+02
1.133333333333333415e-01,2.800000000000000266e-01,5.067355800382211672e-01,5.658769818149426101e+02,3.556815674182892053e+02,-2.101954143966534048e+02,2.101954143966534048e+02
1.199999999999999956e-01,2.800000000000000266e-01,4.996242054554859702e-01,5.604173318435596229e+02,3.505613777187198252e+02,-2.098559541248398261e+02,2.098559541248398261e+02
1.266666666666666774e-01,2.800000000000000266e-01,4.924092420013181370e-01,5.547461534159261873e+02,3.453666040317189641e+02,-2.093795493842072233e+02,2.093795493842072233e+02
1.333333333333333315e-01,2.800000000000000266e-01,4.850988853704286674e-01,5.488706632086191348e+02,3.401031472574785539e+02,-2.087675159511406946e+02,2.087675159511406946e+02
1.400000000000000133e-01,2.800000000000000266e-01,4.777018238866411748e-01,5.427988580472634794e+02,3.347772629891515521e+02,-2.080215950581119273e+02,2.080215950581119273e+02
1.466666666666666674e-01,2.800000000000000266e-01,4.702272023230352205e-01,5.365394898412653220e+02,3.293955354633552588e+02,-2.071439543779099779e+02,2.071439543779099779e+02
1.533333333333333492e-01,2.800000000000000266e-01,4.626845807707163361e-01,5.301020333607700650e+02,3.239648479456856762e+02,-2.061371854150843603e+02,2.061371854150843603e+02
1.600000000000000033e-01,2.800000000000000266e-01,4.550838888928157577e-01,5.234966470152357942e+02,3.184923497935972705e+02,-2.050042972216386090e+02,2.050042972216386090e+02
1.666666666666666574e-01,2.800000000000000266e-01,4.474353759860288382e-01,5.167341269109622317e+02,3.129854205007106884e+02,-2.037487064102516285e+02,2.037487064102516285e+02
1.733333333333333670e-01,2.800000000000000266e-01,4.397495573520427969e-01,5.098258545813511660e+02,3.074516310842407165e+02,-2.023742234971104494e+02,2.023742234971104494e+02
1.800000000000000211e-01,2.800000000000000266e-01,4.320371575532861996e-01,5.027837388955243796e+02,3.018987032291359469e+02,-2.008850356663884327e+02,2.008850356663884327e+02
1.866666666666666752e-01,2.800000000000000266e-01,4.243090511894410111e-01,4.956201527551424419e+02,2.963344666471674600e+02,-1.992856861079749820e+02,1.992856861079749820e+02
1.933333333333333293e-01,2.800000000000000266e-01,4.165762018812355083e-01,4.883478652829724638e+02,2.907668151452594998e+02,-1.975810501377129924e+02,1.975810501377129924e+02
2.000000000000000389e-01,2.800000000000000266e-01,4.088496001846304018e-01,4.809799702872803095e+02,2.852036619237038053e+02,-1.957763083635765042e+02,1.957763083635765042e+02
2.066666666666666929e-01,2.800000000000000266e-01,4.011402011805044188e-01,4.735298118512248493e+02,2.796528946407331091e+02,-1.938769172104917971e+02,1.938769172104917971e+02
2.133333333333333470e-01,2.800000000000000266e-01,3.934588624916393051e-01,4.660109079442976281e+02,2.741223307847502042e+02,-1.918885771595473955e+02,1.918885771595473955e+02
2.200000000000000011e-01,2.800000000000000266e-01,3.858162834699924160e-01,4.584368729821916872e+02,2.686196738891644600e+02,-1.898171990930272273e+02,1.898171990930272273e+02
2.266666666666666552e-01,2.800000000000000266e-01,3.782229462731994118e-01,4.508213402716178280e+02,2.631524711074734455e+02,-1.876688691641443540e+02,1.876688691641443540e+02
2.333333333333333648e-01,2.800000000000000266e-01,3.706890595107304454e-01,4.431778852674199243e+02,2.577280726384958598e+02,-1.854498126289240929e+02,1.854498126289240929e+02
2.400000000000000189e-01,2.800000000000000266e-01,3.632245050883170512e-01,4.355199505413911538e+02,2.523535934543581902e+02,-1.831663570870329920e+02,1.831663570870329920e+02
2.466666666666666730e-01,2.800000000000000266e-01,3.558387888157567014e-01,4.278607733165471245e+02,2.470358777381147775e+02,-1.808248955784323471e+02,1.808248955784323471e+02
2.533333333333332993e-01,2.800000000000000266e-01,3.485409952699048963e-01,4.202133163588769662e+02,2.417814663851014529e+02,-1.784318499737755133e+02,1.784318499737755133e+02
2.600000000000000089e-01,2.800000000000000266e-01,3.413397473237052560e-01,4.125902029428237938e+02,2.365965678638377199e+02,-1.759936350789861024e+02,1.759936350789861024e+02
2.666666666666667185e-01,2.800000000000000266e-01,3.342431706658133272e-01,4.050036565193444176e+02,2.314870326701555427e+02,-1.735166238491889033e+02,1.735166238491889033e+02
2.733333333333333171e-01,2.800000000000000266e-01,3.272588635460792483e-01,3.974654456190141900e+02,2.264583315439469970e+02,-1.710071140750672214e+02,1.710071140750672214e+02
2.800000000000000266e-01,2.800000000000000266e-01,3.203938718922256790e-01,3.899868344200810952e+02,2.215155375531724076e+02,-1.684712968669087161e+02,1.684712968669087161e+02
2.866666666666667362e-01,2.800000000000000266e-01,3.136546698547127976e-01,3.825785393054550241e+02,2.166633120861631028e+02,-1.659152272192919497e+02,1.659152272192919497e+02
2.933333333333333348e-01,2.800000000000000266e-01,3.070471457520732583e-01,3.752506916260984440e+02,2.119058947322626523e+02,-1.633447968938358201e+02,1.633447968938358201e+02
2.999999999999999889e-01,2.800000000000000266e-01,3.005765933097418463e-01,3.680128067837737831e+02,2.072470969737840392e+02,-1.607657098099897439e+02,1.607657098099897439e+02
-1.000000000000000056e-01,2.866666666666667362e-01,6.552047535464160521e-01,6.192462608488380056e+02,4.628380994219853619e+02,-1.564081614268527005e+02,1.564081614268527005e+02
-9.333333333333333759e-02,2.866666666666667362e-01,6.526210283069123763e-01,6.204232080237655964e+02,4.609778172495426816e+02,-1.594453907742229717e+02,1.594453907742229717e+02
-8.666666666666666963e-02,2.866666666666667362e-01,6.499230287806520012e-01,6.214613350135954306e+02,4.590352575906352399e+02,-1.624260774229602475e+02,1.624260774229602475e+02
-8.000000000000000167e-02,2.866666666666667362e-01,6.471070986690060645e-01,6.223549925378537182e+02,4.570077879102501583e+02,-1.653472046276035599e+02,1.653472046276035599e+02
-7.333333333333333370e-02,2.866666666666667362e-01,6.441696051487673103e-01,6.230984555686605972e+02,4.548927925756782429e+02,-1.682056629929823828e+02,1.682056629929823828e+02
-6.666666666666667962e-02,2.866666666666667362e-01,6.411069556559082505e-01,6.236859397780855261e+02,4.526876849408197359e+02,-1.709982548372657902e+02,1.709982548372657902e+02
-6.000000000000000472e-02,2.866666666666667362e-01,6.379156161083205934e-01,6.241116200094940041e+02,4.503899204665565890e+02,-1.737216995429373583e+02,1.737216995429373583e+02
-5.333333333333333676e-02,2.866666666666667362e-01,6.345921305757746822e-01,6.243696508478408305e+02,4.479970108831235507e+02,-1.763726399647172514e+02,1.763726399647172514e+02
-4.666666666666666879e-02,2.866666666666667362e-01,6.311331423892729831e-01,6.244541893489824815e+02,4.455065393888423273e+02,-1.789476499601402111e+02,1.789476499601402111e+02
-4.000000000000000083e-02,2.866666666666667362e-01,6.275354166635852549e-01,6.243594199700189620e+02,4.429161768663471435e+02,-1.814432431036718185e+02,1.814432431036718185e+02
-3.333333333333333981e-02,2.866666666666667362e-01,6.237958641860671394e-01,6.240795817212768952e+02,4.402236990825341536e+02,-1.838558826387427416e+02,1.838558826387427416e+02
-2.666666666666667185e-02,2.866666666666667362e-01,6.199115666018605308e-01,6.236089975356577497e+02,4.374270048219053706e+02,-1.861819927137523791e+02,1.861819927137523791e+02
-2.000000000000000389e-02,2.866666666666667362e-01,6.158798028003753533e-01,6.229421058226495234e+02,4.345241348848360303e+02,-1.884179709378134646e+02,1.884179709378134646e+02
-1.333333333333333592e-02,2.866666666666667362e-01,6.116980763807038368e-01,6.220734941423443161e+02,4.315132918626725882e+02,-1.905602022796717847e+02,1.905602022796717847e+02
-6.666666666666667962e-03,2.866666666666667362e-01,6.073641440445559647e-01,6.209979348994102111e+02,4.283928605806460723e+02,-1.926050743187641388e+02,1.926050743187641388e+02
0.000000000000000000e+00,2.866666666666667362e-01,6.028760447347745188e-01,6.197104229183606776e+02,4.251614290776034295e+02,-1.945489938407572481e+02,1.945489938407572481e+02
6.666666666666667962e-03,2.866666666666667362e-01,5.982321293058934231e-01,6.182062147199536639e+02,4.218178099688090583e+02,-1.963884047511446624e+02,1.963884047511446624e+02
1.333333333333333592e-02,2.866666666666667362e-01,5.934310904810857767e-01,6.164808692746228189e+02,4.183610620149475494e+02,-1.981198072596752695e+02,1.981198072596752695e+02
2.000000000000000389e-02,2.866666666666667362e-01,5.884719928178137049e-01,6.145302899630605680e+02,4.147905116973916506e+02,-1.997397782656689742e+02,1.997397782656689742e+02
2.666666666666667185e-02,2.866666666666667362e-01,5.833543023732836730e-01,6.123507674272300392e+02,4.111057745773300667e+02,-2.012449928498999725e+02,2.012449928498999725e+02
3.333333333333332593e-02,2.866666666666667362e-01,5.780779157312215810e-01,6.099390229480226253e+02,4.073067761950453018e+02,-2.026322467529772666e+02,2.026322467529772666e+02
4.000000000000000777e-02,2.866666666666667362e-01,5.726431880244213790e-01,6.072922519395934842e+02,4.033937722461491830e+02,-2.038984796934442443e+02,2.038984796934442443e+02
4.666666666666666186e-02,2.866666666666667362e-01,5.670509595639484646e-01,6.044081671062294845e+02,3.993673677546087220e+02,-2.050407993516207625e+02,2.050407993516207625e+02
5.333333333333334370e-02,2.866666666666667362e-01,5.613025806667806261e-01,6.012850407667403942e+02,3.952285349486478481e+02,-2.060565058180926030e+02,2.060565058180926030e+02
5.999999999999999778e-02,2.866666666666667362e-01,5.553999342600894895e-01,5.979217458151945266e+02,3.909786295358302368e+02,-2.069431162793643466e+02,2.069431162793643466e+02
6.666666666666667962e-02,2.866666666666667362e-01,5.493454558332706572e-01,5.943177947567565980e+02,3.866194050685206776e+02,-2.076983896882359772e+02,2.076983896882359772e+02
7.333333333333333370e-02,2.866666666666667362e-01,5.431421503091854452e-01,5.904733762348951132e+02,3.821530250911793587e+02,-2.083203511437157545e+02,2.083203511437157545e+02
8.000000000000001554e-02,2.866666666666667362e-01,5.367936054147223190e-01,5.863893884527042246e+02,3.775820727671658688e+02,-2.088073156855384127e+02,2.088073156855384127e+02
8.666666666666666963e-02,2.866666666666667362e-01,5.303040011484094762e-01,5.820674688878440293e+02,3.729095576954205740e+02,-2.091579111924233985e+02,2.091579111924233985e+02
9.333333333333335147e-02,2.866666666666667362e-01,5.236781149699584192e-01,5.775100197088283949e+02,3.681389196469358467e+02,-2.093711000618925482e+02,2.093711000618925482e+02
1.000000000000000056e-01,2.866666666666667362e-01,5.169213223735508178e-01,5.727202283210145879e+02,3.632740289775223914e+02,-2.094461993434921965e+02,2.094461993434921965e+02
1.066666666666666874e-01,2.866666666666667362e-01,5.100395925534517705e-01,5.677020825043634886e+02,3.583191835070510365e+02,-2.093828989973124521e+02,2.093828989973124521e+02
1.133333333333333415e-01,2.866666666666667362e-01,5.030394789268515243e-01,5.624603796522063703e+02,3.532791016958988735e+02,-2.091812779563074969e+02,2.091812779563074969e+02
1.199999999999999956e-01,2.866666666666667362e-01,4.959281043441162717e-01,5.570007296808233832e+02,3.481589119963294934e+02,-2.088418176844939467e+02,2.088418176844939467e+02
1.266666666666666774e-01,2.866666666666667362e-01,4.887131408899484386e-01,5.513295512531899476e+02,3.429641383093286322e+02,-2.083654129438613154e+02,2.083654129438613154e+02
1.333333333333333315e-01,2.866666666666667362e-01,4.814027842590589135e-01,5.454540610458830088e+02,3.377006815350882221e+02,-2.077533795107947867e+02,2.077533795107947867e+02
1.400000000000000133e-01,2.866666666666667362e-01,4.740057227752714208e-01,5.393822558845272397e+02,3.323747972667612203e+02,-2.070074586177660194e+02,2.070074586177660194e+02
1.466666666666666674e-01,2.866666666666667362e-01,4.665311012116655220e-01,5.331228876785290822e+02,3.269930697409649270e+02,-2.061298179375640984e+02,2.061298179375640984e+02
1.533333333333333492e-01,2.866666666666667362e-01,4.589884796593466376e-01,5.266854311980338252e+02,3.215623822232953444e+02,-2.051230489747384809e+02,2.051230489747384809e+02
1.600000000000000033e-01,2.866666666666667362e-01,4.513877877814460593e-01,5.200800448524996682e+02,3.160898840712069386e+02,-2.039901607812927296e+02,2.039901607812927296e+02
1.666666666666666574e-01,2.866666666666667362e-01,4.437392748746591398e-01,5.133175247482261057e+02,3.105829547783203566e+02,-2.027345699699057491e+02,2.027345699699057491e+02
1.733333333333333670e-01,2.866666666666667362e-01,4.360534562406730430e-01,5.064092524186149831e+02,3.050491653618503847e+02,-2.013600870567645416e+02,2.013600870567645416e+02
1.800000000000000211e-01,2.866666666666667362e-01,4.283410564419164457e-01,4.993671367327881399e+02,2.994962375067456151e+02,-1.998708992260425248e+02,1.998708992260425248e+02
1.866666666666666752e-01,2.866666666666667362e-01,4.206129500780713126e-01,4.922035505924062591e+02,2.939320009247771281e+02,-1.982715496676290741e+02,1.982715496676290741e+02
1.933333333333333293e-01,2.866666666666667362e-01,4.128801007698658099e-01,4.849312631202362809e+02,2.883643494228691679e+02,-1.965669136973671129e+02,1.965669136973671129e+02
2.000000000000000389e-01,2.866666666666667362e-01,4.051534990732607033e-01,4.775633681245441267e+02,2.828011962013134735e+02,-1.947621719232305963e+02,1.947621719232305963e+02
2.066666666666666929e-01,2.866666666666667362e-01,3.974441000691346648e-01,4.701132096884886096e+02,2.772504289183427773e+02,-1.928627807701458892e+02,1.928627807701458892e+02
2.133333333333333470e-01,2.866666666666667362e-01,3.897627613802695512e-01,4.625943057815613884e+02,2.717198650623598724e+02,-1.908744407192015160e+02,1.908744407192015160e+02
2.200000000000000011e-01,2.866666666666667362e-01,3.821201823586226620e-01,4.550202708194555044e+02,2.662172081667741281e+02,-1.888030626526813194e+02,1.888030626526813194e+02
2.266666666666666552e-01,2.866666666666667362e-01,3.745268451618296579e-01,4.474047381088815882e+02,2.607500053850831137e+02,-1.866547327237984746e+02,1.866547327237984746e+02
2.333333333333333648e-01,2.866666666666667362e-01,3.669929583993607469e-01,4.397612831046836845e+02,2.553256069161055279e+02,-1.844356761885782134e+02,1.844356761885782134e+02
2.400000000000000189e-01,2.866666666666667362e-01,3.595284039769472972e-01,4.321033483786549141e+02,2.499511277319678584e+02,-1.821522206466871125e+02,1.821522206466871125e+02
2.466666666666666730e-01,2.866666666666667362e-01,3.521426877043870030e-01,4.244441711538108848e+02,2.446334120157244456e+02,-1.798107591380864392e+02,1.798107591380864392e+02
2.533333333333332993e-01,2.866666666666667362e-01,3.448448941585351979e-01,4.167967141961407833e+02,2.393790006627111211e+02,-1.774177135334296338e+02,1.774177135334296338e+02
2.600000000000000089e-01,2.866666666666667362e-01,3.376436462123355575e-01,4.091736007800875541e+02,2.341941021414473880e+02,-1.749794986386402229e+02,1.749794986386402229e+02
2.666666666666667185e-01,2.866666666666667362e-01,3.305470695544436288e-01,4.015870543566081778e+02,2.290845669477652109e+02,-1.725024874088430238e+02,1.725024874088430238e+02
2.733333333333333171e-01,2.866666666666667362e-01,3.235627624347095499e-01,3.940488434562780071e+02,2.240558658215566652e+02,-1.699929776347213419e+02,1.699929776347213419e+02
2.800000000000000266e-01,2.866666666666667362e-01,3.166977707808559250e-01,3.865702322573448555e+02,2.191130718307820757e+02,-1.674571604265628366e+02,1.674571604265628366e+02
2.866666666666667362e-01,2.866666666666667362e-01,3.099585687433430436e-01,3.791619371427188412e+02,2.142608463637727709e+02,-1.649010907789460703e+02,1.649010907789460703e+02
2.933333333333333348e-01,2.866666666666667362e-01,3.033510446407035044e-01,3.718340894633622611e+02,2.095034290098723204e+02,-1.623306604534899407e+02,1.623306604534899407e+02
2.999999999999999889e-01,2.866666666666667362e-01,2.968804921983720924e-01,3.645962046210376002e+02,2.048446312513937073e+02,-1.597515733696438645e+02,1.597515733696438645e+02
-1.000000000000000056e-01,2.933333333333333348e-01,6.515683385938004779e-01,6.158542219065452628e+02,4.604744297027853008e+02,-1.553797922037600188e+02,1.553797922037600188e+02
-9.333333333333333759e-02,2.933333333333333348e-01,6.489846133542968021e-01,6.170311690814728536e+02,4.586141475303426205e+02,-1.584170215511302615e+02,1.584170215511302615e+02
-8.666666666666666963e-02,2.933333333333333348e-01,6.462866138280364270e-01,6.180692960713026878e+02,4.566715878714351220e+02,-1.613977081998675658e+02,1.613977081998675658e+02
-8.000000000000000167e-02,2.933333333333333348e-01,6.434706837163904902e-01,6.189629535955609754e+02,4.546441181910500973e+02,-1.643188354045108497e+02,1.643188354045108497e+02
-7.333333333333333370e-02,2.933333333333333348e-01,6.405331901961517360e-01,6.197064166263678544e+02,4.525291228564781250e+02,-1.671772937698896726e+02,1.671772937698896726e+02
-6.666666666666667962e-02,2.933333333333333348e-01,6.374705407032926763e-01,6.202939008357927833e+02,4.503240152216196748e+02,-1.699698856141731085e+02,1.699698856141731085e+02
-6.000000000000000472e-02,2.933333333333333348e-01,6.342792011557050191e-01,6.207195810672012612e+02,4.480262507473564710e+02,-1.726933303198446765e+02,1.726933303198446765e+02
-5.333333333333333676e-02,2.933333333333333348e-01,6.309557156231591080e-01,6.209776119055479739e+02,4.456333411639234328e+02,-1.753442707416245412e+02,1.753442707416245412e+02
-4.666666666666666879e-02,2.933333333333333348e-01,6.274967274366574088e-01,6.210621504066897387e+02,4.431428696696422094e+02,-1.779192807370475293e+02,1.779192807370475293e+02
-4.000000000000000083e-02,2.933333333333333348e-01,6.238990017109696806e-01,6.209673810277261055e+02,4.405525071471470255e+02,-1.804148738805791368e+02,1.804148738805791368e+02
-3.333333333333333981e-02,2.933333333333333348e-01,6.201594492334516762e-01,6.206875427789841524e+02,4.378600293633340925e+02,-1.828275134156500599e+02,1.828275134156500599e+02
-2.666666666666667185e-02,2.933333333333333348e-01,6.162751516492449566e-01,6.202169585933650069e+02,4.350633351027053095e+02,-1.851536234906596974e+02,1.851536234906596974e+02
-2.000000000000000389e-02,2.933333333333333348e-01,6.122433878477597791e-01,6.195500668803567805e+02,4.321604651656359692e+02,-1.873896017147207544e+02,1.873896017147207544e+02
-1.333333333333333592e-02,2.933333333333333348e-01,6.080616614280883736e-01,6.186814552000515732e+02,4.291496221434724703e+02,-1.895318330565790745e+02,1.895318330565790745e+02
-6.666666666666667962e-03,2.933333333333333348e-01,6.037277290919403905e-01,6.176058959571173546e+02,4.260291908614459544e+02,-1.915767050956714286e+02,1.915767050956714286e+02
0.000000000000000000e+00,2.933333333333333348e-01,5.992396297821589446e-01,6.163183839760679348e+02,4.227977593584033684e+02,-1.935206246176645379e+02,1.935206246176645379e+02
6.666666666666667962e-03,2.933333333333333348e-01,5.945957143532779599e-01,6.148141757776609211e+02,4.194541402496089404e+02,-1.953600355280519807e+02,1.953600355280519807e+02
1.333333333333333592e-02,2.933333333333333348e-01,5.897946755284703135e-01,6.130888303323299624e+02,4.159973922957474315e+02,-1.970914380365825593e+02,1.970914380365825593e+02
2.000000000000000389e-02,2.933333333333333348e-01,5.848355778651981307e-01,6.111382510207678251e+02,4.124268419781915327e+02,-1.987114090425762924e+02,1.987114090425762924e+02
2.666666666666667185e-02,2.933333333333333348e-01,5.797178874206682098e-01,6.089587284849371827e+02,4.087421048581300056e+02,-2.002166236268072907e+02,2.002166236268072907e+02
3.333333333333332593e-02,2.933333333333333348e-01,5.744415007786060068e-01,6.065469840057298825e+02,4.049431064758451839e+02,-2.016038775298845849e+02,2.016038775298845849e+02
4.000000000000000777e-02,2.933333333333333348e-01,5.690067730718059158e-01,6.039002129973007413e+02,4.010301025269491220e+02,-2.028701104703515625e+02,2.028701104703515625e+02
4.666666666666666186e-02,2.933333333333333348e-01,5.634145446113330014e-01,6.010161281639366280e+02,3.970036980354086609e+02,-2.040124301285280808e+02,2.040124301285280808e+02
5.333333333333334370e-02,2.933333333333333348e-01,5.576661657141650519e-01,5.978930018244475377e+02,3.928648652294477870e+02,-2.050281365949998928e+02,2.050281365949998928e+02
5.999999999999999778e-02,2.933333333333333348e-01,5.517635193074740263e-01,5.945297068729017838e+02,3.886149598166301757e+02,-2.059147470562716649e+02,2.059147470562716649e+02
6.666666666666667962e-02,2.933333333333333348e-01,5.457090408806551940e-01,5.909257558144638551e+02,3.842557353493206165e+02,-2.066700204651432671e+02,2.066700204651432671e+02
7.333333333333333370e-02,2.933333333333333348e-01,5.395057353565699820e-01,5.870813372926022566e+02,3.797893553719792408e+02,-2.072919819206230443e+02,2.072919819206230443e+02
8.000000000000001554e-02,2.933333333333333348e-01,5.331571904621067448e-01,5.829973495104114818e+02,3.752184030479658077e+02,-2.077789464624457310e+02,2.077789464624457310e+02
8.666666666666666963e-02,2.933333333333333348e-01,5.266675861957939020e-01,5.786754299455512864e+02,3.705458879762204560e+02,-2.081295419693307167e+02,2.081295419693307167e+02
9.333333333333335147e-02,2.933333333333333348e-01,5.200417000173428450e-01,5.741179807665355384e+02,3.657752499277357856e+02,-2.083427308387998380e+02,2.083427308387998380e+02
1.000000000000000056e-01,2.933333333333333348e-01,5.132849074209352436e-01,5.693281893787218451e+02,3.609103592583222735e+02,-2.084178301203995147e+02,2.084178301203995147e+02
1.066666666666666874e-01,2.933333333333333348e-01,5.064031776008361962e-01,5.643100435620707458e+02,3.559555137878509186e+02,-2.083545297742197704e+02,2.083545297742197704e+02
1.133333333333333415e-01,2.933333333333333348e-01,4.994030639742359501e-01,5.590683407099136275e+02,3.509154319766987555e+02,-2.081529087332148151e+02,2.081529087332148151e+02
1.199999999999999956e-01,2.933333333333333348e-01,4.922916893915006975e-01,5.536086907385306404e+02,3.457952422771294323e+02,-2.078134484614012365e+02,2.078134484614012365e+02
1.266666666666666774e-01,2.933333333333333348e-01,4.850767259373328644e-01,5.479375123108972048e+02,3.406004685901285711e+02,-2.073370437207686336e+02,2.073370437207686336e+02
1.333333333333333315e-01,2.933333333333333348e-01,4.777663693064434502e-01,5.420620221035901523e+02,3.353370118158881041e+02,-2.067250102877021050e+02,2.067250102877021050e+02
1.400000000000000133e-01,2.933333333333333348e-01,4.703693078226559576e-01,5.359902169422344969e+02,3.300111275475611592e+02,-2.059790893946733377e+02,2.059790893946733377e+02
1.466666666666666674e-01,2.933333333333333348e-01,4.628946862590499478e-01,5.297308487362363394e+02,3.246294000217648659e+02,-2.051014487144713883e+02,2.051014487144713883e+02
1.533333333333333492e-01,2.933333333333333348e-01,4.553520647067310634e-01,5.232933922557410824e+02,3.191987125040952833e+02,-2.040946797516457707e+02,2.040946797516457707e+02
1.600000000000000033e-01,2.933333333333333348e-01,4.477513728288304851e-01,5.166880059102068117e+02,3.137262143520068776e+02,-2.029617915582000194e+02,2.029617915582000194e+02
1.666666666666666574e-01,2.933333333333333348e-01,4.401028599220435655e-01,5.099254858059333060e+02,3.082192850591202387e+02,-2.017062007468130389e+02,2.017062007468130389e+02
1.733333333333333670e-01,2.933333333333333348e-01,4.324170412880575798e-01,5.030172134763221834e+02,3.026854956426503236e+02,-2.003317178336718598e+02,2.003317178336718598e+02
1.800000000000000211e-01,2.933333333333333348e-01,4.247046414893009825e-01,4.959750977904953970e+02,2.971325677875455540e+02,-1.988425300029498430e+02,1.988425300029498430e+02
1.866666666666666752e-01,2.933333333333333348e-01,4.169765351254557384e-01,4.888115116501134594e+02,2.915683312055770102e+02,-1.972431804445363923e+02,1.972431804445363923e+02
1.933333333333333293e-01,2.933333333333333348e-01,4.092436858172502356e-01,4.815392241779434812e+02,2.860006797036691069e+02,-1.955385444742744028e+02,1.955385444742744028e+02
2.000000000000000389e-01,2.933333333333333348e-01,4.015170841206451291e-01,4.741713291822513270e+02,2.804375264821134124e+02,-1.937338027001379146e+02,1.937338027001379146e+02
2.066666666666666929e-01,2.933333333333333348e-01,3.938076851165192016e-01,4.667211707461958667e+02,2.748867591991427162e+02,-1.918344115470532074e+02,1.918344115470532074e+02
2.133333333333333470e-01,2.933333333333333348e-01,3.861263464276540880e-01,4.592022668392686455e+02,2.693561953431598113e+02,-1.898460714961088058e+02,1.898460714961088058e+02
2.200000000000000011e-01,2.933333333333333348e-01,3.784837674060071988e-01,4.516282318771627047e+02,2.638535384475740102e+02,-1.877746934295886376e+02,1.877746934295886376e+02
2.266666666666666552e-01,2.933333333333333348e-01,3.708904302092141392e-01,4.440126991665888454e+02,2.583863356658830526e+02,-1.856263635007057928e+02,1.856263635007057928e+02
2.333333333333333648e-01,2.933333333333333348e-01,3.633565434467451727e-01,4.363692441623909417e+02,2.529619371969054384e+02,-1.834073069654855033e+02,1.834073069654855033e+02
2.400000000000000189e-01,2.933333333333333348e-01,3.558919890243317785e-01,4.287113094363621713e+02,2.475874580127677689e+02,-1.811238514235944024e+02,1.811238514235944024e+02
2.466666666666666730e-01,2.933333333333333348e-01,3.485062727517714842e-01,4.210521322115181420e+02,2.422697422965243561e+02,-1.787823899149937574e+02,1.787823899149937574e+02
2.533333333333332993e-01,2.933333333333333348e-01,3.412084792059196792e-01,4.134046752538479836e+02,2.370153309435110600e+02,-1.763893443103369236e+02,1.763893443103369236e+02
2.600000000000000089e-01,2.933333333333333348e-01,3.340072312597199833e-01,4.057815618377948113e+02,2.318304324222472985e+02,-1.739511294155475127e+02,1.739511294155475127e+02
2.666666666666667185e-01,2.933333333333333348e-01,3.269106546018281101e-01,3.981950154143154350e+02,2.267208972285651214e+02,-1.714741181857503136e+02,1.714741181857503136e+02
2.733333333333333171e-01,2.933333333333333348e-01,3.199263474820940312e-01,3.906568045139852074e+02,2.216921961023565757e+02,-1.689646084116286602e+02,1.689646084116286602e+02
2.800000000000000266e-01,2.933333333333333348e-01,3.130613558282404063e-01,3.831781933150521127e+02,2.167494021115819862e+02,-1.664287912034701549e+02,1.664287912034701549e+02
2.866666666666667362e-01,2.933333333333333348e-01,3.063221537907275249e-01,3.757698982004260415e+02,2.118971766445727098e+02,-1.638727215558533601e+02,1.638727215558533601e+02
2.933333333333333348e-01,2.933333333333333348e-01,2.997146296880880412e-01,3.684420505210694614e+02,2.071397592906722593e+02,-1.613022912303972305e+02,1.613022912303972305e+02
2.999999999999999889e-01,2.933333333333333348e-01,2.932440772457566291e-01,3.612041656787448005e+02,2.024809615321936462e+02,-1.587232041465511543e+02,1.587232041465511543e+02
-1.000000000000000056e-01,2.999999999999999889e-01,6.479932055534980417e-01,6.124896222031612751e+02,4.581505932265886827e+02,-1.543390289765726209e+02,1.543390289765726209e+02
-9.333333333333333759e-02,2.999999999999999889e-01,6.454094803139944769e-01,6.136665693780888660e+02,4.562903110541460023e+02,-1.573762583239428636e+02,1.573762583239428636e+02
-8.666666666666666963e-02,2.999999999999999889e-01,6.427114807877341018e-01,6.147046963679187002e+02,4.543477513952385607e+02,-1.603569449726801679e+02,1.603569449726801679e+02
-8.000000000000000167e-02,2.999999999999999889e-01,6.398955506760881651e-01,6.155983538921769878e+02,4.523202817148534791e+02,-1.632780721773234518e+02,1.632780721773234518e+02
-7.333333333333333370e-02,2.999999999999999889e-01,6.369580571558492998e-01,6.163418169229838668e+02,4.502052863802815637e+02,-1.661365305427023031e+02,1.661365305427023031e+02
-6.666666666666667962e-02,2.999999999999999889e-01,6.338954076629903511e-01,6.169293011324087956e+02,4.480001787454230566e+02,-1.689291223869857106e+02,1.689291223869857106e+02
-6.000000000000000472e-02,2.999999999999999889e-01,6.307040681154025830e-01,6.173549813638172736e+02,4.457024142711599097e+02,-1.716525670926572786e+02,1.716525670926572786e+02
-5.333333333333333676e-02,2.999999999999999889e-01,6.273805825828566718e-01,6.176130122021641000e+02,4.433095046877268715e+02,-1.743035075144371717e+02,1.743035075144371717e+02
-4.666666666666666879e-02,2.999999999999999889e-01,6.239215943963549726e-01,6.176975507033057511e+02,4.408190331934456481e+02,-1.768785175098601314e+02,1.768785175098601314e+02
-4.000000000000000083e-02,2.999999999999999889e-01,6.203238686706673555e-01,6.176027813243422315e+02,4.382286706709504642e+02,-1.793741106533917389e+02,1.793741106533917389e+02
-3.333333333333333981e-02,2.999999999999999889e-01,6.165843161931492400e-01,6.173229430756001648e+02,4.355361928871374744e+02,-1.817867501884626620e+02,1.817867501884626620e+02
-2.666666666666667185e-02,2.999999999999999889e-01,6.127000186089426315e-01,6.168523588899810193e+02,4.327394986265086914e+02,-1.841128602634722995e+02,1.841128602634722995e+02
-2.000000000000000389e-02,2.999999999999999889e-01,6.086682548074573429e-01,6.161854671769727929e+02,4.298366286894393511e+02,-1.863488384875333850e+02,1.863488384875333850e+02
-1.333333333333333592e-02,2.999999999999999889e-01,6.044865283877859374e-01,6.153168554966675856e+02,4.268257856672759090e+02,-1.884910698293916766e+02,1.884910698293916766e+02
-6.666666666666667962e-03,2.999999999999999889e-01,6.001525960516380653e-01,6.142412962537334806e+02,4.237053543852493931e+02,-1.905359418684840307e+02,1.905359418684840307e+02
0.000000000000000000e+00,2.999999999999999889e-01,5.956644967418565084e-01,6.129537842726839472e+02,4.204739228822067503e+02,-1.924798613904771400e+02,1.924798613904771400e+02
6.666666666666667962e-03,2.999999999999999889e-01,5.910205813129755237e-01,6.114495760742769335e+02,4.171303037734123791e+02,-1.943192723008645828e+02,1.943192723008645828e+02
1.333333333333333592e-02,2.999999999999999889e-01,5.862195424881678774e-01,6.097242306289460885e+02,4.136735558195508702e+02,-1.960506748093951614e+02,1.960506748093951614e+02
2.000000000000000389e-02,2.999999999999999889e-01,5.812604448248956945e-01,6.077736513173838375e+02,4.101030055019949714e+02,-1.976706458153888946e+02,1.976706458153888946e+02
2.666666666666667185e-02,2.999999999999999889e-01,5.761427543803657736e-01,6.055941287815533087e+02,4.064182683819333874e+02,-1.991758603996198929e+02,1.991758603996198929e+02
3.333333333333332593e-02,2.999999999999999889e-01,5.708663677383036816e-01,6.031823843023458949e+02,4.026192699996486226e+02,-2.005631143026971870e+02,2.005631143026971870e+02
4.000000000000000777e-02,2.999999999999999889e-01,5.654316400315034796e-01,6.005356132939167537e+02,3.987062660507525038e+02,-2.018293472431641646e+02,2.018293472431641646e+02
4.666666666666666186e-02,2.999999999999999889e-01,5.598394115710305652e-01,5.976515284605527540e+02,3.946798615592120427e+02,-2.029716669013406829e+02,2.029716669013406829e+02
5.333333333333334370e-02,2.999999999999999889e-01,5.540910326738626157e-01,5.945284021210636638e+02,3.905410287532511688e+02,-2.039873733678124950e+02,2.039873733678124950e+02
5.999999999999999778e-02,2.999999999999999889e-01,5.481883862671715901e-01,5.911651071695177961e+02,3.862911233404335576e+02,-2.048739838290842670e+02,2.048739838290842670e+02
6.666666666666667962e-02,2.999999999999999889e-01,5.421339078403527578e-01,5.875611561110798675e+02,3.819318988731239983e+02,-2.056292572379558692e+02,2.056292572379558692e+02
7.333333333333333370e-02,2.999999999999999889e-01,5.359306023162675459e-01,5.837167375892183827e+02,3.774655188957826795e+02,-2.062512186934356464e+02,2.062512186934356464e+02
8.000000000000001554e-02,2.999999999999999889e-01,5.295820574218044197e-01,5.796327498070274942e+02,3.728945665717691895e+02,-2.067381832352583331e+02,2.067381832352583331e+02
8.666666666666666963e-02,2.999999999999999889e-01,5.230924531554914658e-01,5.753108302421672988e+02,3.682220515000238947e+02,-2.070887787421433188e+02,2.070887787421433188e+02
9.333333333333335147e-02,2.999999999999999889e-01,5.164665669770405199e-01,5.707533810631516644e+02,3.634514134515391675e+02,-2.073019676116124401e+02,2.073019676116124401e+02
1.000000000000000056e-01,2.999999999999999889e-01,5.097097743806329184e-01,5.659635896753378574e+02,3.585865227821257122e+02,-2.073770668932121168e+02,2.073770668932121168e+02
1.066666666666666874e-01,2.999999999999999889e-01,5.028280445605337601e-01,5.609454438586867582e+02,3.536316773116543573e+02,-2.073137665470323725e+02,2.073137665470323725e+02
1.133333333333333415e-01,2.999999999999999889e-01,4.958279309339335694e-01,5.557037410065296399e+02,3.485915955005021942e+02,-2.071121455060274172e+02,2.071121455060274172e+02
1.199999999999999956e-01,2.999999999999999889e-01,4.887165563511983168e-01,5.502440910351466528e+02,3.434714058009328141e+02,-2.067726852342138386e+02,2.067726852342138386e+02
1.266666666666666774e-01,2.999999999999999889e-01,4.815015928970304837e-01,5.445729126075132172e+02,3.382766321139319530e+02,-2.062962804935812358e+02,2.062962804935812358e+02
1.333333333333333315e-01,2.999999999999999889e-01,4.741912362661410141e-01,5.386974224002062783e+02,3.330131753396915428e+02,-2.056842470605147071e+02,2.056842470605147071e+02
1.400000000000000133e-01,2.999999999999999889e-01,4.667941747823535215e-01,5.326256172388505092e+02,3.276872910713645979e+02,-2.049383261674859398e+02,2.049383261674859398e+02
1.466666666666666674e-01,2.999999999999999889e-01,4.593195532187475671e-01,5.263662490328523518e+02,3.223055635455683046e+02,-2.040606854872839904e+02,2.040606854872839904e+02
1.533333333333333492e-01,2.999999999999999889e-01,4.517769316664286827e-01,5.199287925523570948e+02,3.168748760278986651e+02,-2.030539165244583728e+02,2.030539165244583728e+02
1.600000000000000033e-01,2.999999999999999889e-01,4.441762397885281044e-01,5.133234062068229377e+02,3.114023778758102594e+02,-2.019210283310126215e+02,2.019210283310126215e+02
1.666666666666666574e-01,2.999999999999999889e-01,4.365277268817411849e-01,5.065608861025493752e+02,3.058954485829236773e+02,-2.006654375196256410e+02,2.006654375196256410e+02
1.733333333333333670e-01,2.999999999999999889e-01,4.288419082477551436e-01,4.996526137729382526e+02,3.003616591664537623e+02,-1.992909546064844619e+02,1.992909546064844619e+02
1.800000000000000211e-01,2.999999999999999889e-01,4.211295084489985463e-01,4.926104980871114094e+02,2.948087313113489927e+02,-1.978017667757624451e+02,1.978017667757624451e+02
1.866666666666666752e-01,2.999999999999999889e-01,4.134014020851533577e-01,4.854469119467295286e+02,2.892444947293804489e+02,-1.962024172173489944e+02,1.962024172173489944e+02
1.933333333333333293e-01,2.999999999999999889e-01,4.056685527769478550e-01,4.781746244745595504e+02,2.836768432274724887e+02,-1.944977812470870049e+02,1.944977812470870049e+02
2.000000000000000389e-01,2.999999999999999889e-01,3.979419510803427484e-01,4.708067294788673962e+02,2.781136900059167942e+02,-1.926930394729505167e+02,1.926930394729505167e+02
2.066666666666666929e-01,2.999999999999999889e-01,3.902325520762167654e-01,4.633565710428118791e+02,2.725629227229460980e+02,-1.907936483198658095e+02,1.907936483198658095e+02
2.133333333333333470e-01,2.999999999999999889e-01,3.825512133873516518e-01,4.558376671358846579e+02,2.670323588669632500e+02,-1.888053082689214079e+02,1.888053082689214079e+02
2.200000000000000011e-01,2.999999999999999889e-01,3.749086343657047626e-01,4.482636321737787739e+02,2.615297019713774489e+02,-1.867339302024012397e+02,1.867339302024012397e+02
2.266666666666666552e-01,2.999999999999999889e-01,3.673152971689117585e-01,4.406480994632048578e+02,2.560624991896864913e+02,-1.845856002735183949e+02,1.845856002735183949e+02
2.333333333333333648e-01,2.999999999999999889e-01,3.597814104064427920e-01,4.330046444590069541e+02,2.506381007207088487e+02,-1.823665437382981054e+02,1.823665437382981054e+02
2.400000000000000189e-01,2.999999999999999889e-01,3.523168559840293979e-01,4.253467097329781836e+02,2.452636215365711791e+02,-1.800830881964070045e+02,1.800830881964070045e+02
2.466666666666666730e-01,2.999999999999999889e-01,3.449311397114690481e-01,4.176875325081341543e+02,2.399459058203277664e+02,-1.777416266878063595e+02,1.777416266878063595e+02
2.533333333333332993e-01,2.999999999999999889e-01,3.376333461656172430e-01,4.100400755504640529e+02,2.346914944673144987e+02,-1.753485810831495542e+02,1.753485810831495542e+02
2.600000000000000089e-01,2.999999999999999889e-01,3.304320982194176026e-01,4.024169621344108236e+02,2.295065959460507088e+02,-1.729103661883601148e+02,1.729103661883601148e+02
2.666666666666667185e-01,2.999999999999999889e-01,3.233355215615256739e-01,3.948304157109314474e+02,2.243970607523685317e+02,-1.704333549585629157e+02,1.704333549585629157e+02
2.733333333333333171e-01,2.999999999999999889e-01,3.163512144417915950e-01,3.872922048106012767e+02,2.193683596261599860e+02,-1.679238451844412623e+02,1.679238451844412623e+02
2.800000000000000266e-01,2.999999999999999889e-01,3.094862227879380256e-01,3.798135936116681250e+02,2.144255656353853965e+02,-1.653880279762827570e+02,1.653880279762827570e+02
2.866666666666667362e-01,2.999999999999999889e-01,3.027470207504251443e-01,3.724052984970421107e+02,2.095733401683761485e+02,-1.628319583286659622e+02,1.628319583286659622e+02
2.933333333333333348e-01,2.999999999999999889e-01,2.961394966477856050e-01,3.650774508176855306e+02,2.048159228144756696e+02,-1.602615280032098326e+02,1.602615280032098326e+02
2.999999999999999889e-01,2.999999999999999889e-01,2.896689442054541930e-01,3.578395659753608697e+02,2.001571250559970565e+02,-1.576824409193637848e+02,1.576824409193637848e+02
